timestamp,production_kg,ambient_temp_c,humidity_pct,oven_temp_c,oven_energy_kwh,compressor_pressure_bar,compressor_power_kw,compressor_temp_c,cold_room_temp_c,cooling_power_kw,motor_load_pct,motor_power_kw,pump_power_kw,quality_score_pct,total_energy_kwh,shift,anomaly_label
2026-09-01 00:00:00,0.4,31.24,62.32,29.99,0.864,3.994,0.539,31.3,3.976,1.007,4.92,0.238,0.12,91.4,1.314,Idle,normal
2026-09-01 00:15:00,0.0,31.48,58.13,29.59,0.329,3.993,0.592,31.66,3.967,0.915,4.92,0.157,0.12,92.0,0.761,Idle,normal
2026-09-01 00:30:00,0.98,31.13,55.33,30.79,0.1,4.125,0.488,32.57,3.79,0.942,5.56,0.117,0.12,92.12,0.655,Idle,normal
2026-09-01 00:45:00,1.22,31.2,59.92,29.21,0.487,3.983,0.5,31.57,3.854,1.067,2.68,0.197,0.12,91.71,1.034,Idle,normal
2026-09-01 01:00:00,0.0,30.03,54.94,31.08,0.288,4.05,0.583,31.61,3.87,1.049,5.15,0.161,0.12,92.27,0.83,Idle,normal
2026-09-01 01:15:00,0.0,30.02,55.5,31.08,0.297,4.091,0.594,31.77,4.06,1.083,4.4,0.129,0.12,92.31,0.876,Idle,normal
2026-09-01 01:30:00,0.17,29.93,53.89,31.26,0.516,4.034,0.584,32.46,3.972,0.966,4.28,0.111,0.12,92.59,0.94,Idle,normal
2026-09-01 01:45:00,0.0,29.37,57.82,30.38,0.592,3.966,0.481,31.04,3.948,1.101,3.7,0.134,0.12,92.56,1.142,Idle,normal
2026-09-01 02:00:00,0.0,28.68,54.0,29.51,0.362,3.936,0.678,30.29,3.934,1.001,4.64,0.158,0.12,92.35,0.948,Idle,normal
2026-09-01 02:15:00,0.0,28.47,54.23,30.11,0.329,4.037,0.528,30.03,3.92,0.972,4.48,0.186,0.12,92.69,0.761,Idle,normal
2026-09-01 02:30:00,1.14,27.82,56.09,30.38,1.072,4.082,0.559,31.8,4.088,0.89,4.57,0.161,0.12,92.54,1.615,Idle,normal
2026-09-01 02:45:00,1.01,28.56,54.65,29.44,0.77,4.027,0.537,31.49,4.008,0.791,3.36,0.168,0.12,92.17,1.256,Idle,normal
2026-09-01 03:00:00,0.09,27.89,53.2,31.33,0.642,4.062,0.665,31.14,4.095,0.844,5.1,0.137,0.12,92.38,1.167,Idle,normal
2026-09-01 03:15:00,1.47,27.18,55.39,30.58,0.396,4.13,0.621,30.79,3.773,1.022,4.21,0.184,0.12,92.09,1.078,Idle,normal
2026-09-01 03:30:00,0.61,26.94,58.15,29.11,0.1,4.042,0.576,31.35,4.045,0.909,3.36,0.142,0.12,91.85,0.609,Idle,normal
2026-09-01 03:45:00,0.0,26.26,53.65,31.88,0.745,3.945,0.573,31.32,3.941,0.835,4.45,0.224,0.12,92.5,1.171,Idle,normal
2026-09-01 04:00:00,0.48,27.78,53.23,30.1,0.401,4.003,0.609,31.68,3.967,0.958,4.23,0.124,0.12,91.78,0.926,Idle,normal
2026-09-01 04:15:00,0.0,26.84,53.36,28.91,0.148,4.069,0.538,30.29,4.127,1.028,5.04,0.166,0.12,92.21,0.674,Idle,normal
2026-09-01 04:30:00,1.14,25.87,55.7,29.17,0.265,3.988,0.619,29.74,3.949,1.042,4.44,0.238,0.12,91.47,0.743,Idle,normal
2026-09-01 04:45:00,0.0,27.01,51.97,31.49,0.1,4.075,0.573,30.48,4.041,0.997,3.55,0.192,0.12,92.36,0.471,Idle,normal
2026-09-01 05:00:00,0.0,25.72,52.75,31.82,0.72,3.997,0.626,30.06,3.885,0.994,4.11,0.18,0.12,92.09,1.257,Idle,normal
2026-09-01 05:15:00,0.0,24.87,50.4,31.01,0.589,4.017,0.624,29.95,3.987,0.946,3.27,0.162,0.12,92.52,1.19,Idle,normal
2026-09-01 05:30:00,1.59,26.64,51.32,31.32,0.414,3.982,0.57,32.44,3.831,1.063,6.14,0.152,0.12,92.26,1.029,Idle,normal
2026-09-01 05:45:00,0.0,25.24,52.89,31.22,0.335,4.008,0.497,29.21,3.979,0.982,6.3,0.143,0.12,92.29,0.856,Idle,normal
2026-09-01 06:00:00,20.44,25.21,54.09,181.1,11.804,7.099,4.421,33.95,4.023,3.038,64.37,1.94,0.944,95.94,14.74,Shift A,normal
2026-09-01 06:15:00,20.54,25.45,58.05,177.89,10.293,7.05,4.588,34.42,4.096,3.16,62.62,1.814,0.899,95.78,13.147,Shift A,normal
2026-09-01 06:30:00,21.69,26.22,55.93,180.24,11.31,7.009,4.669,34.6,3.907,3.134,62.44,2.214,1.067,95.75,14.29,Shift A,normal
2026-09-01 06:45:00,21.48,25.23,53.41,180.97,11.813,7.046,4.375,33.76,3.932,3.02,68.84,1.88,0.964,95.73,14.614,Shift A,normal
2026-09-01 07:00:00,21.54,24.18,54.18,180.0,11.395,6.989,4.512,34.6,3.916,2.986,71.21,2.228,0.932,95.91,14.225,Shift A,normal
2026-09-01 07:15:00,21.56,25.51,58.82,180.4,11.956,7.04,4.425,35.02,3.961,3.013,69.08,2.138,0.994,95.74,14.722,Shift A,normal
2026-09-01 07:30:00,23.78,24.65,58.77,181.06,12.591,7.073,4.592,33.39,3.886,2.822,67.96,2.116,0.924,96.08,15.351,Shift A,normal
2026-09-01 07:45:00,20.47,26.52,57.06,180.32,11.687,7.034,4.502,34.09,3.774,3.159,61.28,2.186,0.91,95.32,14.563,Shift A,normal
2026-09-01 08:00:00,20.33,25.0,56.61,181.67,12.78,7.029,4.38,34.55,3.88,2.962,66.88,1.859,0.965,95.38,15.616,Shift A,normal
2026-09-01 08:15:00,19.94,23.22,60.27,181.21,11.769,7.139,4.42,32.72,3.972,3.091,61.13,1.895,0.946,96.58,14.466,Shift A,normal
2026-09-01 08:30:00,21.8,25.32,56.57,179.86,11.634,6.84,4.623,33.51,3.97,3.048,67.36,2.132,1.014,95.8,14.485,Shift A,normal
2026-09-01 08:45:00,22.47,26.63,59.89,179.68,11.659,6.92,4.73,33.38,4.046,3.212,65.82,1.998,0.833,95.6,14.642,Shift A,normal
2026-09-01 09:00:00,20.85,26.4,64.22,176.92,11.283,7.003,4.486,34.08,4.074,3.124,59.92,1.873,0.991,95.96,14.098,Shift A,normal
2026-09-01 09:15:00,19.91,26.68,60.65,179.32,11.383,6.927,4.409,32.16,3.946,3.157,70.36,2.023,0.912,96.24,14.217,Shift A,normal
2026-09-01 09:30:00,19.93,24.49,59.27,178.17,11.092,6.96,4.263,34.56,3.823,2.957,62.17,1.854,0.881,96.22,13.776,Shift A,normal
2026-09-01 09:45:00,21.85,26.14,62.23,179.61,11.022,7.129,4.701,34.25,4.029,2.934,66.59,2.415,0.876,95.7,14.133,Shift A,normal
2026-09-01 10:00:00,21.97,24.96,61.06,179.4,11.231,6.985,4.577,34.12,3.983,3.053,67.38,2.104,0.936,95.79,14.168,Shift A,normal
2026-09-01 10:15:00,21.71,25.85,59.8,179.8,12.036,6.817,4.519,31.79,3.962,2.861,66.12,2.12,1.04,95.84,14.916,Shift A,normal
2026-09-01 10:30:00,20.13,24.81,64.58,180.35,10.988,6.958,4.418,32.7,4.105,2.998,67.52,1.948,0.99,96.05,13.818,Shift A,normal
2026-09-01 10:45:00,21.3,25.48,65.99,178.78,11.78,7.006,4.521,34.85,4.031,2.932,64.95,2.075,1.037,96.0,14.679,Shift A,normal
2026-09-01 11:00:00,21.15,25.63,63.71,180.93,12.202,7.004,4.562,33.55,3.999,2.967,68.18,2.168,0.948,95.61,15.237,Shift A,normal
2026-09-01 11:15:00,21.28,27.08,64.14,178.72,11.032,7.056,4.585,32.45,4.009,3.138,68.11,2.059,0.961,95.8,13.912,Shift A,normal
2026-09-01 11:30:00,22.13,27.21,63.52,177.02,10.732,7.047,4.721,34.1,4.078,3.139,63.79,1.993,0.887,95.88,13.656,Shift A,normal
2026-09-01 11:45:00,21.29,27.0,65.68,177.6,11.71,6.986,4.507,34.31,3.923,3.054,67.87,1.872,0.877,96.51,14.515,Shift A,normal
2026-09-01 12:00:00,21.88,25.92,65.38,177.63,11.596,6.881,4.723,34.25,3.9,3.081,64.53,2.056,0.955,95.93,14.597,Shift A,normal
2026-09-01 12:15:00,21.09,26.98,64.98,178.43,11.162,6.956,4.592,33.7,3.969,3.019,63.48,2.077,0.884,97.15,14.167,Shift A,normal
2026-09-01 12:30:00,21.38,26.87,71.26,176.73,10.968,6.938,4.475,34.65,3.874,3.306,68.11,1.962,0.914,95.87,13.811,Shift A,normal
2026-09-01 12:45:00,21.82,28.41,68.87,177.21,10.8,6.971,4.309,33.19,3.993,3.131,66.41,2.182,0.964,95.39,13.708,Shift A,normal
2026-09-01 13:00:00,19.11,28.91,69.51,177.19,10.839,7.069,4.357,34.26,4.009,3.052,66.31,2.036,0.993,96.1,13.688,Shift A,normal
2026-09-01 13:15:00,20.58,29.06,70.53,176.75,10.621,7.04,4.622,34.12,3.993,3.2,67.67,2.016,0.948,96.34,13.431,Shift A,normal
2026-09-01 13:30:00,20.39,27.87,70.68,177.85,10.991,7.082,4.33,33.62,3.959,3.212,62.07,2.047,0.877,96.16,13.91,Shift A,normal
2026-09-01 13:45:00,20.17,26.55,68.66,177.54,11.573,6.962,4.42,33.37,4.155,3.003,68.37,1.888,0.851,96.06,14.463,Shift A,normal
2026-09-01 14:00:00,20.64,27.59,70.34,177.92,11.019,7.151,4.458,33.51,4.088,2.952,67.43,2.016,0.954,95.87,13.904,Shift B,normal
2026-09-01 14:15:00,22.94,30.4,69.53,176.28,10.641,7.067,4.69,34.19,3.996,3.015,66.89,1.993,0.944,95.86,13.476,Shift B,normal
2026-09-01 14:30:00,19.87,29.2,71.19,177.68,10.463,7.011,4.346,33.61,4.01,3.049,65.48,2.071,0.944,95.18,13.182,Shift B,normal
2026-09-01 14:45:00,22.26,29.18,71.21,174.99,10.936,7.06,4.431,34.48,4.138,3.121,70.34,2.023,0.957,96.23,13.846,Shift B,normal
2026-09-01 15:00:00,18.81,31.35,69.93,174.84,10.334,6.932,4.397,33.62,3.951,2.987,63.97,2.019,0.922,95.79,13.054,Shift B,normal
2026-09-01 15:15:00,20.56,31.3,68.17,174.91,10.835,6.789,4.345,35.26,3.913,3.105,72.85,2.02,1.007,96.32,13.6,Shift B,normal
2026-09-01 15:30:00,21.21,30.55,71.22,176.03,10.273,6.939,4.252,33.42,4.029,3.121,71.56,2.066,1.007,95.76,13.127,Shift B,normal
2026-09-01 15:45:00,21.76,30.53,70.57,177.12,11.249,7.075,4.727,34.93,4.048,3.176,67.94,1.978,0.98,95.96,14.248,Shift B,normal
2026-09-01 16:00:00,21.92,30.89,67.22,175.23,10.494,7.008,4.627,34.93,4.056,3.212,67.05,2.105,0.918,96.37,13.408,Shift B,normal
2026-09-01 16:15:00,22.03,31.4,72.0,175.28,10.892,6.986,4.748,34.41,4.092,3.203,67.27,1.984,0.937,96.4,13.818,Shift B,normal
2026-09-01 16:30:00,20.55,32.72,72.85,175.47,10.636,6.915,4.538,34.31,3.942,3.353,64.69,1.898,0.985,96.23,13.545,Shift B,normal
2026-09-01 16:45:00,20.4,31.98,75.88,176.21,11.386,6.804,4.506,33.58,3.871,3.265,66.73,1.976,1.01,95.3,14.227,Shift B,normal
2026-09-01 17:00:00,22.12,32.41,69.91,175.11,10.94,7.142,4.571,33.83,3.955,3.192,69.97,2.165,0.902,95.48,13.842,Shift B,normal
2026-09-01 17:15:00,20.75,32.94,69.44,175.01,11.445,6.979,4.423,34.37,4.074,3.092,62.63,1.889,1.025,96.17,14.148,Shift B,normal
2026-09-01 17:30:00,19.34,31.24,68.1,174.18,10.864,6.957,4.422,34.02,3.917,3.078,67.34,1.776,0.893,95.66,13.69,Shift B,normal
2026-09-01 17:45:00,19.53,32.93,70.49,174.93,11.159,6.933,4.305,35.06,3.822,3.026,68.37,1.848,0.968,95.95,14.143,Shift B,normal
2026-09-01 18:00:00,19.8,32.23,70.2,176.68,10.709,7.125,4.26,33.66,4.027,3.188,67.54,1.977,1.078,96.04,13.564,Shift B,normal
2026-09-01 18:15:00,21.65,30.57,67.86,175.6,10.973,7.088,4.459,33.71,3.95,3.169,67.09,2.202,0.88,96.03,13.971,Shift B,normal
2026-09-01 18:30:00,21.19,30.99,68.79,174.78,11.229,6.903,4.626,32.83,3.835,3.224,68.66,2.054,0.979,95.55,14.154,Shift B,normal
2026-09-01 18:45:00,21.9,31.97,64.81,176.78,11.289,7.116,4.366,34.59,4.019,3.194,71.61,1.991,0.947,96.33,14.031,Shift B,normal
2026-09-01 19:00:00,20.44,33.29,70.22,175.0,10.924,6.985,4.281,34.57,3.979,3.293,66.23,2.074,0.968,95.74,13.983,Shift B,normal
2026-09-01 19:15:00,21.21,33.01,66.39,177.05,10.835,6.939,4.543,35.06,4.184,3.306,67.16,2.172,0.924,96.18,13.729,Shift B,normal
2026-09-01 19:30:00,21.81,33.11,67.41,177.09,10.952,6.971,4.459,35.05,4.025,3.085,74.03,1.984,0.838,95.9,13.844,Shift B,normal
2026-09-01 19:45:00,20.6,34.55,64.15,175.81,11.172,6.922,4.494,35.0,4.081,3.167,67.46,1.946,0.909,96.62,14.043,Shift B,normal
2026-09-01 20:00:00,21.59,31.98,65.34,174.34,11.322,6.868,4.614,34.9,4.01,3.165,64.41,1.981,0.976,96.42,14.326,Shift B,normal
2026-09-01 20:15:00,20.14,32.97,65.42,178.21,10.865,7.078,4.464,34.71,3.956,3.109,68.74,2.048,1.009,96.74,13.742,Shift B,normal
2026-09-01 20:30:00,20.53,33.21,65.42,176.4,10.554,6.978,4.356,34.78,3.968,3.161,67.68,2.058,0.967,96.54,13.321,Shift B,normal
2026-09-01 20:45:00,20.5,32.33,65.85,175.8,10.449,7.062,4.584,32.77,4.121,3.212,64.49,2.144,1.02,95.9,13.36,Shift B,normal
2026-09-01 21:00:00,19.45,32.89,67.21,177.19,11.111,7.029,4.456,33.33,4.09,3.177,62.19,2.074,0.909,95.79,14.178,Shift B,normal
2026-09-01 21:15:00,21.63,31.51,65.22,177.05,10.661,7.055,4.501,33.12,3.861,3.146,68.19,2.193,0.931,95.58,13.604,Shift B,normal
2026-09-01 21:30:00,20.39,33.82,65.1,177.79,11.292,6.795,4.421,35.28,3.894,3.096,66.17,1.967,0.962,96.09,14.302,Shift B,normal
2026-09-01 21:45:00,21.02,32.04,65.48,175.95,11.009,6.913,4.506,33.55,3.893,3.209,63.18,1.879,0.933,95.96,13.836,Shift B,normal
2026-09-01 22:00:00,0.62,34.09,63.14,30.58,0.159,4.008,0.694,31.36,4.126,1.043,4.6,0.131,0.12,92.3,0.776,Idle,normal
2026-09-01 22:15:00,0.58,32.3,61.34,30.66,0.897,3.976,0.618,31.67,3.84,0.924,4.67,0.191,0.12,92.03,1.32,Idle,normal
2026-09-01 22:30:00,0.87,33.0,62.84,28.71,0.1,3.927,0.579,30.7,4.095,0.871,6.84,0.147,0.12,92.39,0.594,Idle,normal
2026-09-01 22:45:00,0.0,31.96,62.39,29.7,0.931,3.986,0.569,31.91,4.052,1.123,4.07,0.21,0.12,92.16,1.677,Idle,normal
2026-09-01 23:00:00,0.0,31.8,60.97,31.86,0.462,4.006,0.602,29.91,4.026,1.175,3.87,0.167,0.12,92.18,0.978,Idle,normal
2026-09-01 23:15:00,0.0,31.17,56.2,29.02,0.1,3.995,0.628,30.64,3.961,1.023,5.77,0.186,0.12,92.33,0.597,Idle,normal
2026-09-01 23:30:00,0.0,31.53,56.87,30.43,0.907,4.03,0.588,31.74,4.129,0.964,4.35,0.077,0.12,92.28,1.473,Idle,normal
2026-09-01 23:45:00,0.0,31.48,57.47,30.11,0.69,3.927,0.526,30.55,4.021,1.105,5.79,0.082,0.12,91.8,1.22,Idle,normal
2026-09-02 00:00:00,0.0,30.37,59.06,31.09,0.2,3.991,0.563,32.52,3.861,1.047,4.8,0.083,0.12,92.05,0.868,Idle,normal
2026-09-02 00:15:00,0.0,30.67,56.96,30.3,0.1,4.1,0.601,31.56,3.886,0.979,5.46,0.133,0.12,92.49,0.601,Idle,normal
2026-09-02 00:30:00,0.52,30.04,58.79,29.57,0.1,4.05,0.637,32.4,3.84,1.097,3.43,0.088,0.12,92.27,0.654,Idle,normal
2026-09-02 00:45:00,0.0,32.13,58.7,30.07,1.195,4.031,0.526,31.88,4.133,0.919,5.46,0.2,0.12,91.62,1.724,Idle,normal
2026-09-02 01:00:00,0.0,29.96,58.03,30.08,0.1,4.02,0.613,31.47,4.146,0.931,5.22,0.142,0.12,92.55,0.528,Idle,normal
2026-09-02 01:15:00,1.69,31.02,57.64,29.91,0.1,3.982,0.611,30.76,4.117,1.036,4.74,0.175,0.12,92.28,0.544,Idle,normal
2026-09-02 01:30:00,0.0,29.37,52.79,28.68,0.444,3.912,0.577,32.15,3.987,1.011,3.77,0.13,0.12,91.9,0.855,Idle,normal
2026-09-02 01:45:00,0.96,29.47,55.48,31.24,0.1,4.023,0.571,31.76,3.859,1.064,5.22,0.183,0.12,92.1,0.382,Idle,normal
2026-09-02 02:00:00,0.0,27.94,52.99,31.07,0.1,3.878,0.563,32.95,3.89,1.119,5.72,0.071,0.12,92.38,0.624,Idle,normal
2026-09-02 02:15:00,0.0,28.38,50.63,28.96,0.698,3.984,0.607,32.01,3.899,0.845,4.47,0.148,0.12,91.5,1.087,Idle,normal
2026-09-02 02:30:00,0.0,28.65,53.11,29.7,0.512,4.0,0.656,31.08,3.994,1.004,4.49,0.17,0.12,92.44,1.019,Idle,normal
2026-09-02 02:45:00,0.0,29.49,56.13,29.77,0.215,3.978,0.66,31.7,4.141,1.19,5.79,0.173,0.12,92.64,0.895,Idle,normal
2026-09-02 03:00:00,1.09,28.14,54.23,28.84,0.356,4.109,0.544,31.62,4.135,0.94,6.71,0.137,0.12,92.58,0.779,Idle,normal
2026-09-02 03:15:00,0.0,28.82,57.21,28.13,0.195,4.091,0.591,32.3,3.95,0.929,5.94,0.082,0.12,92.66,0.743,Idle,normal
2026-09-02 03:30:00,0.56,27.98,53.43,29.33,0.328,4.052,0.49,32.29,3.772,0.776,5.23,0.19,0.12,92.01,0.659,Idle,normal
2026-09-02 03:45:00,0.31,28.53,57.91,29.64,0.1,3.954,0.605,31.23,3.881,1.01,4.76,0.134,0.12,92.65,0.575,Idle,normal
2026-09-02 04:00:00,0.0,26.95,53.36,28.56,0.147,4.096,0.63,30.27,4.111,1.058,4.97,0.138,0.12,92.36,0.835,Idle,normal
2026-09-02 04:15:00,0.0,28.69,53.06,30.18,0.136,4.031,0.679,29.93,4.022,1.058,3.67,0.239,0.12,92.01,0.688,Idle,normal
2026-09-02 04:30:00,0.09,26.18,50.52,31.16,0.1,3.953,0.511,30.19,3.953,0.896,4.85,0.154,0.12,92.49,0.686,Idle,normal
2026-09-02 04:45:00,0.0,25.75,55.39,30.84,0.715,4.002,0.546,30.62,3.944,0.999,6.12,0.129,0.12,92.47,1.415,Idle,normal
2026-09-02 05:00:00,0.3,25.2,52.3,29.87,0.62,4.048,0.607,32.29,3.91,1.022,5.04,0.127,0.12,92.84,1.118,Idle,normal
2026-09-02 05:15:00,0.03,27.86,52.18,28.16,0.1,3.97,0.519,32.46,3.875,1.005,4.37,0.176,0.12,92.67,0.564,Idle,normal
2026-09-02 05:30:00,2.08,26.48,56.25,30.72,0.1,4.007,0.609,31.96,4.197,0.891,4.28,0.117,0.12,92.08,0.424,Idle,normal
2026-09-02 05:45:00,0.0,25.41,56.24,30.15,0.295,4.016,0.631,32.11,4.157,1.008,4.97,0.17,0.12,92.42,0.863,Idle,normal
2026-09-02 06:00:00,19.67,26.54,56.47,181.92,13.101,7.193,4.398,33.1,3.908,2.979,65.83,1.95,0.894,96.02,15.912,Shift A,normal
2026-09-02 06:15:00,21.23,25.96,53.79,180.54,11.519,7.111,4.44,32.43,3.812,2.855,65.48,2.165,0.962,96.02,14.412,Shift A,normal
2026-09-02 06:30:00,21.29,26.88,54.76,181.57,12.264,6.964,4.565,32.99,4.008,3.143,67.17,1.946,0.958,95.8,15.253,Shift A,normal
2026-09-02 06:45:00,22.77,23.97,55.11,179.77,11.761,6.971,4.628,31.98,3.965,3.033,70.12,2.028,0.968,96.57,14.569,Shift A,normal
2026-09-02 07:00:00,22.09,24.92,57.2,181.82,12.468,7.021,4.48,32.69,4.047,3.102,72.8,2.089,0.999,95.69,15.51,Shift A,normal
2026-09-02 07:15:00,21.46,24.71,59.17,180.64,11.778,7.06,4.545,33.21,4.068,2.987,67.26,2.045,0.969,96.52,14.617,Shift A,normal
2026-09-02 07:30:00,22.9,23.46,57.26,180.74,12.506,7.109,4.525,33.63,3.861,3.064,74.05,2.05,0.915,95.43,15.398,Shift A,normal
2026-09-02 07:45:00,19.45,25.86,60.95,180.37,11.823,6.866,4.422,33.73,4.115,3.167,66.73,1.96,0.959,95.81,14.67,Shift A,normal
2026-09-02 08:00:00,20.17,24.78,59.29,179.66,11.77,7.044,4.467,33.01,3.948,3.207,68.22,2.14,0.917,96.23,14.616,Shift A,normal
2026-09-02 08:15:00,19.8,25.6,57.55,180.08,11.791,6.788,4.672,34.22,4.047,3.136,68.98,2.129,0.869,95.58,14.622,Shift A,normal
2026-09-02 08:30:00,20.49,26.92,60.21,179.54,11.776,6.982,4.389,33.15,3.966,3.11,68.6,2.065,0.983,95.7,14.655,Shift A,normal
2026-09-02 08:45:00,19.21,24.79,62.52,180.84,12.381,7.145,4.336,33.49,4.075,2.904,62.88,1.888,0.871,96.12,15.029,Shift A,normal
2026-09-02 09:00:00,21.83,24.8,63.67,179.56,12.05,6.858,4.432,32.66,3.747,3.005,70.89,1.941,0.944,95.36,14.838,Shift A,normal
2026-09-02 09:15:00,20.71,25.31,62.62,178.15,11.922,6.84,4.319,34.38,4.059,2.908,65.52,2.023,0.963,96.38,14.667,Shift A,normal
2026-09-02 09:30:00,19.09,26.09,60.88,177.84,11.331,7.022,4.291,33.57,3.905,2.97,66.08,2.087,0.925,96.51,14.096,Shift A,normal
2026-09-02 09:45:00,19.68,24.96,60.98,177.66,10.687,7.139,4.461,34.12,3.991,3.234,66.11,1.967,0.905,96.52,13.409,Shift A,normal
2026-09-02 10:00:00,21.41,25.03,63.15,179.87,11.946,7.033,4.573,32.68,4.109,2.947,70.7,1.993,0.907,96.07,14.522,Shift A,normal
2026-09-02 10:15:00,22.09,26.52,65.94,177.95,11.432,6.81,4.561,33.91,3.91,2.826,69.06,2.222,0.927,95.85,14.358,Shift A,normal
2026-09-02 10:30:00,23.6,26.13,64.04,179.26,12.312,6.832,4.58,34.21,3.893,3.133,65.08,1.946,0.929,95.84,15.274,Shift A,normal
2026-09-02 10:45:00,24.79,24.36,64.66,178.94,11.312,7.01,4.628,32.0,3.944,2.957,76.58,2.304,0.991,96.08,14.052,Shift A,normal
2026-09-02 11:00:00,21.54,25.19,64.43,178.58,11.475,6.882,4.382,34.48,3.941,3.116,69.89,2.013,0.931,96.03,14.344,Shift A,normal
2026-09-02 11:15:00,19.71,27.56,64.24,178.93,10.977,7.014,4.316,32.69,3.889,2.96,64.09,1.983,0.868,95.84,13.751,Shift A,normal
2026-09-02 11:30:00,18.23,26.89,65.12,178.48,11.154,7.02,4.138,33.69,4.002,3.032,60.99,1.869,0.904,96.54,13.759,Shift A,normal
2026-09-02 11:45:00,21.35,26.17,66.25,175.45,10.747,6.951,4.644,35.22,4.004,3.181,70.06,2.037,0.924,95.85,13.74,Shift A,normal
2026-09-02 12:00:00,19.94,26.86,69.94,177.68,11.114,7.181,4.617,34.59,4.038,2.944,62.89,2.016,0.953,96.49,14.062,Shift A,normal
2026-09-02 12:15:00,20.46,27.24,66.52,178.26,10.618,7.059,4.195,32.39,3.911,3.056,68.82,1.988,0.964,96.03,13.478,Shift A,normal
2026-09-02 12:30:00,20.2,28.06,67.58,179.31,11.646,7.121,4.447,33.67,3.902,3.116,69.39,1.794,1.01,95.98,14.603,Shift A,normal
2026-09-02 12:45:00,20.82,26.63,66.2,179.2,11.459,7.092,4.482,34.71,3.979,2.996,64.79,2.213,0.982,96.15,14.432,Shift A,normal
2026-09-02 13:00:00,22.39,27.29,69.8,175.99,10.99,6.985,4.568,33.18,3.969,3.103,65.93,2.11,0.914,96.13,13.823,Shift A,normal
2026-09-02 13:15:00,21.2,28.44,71.5,176.85,11.604,6.981,4.401,33.53,3.975,3.101,65.67,2.06,0.846,95.92,14.433,Shift A,normal
2026-09-02 13:30:00,20.79,28.4,72.39,175.48,10.642,6.97,4.57,33.61,3.927,3.149,63.75,2.015,0.874,96.13,13.549,Shift A,normal
2026-09-02 13:45:00,19.65,29.2,69.89,178.41,11.198,7.068,4.428,34.35,4.034,3.302,66.38,2.139,0.911,96.23,14.24,Shift A,normal
2026-09-02 14:00:00,18.82,28.02,70.94,177.76,10.902,6.935,4.453,32.59,3.902,3.354,66.06,1.933,0.845,96.57,13.754,Shift B,normal
2026-09-02 14:15:00,20.37,29.55,69.76,176.96,10.935,7.173,4.334,34.36,3.99,3.167,68.51,1.954,0.914,96.0,13.702,Shift B,normal
2026-09-02 14:30:00,20.93,30.4,71.37,176.64,11.651,6.925,4.29,33.4,3.975,3.124,64.34,2.078,0.953,95.69,14.355,Shift B,normal
2026-09-02 14:45:00,23.3,30.17,71.15,177.73,11.264,7.021,4.65,34.11,4.001,3.177,71.49,2.127,0.951,95.76,14.285,Shift B,normal
2026-09-02 15:00:00,21.17,30.15,70.81,177.44,10.81,6.977,4.355,33.74,4.123,3.119,64.09,1.971,0.968,96.81,13.655,Shift B,normal
2026-09-02 15:15:00,22.28,30.21,71.1,177.28,11.73,6.955,4.663,34.61,3.873,2.965,70.57,2.131,0.937,95.32,14.56,Shift B,normal
2026-09-02 15:30:00,20.35,29.86,71.83,176.47,10.698,7.217,4.166,33.76,3.764,3.104,61.86,2.1,0.906,95.55,13.554,Shift B,normal
2026-09-02 15:45:00,19.46,30.71,70.39,175.57,10.104,6.956,4.311,35.09,3.947,3.247,70.22,1.897,1.019,95.95,12.92,Shift B,normal
2026-09-02 16:00:00,19.75,32.01,70.52,176.6,10.509,6.97,4.311,34.83,3.897,3.011,64.21,2.017,0.935,95.75,13.197,Shift B,normal
2026-09-02 16:15:00,20.06,31.13,74.4,176.57,10.355,6.934,4.364,33.37,3.707,3.028,67.85,2.036,0.946,96.25,13.28,Shift B,normal
2026-09-02 16:30:00,23.77,30.72,76.34,175.5,10.399,7.004,4.657,35.26,4.182,3.099,71.43,2.177,1.027,96.19,13.199,Shift B,normal
2026-09-02 16:45:00,19.93,31.24,68.42,175.28,10.57,6.99,4.443,34.32,4.065,3.195,62.13,1.951,0.983,95.74,13.449,Shift B,normal
2026-09-02 17:00:00,22.09,31.99,68.17,176.72,10.956,6.888,4.602,34.37,4.079,3.41,70.39,2.177,0.947,96.49,13.956,Shift B,normal
2026-09-02 17:15:00,19.83,31.71,68.61,177.21,11.27,6.958,4.48,34.81,3.982,3.078,64.19,2.133,0.99,95.59,14.034,Shift B,normal
2026-09-02 17:30:00,22.21,32.56,70.11,174.77,11.11,7.061,4.512,33.38,4.056,3.19,67.07,2.075,0.944,95.66,14.041,Shift B,normal
2026-09-02 17:45:00,21.5,32.74,71.86,175.24,11.034,7.103,4.743,33.28,3.973,3.178,65.34,2.023,1.009,96.48,13.942,Shift B,normal
2026-09-02 18:00:00,20.8,33.18,70.98,175.85,10.48,7.002,4.614,34.35,4.098,3.165,71.56,2.057,0.888,95.49,13.521,Shift B,normal
2026-09-02 18:15:00,20.95,33.73,69.83,175.99,11.125,7.006,4.419,33.77,4.038,3.195,63.34,2.182,0.936,96.07,14.113,Shift B,normal
2026-09-02 18:30:00,20.15,33.49,70.2,175.0,11.2,6.964,4.393,35.87,4.014,3.148,67.42,2.039,0.953,96.47,14.075,Shift B,normal
2026-09-02 18:45:00,21.58,32.04,67.38,177.43,11.179,6.95,4.455,33.53,4.016,3.442,65.55,2.022,0.977,95.08,13.929,Shift B,normal
2026-09-02 19:00:00,20.41,32.14,67.88,176.01,10.918,6.908,4.468,34.19,4.159,3.256,69.64,2.016,0.903,95.83,13.759,Shift B,normal
2026-09-02 19:15:00,19.41,32.86,67.89,176.16,10.254,6.844,4.248,34.22,4.032,3.138,72.43,2.173,0.85,96.29,13.031,Shift B,normal
2026-09-02 19:30:00,19.34,32.6,64.31,177.45,11.223,6.93,4.266,35.05,3.911,3.288,63.51,2.159,0.955,95.89,14.212,Shift B,normal
2026-09-02 19:45:00,21.22,32.08,64.68,175.31,11.431,7.09,4.213,33.19,4.046,3.197,67.52,2.029,0.944,95.95,14.266,Shift B,normal
2026-09-02 20:00:00,23.05,32.65,64.26,175.75,11.092,6.958,4.535,32.95,4.063,3.189,67.59,2.224,0.957,96.01,14.069,Shift B,normal
2026-09-02 20:15:00,21.21,32.61,67.51,174.67,10.599,6.965,4.6,35.39,4.0,3.159,70.2,1.958,1.037,96.03,13.593,Shift B,normal
2026-09-02 20:30:00,20.85,32.43,65.93,175.84,10.74,6.963,4.432,34.22,4.009,3.149,66.02,2.043,0.935,95.66,13.736,Shift B,normal
2026-09-02 20:45:00,21.37,32.67,66.12,174.63,10.674,7.124,4.471,34.85,3.908,3.049,69.95,2.193,0.931,96.18,13.677,Shift B,normal
2026-09-02 21:00:00,22.7,33.81,60.65,176.98,10.94,6.907,4.595,35.06,4.029,3.033,67.23,2.099,0.882,96.06,13.861,Shift B,normal
2026-09-02 21:15:00,21.29,32.95,60.79,176.77,11.146,7.028,4.357,34.97,3.894,3.212,73.89,2.254,0.901,95.57,14.03,Shift B,normal
2026-09-02 21:30:00,20.47,34.67,64.5,176.2,10.888,6.993,4.431,34.03,3.998,3.195,59.84,2.022,0.989,95.79,13.807,Shift B,normal
2026-09-02 21:45:00,22.44,32.72,57.03,176.51,11.338,7.007,4.653,33.8,3.948,3.263,69.32,2.041,0.933,95.47,14.283,Shift B,normal
2026-09-02 22:00:00,0.56,32.23,64.45,30.52,0.48,3.901,0.573,30.03,4.111,0.911,5.05,0.115,0.12,92.39,1.035,Idle,normal
2026-09-02 22:15:00,2.0,32.33,57.76,28.42,0.1,3.977,0.541,30.82,4.168,0.89,6.11,0.147,0.12,92.43,0.542,Idle,normal
2026-09-02 22:30:00,0.24,32.38,62.51,29.17,0.175,3.983,0.581,31.7,3.899,1.078,5.51,0.104,0.12,92.35,0.78,Idle,normal
2026-09-02 22:45:00,0.0,32.36,58.47,29.34,0.153,4.043,0.573,31.08,4.013,0.97,6.01,0.149,0.12,92.48,0.672,Idle,normal
2026-09-02 23:00:00,0.0,33.49,61.77,30.56,0.285,4.014,0.663,30.88,3.987,1.086,5.92,0.163,0.12,92.36,0.886,Idle,normal
2026-09-02 23:15:00,2.15,30.96,65.52,29.63,0.978,4.072,0.532,31.54,4.054,1.003,5.04,0.128,0.12,92.56,1.391,Idle,normal
2026-09-02 23:30:00,2.24,32.12,54.01,29.91,1.034,4.026,0.572,32.7,4.022,1.188,4.4,0.12,0.12,92.25,1.575,Idle,normal
2026-09-02 23:45:00,0.0,31.39,59.41,28.54,0.643,3.972,0.61,31.54,3.971,1.076,4.13,0.13,0.12,92.51,1.225,Idle,normal
2026-09-03 00:00:00,0.0,29.74,53.88,32.33,0.392,3.997,0.663,30.58,4.012,1.041,3.41,0.183,0.12,91.91,0.941,Idle,normal
2026-09-03 00:15:00,1.9,31.39,57.85,30.07,0.1,3.983,0.636,32.62,3.988,1.08,6.19,0.158,0.12,91.81,0.473,Idle,normal
2026-09-03 00:30:00,0.0,31.54,56.11,30.5,0.427,4.024,0.681,31.03,4.169,0.973,4.67,0.086,0.12,92.34,0.856,Idle,normal
2026-09-03 00:45:00,0.0,29.6,56.33,29.46,0.1,4.003,0.617,32.63,3.923,0.836,3.3,0.179,0.12,92.53,0.628,Idle,normal
2026-09-03 01:00:00,0.84,30.03,53.81,29.35,0.921,3.969,0.59,31.26,4.03,1.036,6.23,0.172,0.12,92.19,1.583,Idle,normal
2026-09-03 01:15:00,0.0,28.4,56.79,31.91,0.1,4.0,0.643,31.45,4.049,1.194,5.09,0.157,0.12,92.57,0.672,Idle,normal
2026-09-03 01:30:00,0.0,28.52,51.96,28.08,0.485,4.023,0.532,32.56,4.042,0.771,5.97,0.216,0.12,92.36,0.918,Idle,normal
2026-09-03 01:45:00,0.0,30.1,57.0,30.28,0.1,3.95,0.515,30.34,3.975,1.047,4.74,0.151,0.12,91.59,0.705,Idle,normal
2026-09-03 02:00:00,0.44,28.63,53.39,28.79,0.347,4.016,0.649,30.55,4.135,0.846,4.21,0.167,0.12,93.08,0.856,Idle,normal
2026-09-03 02:15:00,1.83,27.85,51.12,29.59,0.583,3.921,0.611,31.04,3.787,0.998,5.45,0.169,0.12,91.85,1.179,Idle,normal
2026-09-03 02:30:00,0.12,28.66,56.87,29.36,0.708,4.055,0.648,31.28,3.889,1.008,5.53,0.185,0.12,91.95,1.237,Idle,normal
2026-09-03 02:45:00,0.84,27.8,53.34,29.01,0.329,4.026,0.557,33.38,4.062,1.075,4.72,0.141,0.12,92.68,0.832,Idle,normal
2026-09-03 03:00:00,0.0,27.59,57.12,30.04,0.616,4.081,0.664,30.61,3.906,1.021,6.31,0.124,0.12,92.31,1.227,Idle,normal
2026-09-03 03:15:00,0.0,28.31,55.62,27.43,0.118,3.944,0.634,30.31,3.903,1.137,5.95,0.189,0.12,91.97,0.754,Idle,normal
2026-09-03 03:30:00,0.0,26.54,51.48,29.68,0.436,4.057,0.598,30.44,3.943,1.117,5.56,0.187,0.12,92.13,0.978,Idle,normal
2026-09-03 03:45:00,0.0,26.51,52.85,29.91,0.701,4.047,0.61,31.38,3.911,0.98,3.89,0.201,0.12,91.99,1.151,Idle,normal
2026-09-03 04:00:00,0.0,27.12,53.24,28.64,0.466,3.991,0.617,31.64,4.056,1.109,3.75,0.167,0.12,91.99,0.899,Idle,normal
2026-09-03 04:15:00,0.0,27.55,56.07,31.51,0.165,3.981,0.557,30.68,4.085,0.969,6.2,0.084,0.12,92.61,0.537,Idle,normal
2026-09-03 04:30:00,1.19,27.56,53.95,29.41,0.252,3.946,0.581,31.28,4.003,0.952,2.81,0.157,0.12,92.11,0.716,Idle,normal
2026-09-03 04:45:00,0.0,25.83,53.53,29.76,0.705,3.933,0.617,32.7,4.093,0.88,4.91,0.151,0.12,91.92,1.235,Idle,normal
2026-09-03 05:00:00,0.04,26.92,52.91,29.41,0.1,3.962,0.579,31.24,3.853,1.131,5.15,0.199,0.12,92.02,0.537,Idle,normal
2026-09-03 05:15:00,0.0,25.37,53.38,29.92,0.1,3.937,0.527,31.31,3.993,0.97,4.51,0.192,0.12,92.24,0.487,Idle,normal
2026-09-03 05:30:00,0.0,27.29,56.29,31.31,0.561,4.08,0.615,32.77,4.128,0.758,4.96,0.175,0.12,92.07,1.07,Idle,normal
2026-09-03 05:45:00,1.3,24.77,53.94,32.47,0.196,3.925,0.642,30.52,4.081,1.054,5.42,0.067,0.12,92.25,0.855,Idle,normal
2026-09-03 06:00:00,21.7,26.6,53.42,179.35,10.999,7.05,4.633,33.21,4.134,3.036,64.93,1.915,0.962,96.09,13.948,Shift A,normal
2026-09-03 06:15:00,22.74,24.89,53.39,181.44,12.856,6.995,4.545,33.25,3.925,3.002,65.95,2.09,0.94,95.75,15.578,Shift A,normal
2026-09-03 06:30:00,20.8,26.92,53.75,180.05,11.275,6.989,4.382,33.26,4.083,3.058,65.61,1.933,0.968,95.65,14.116,Shift A,normal
2026-09-03 06:45:00,20.1,25.69,52.43,179.27,11.277,7.241,4.209,32.01,3.944,3.014,64.45,2.16,0.951,95.72,14.162,Shift A,normal
2026-09-03 07:00:00,20.71,24.32,54.14,181.94,12.231,6.947,4.41,33.6,4.041,3.304,65.73,2.061,0.928,96.39,15.092,Shift A,normal
2026-09-03 07:15:00,21.32,24.66,59.06,180.83,11.897,7.164,4.541,33.78,4.114,3.209,68.76,2.023,0.975,96.69,14.79,Shift A,normal
2026-09-03 07:30:00,21.23,25.66,56.11,179.93,11.345,7.145,4.565,33.55,3.907,3.114,72.78,2.118,0.98,95.97,14.291,Shift A,normal
2026-09-03 07:45:00,19.59,25.85,58.41,179.1,11.502,7.05,4.208,33.68,3.802,3.064,63.86,2.026,0.969,96.23,14.333,Shift A,normal
2026-09-03 08:00:00,21.12,24.94,52.54,182.21,12.654,6.807,4.608,33.88,4.169,3.165,64.04,1.969,0.909,95.57,15.573,Shift A,normal
2026-09-03 08:15:00,21.3,25.04,59.16,180.05,12.049,7.003,4.361,32.47,4.033,3.068,67.2,1.942,0.977,95.74,14.918,Shift A,normal
2026-09-03 08:30:00,24.27,25.64,58.23,181.38,12.275,6.949,4.642,33.98,3.976,3.131,67.29,2.069,1.05,96.07,15.24,Shift A,normal
2026-09-03 08:45:00,23.44,25.18,58.14,180.77,12.906,7.002,4.538,34.09,3.969,3.097,64.19,2.286,0.996,95.1,15.81,Shift A,normal
2026-09-03 09:00:00,19.89,24.1,60.03,179.25,10.655,6.894,4.444,32.22,3.771,3.018,69.09,2.023,1.049,96.24,13.478,Shift A,normal
2026-09-03 09:15:00,20.63,24.56,59.25,179.14,10.797,7.076,4.449,34.71,4.003,3.126,66.81,2.038,0.938,95.77,13.598,Shift A,normal
2026-09-03 09:30:00,19.1,25.49,56.58,180.97,12.484,7.098,4.427,32.61,3.933,3.001,65.72,2.085,0.843,95.55,15.261,Shift A,normal
2026-09-03 09:45:00,20.23,26.38,63.26,180.85,12.084,7.117,4.635,32.89,3.995,3.07,60.43,1.754,0.9,96.06,14.944,Shift A,normal
2026-09-03 10:00:00,21.41,26.83,62.49,177.37,11.136,6.962,4.532,33.93,3.994,2.975,65.51,2.042,0.923,96.49,13.918,Shift A,normal
2026-09-03 10:15:00,22.57,26.3,61.96,179.66,11.828,6.894,4.485,34.13,3.651,2.949,64.06,2.081,0.999,95.85,14.767,Shift A,normal
2026-09-03 10:30:00,20.05,26.06,61.24,178.84,11.419,7.035,4.458,34.28,4.037,2.809,65.99,2.088,0.982,96.08,14.15,Shift A,normal
2026-09-03 10:45:00,20.15,26.59,60.82,177.77,11.086,7.176,4.642,34.27,4.009,3.115,66.54,1.858,0.949,96.15,13.968,Shift A,normal
2026-09-03 11:00:00,18.21,25.64,64.78,178.91,10.744,7.007,4.371,33.16,4.019,3.126,64.79,2.059,0.933,96.06,13.659,Shift A,normal
2026-09-03 11:15:00,20.79,26.24,68.12,177.14,11.213,7.045,4.561,33.83,3.971,3.169,64.71,2.195,1.045,95.63,14.217,Shift A,normal
2026-09-03 11:30:00,19.62,25.91,65.85,177.86,11.185,6.977,4.186,33.22,3.993,2.945,63.1,1.789,0.894,96.07,13.716,Shift A,normal
2026-09-03 11:45:00,20.31,25.78,63.22,177.37,11.422,6.95,4.465,33.78,4.004,3.098,65.7,1.984,0.94,96.05,14.28,Shift A,normal
2026-09-03 12:00:00,19.86,27.27,66.95,177.5,11.524,7.066,4.359,33.75,4.02,3.082,66.95,2.12,0.916,95.03,14.31,Shift A,normal
2026-09-03 12:15:00,20.88,27.38,66.89,177.77,11.158,6.989,4.371,33.31,4.041,3.16,65.05,2.1,0.892,96.29,13.908,Shift A,normal
2026-09-03 12:30:00,18.71,28.02,69.21,176.66,10.257,7.04,4.32,33.45,4.024,3.031,62.03,1.747,0.823,95.44,12.981,Shift A,normal
2026-09-03 12:45:00,19.09,28.15,69.15,179.09,11.827,7.051,4.359,32.28,4.182,3.078,62.5,2.033,0.994,96.02,14.568,Shift A,normal
2026-09-03 13:00:00,23.77,28.16,62.39,177.85,10.947,7.035,4.551,34.56,3.924,2.935,67.42,2.102,0.947,96.53,13.826,Shift A,normal
2026-09-03 13:15:00,19.33,28.66,69.86,178.99,11.319,7.056,4.382,34.06,3.961,3.031,64.04,1.95,0.919,95.89,14.231,Shift A,normal
2026-09-03 13:30:00,19.57,28.44,67.13,176.88,10.698,6.915,4.354,31.94,4.167,3.116,62.32,2.212,0.956,95.61,13.607,Shift A,normal
2026-09-03 13:45:00,23.39,29.07,66.64,176.35,10.901,6.909,4.688,34.69,3.985,3.129,67.71,2.063,0.921,96.15,13.807,Shift A,normal
2026-09-03 14:00:00,24.78,28.42,69.42,178.51,11.804,6.996,4.714,33.98,4.091,2.94,74.01,2.151,0.956,96.48,14.707,Shift B,normal
2026-09-03 14:15:00,19.48,29.56,70.89,176.03,10.778,6.998,4.414,33.16,4.016,3.072,64.65,1.94,0.933,95.56,13.666,Shift B,normal
2026-09-03 14:30:00,20.52,30.06,67.03,176.3,10.983,6.948,4.549,33.22,3.981,3.146,62.75,2.112,0.924,95.13,13.866,Shift B,normal
2026-09-03 14:45:00,21.44,29.24,71.93,177.07,10.687,7.024,4.553,33.43,4.1,3.265,60.52,2.083,0.894,96.39,13.574,Shift B,normal
2026-09-03 15:00:00,23.25,30.08,72.22,174.99,10.915,7.091,4.594,33.33,4.056,3.051,74.43,2.208,1.009,96.22,13.781,Shift B,normal
2026-09-03 15:15:00,19.72,29.79,70.92,176.83,10.524,7.119,4.133,33.11,3.85,3.163,69.16,1.859,0.913,96.11,13.195,Shift B,normal
2026-09-03 15:30:00,20.68,30.11,69.19,176.6,10.778,7.141,4.503,35.38,4.022,3.078,67.47,2.093,0.955,95.34,13.731,Shift B,normal
2026-09-03 15:45:00,22.01,29.87,69.02,177.19,10.997,6.869,4.411,34.23,3.904,3.075,71.3,2.077,0.967,96.19,13.816,Shift B,normal
2026-09-03 16:00:00,21.57,32.01,73.05,176.72,11.583,6.884,4.484,35.78,4.139,3.09,68.99,1.872,1.007,96.33,14.465,Shift B,normal
2026-09-03 16:15:00,20.51,32.07,67.96,177.06,10.801,6.971,4.475,34.34,4.188,3.078,66.23,1.917,0.964,96.73,13.685,Shift B,normal
2026-09-03 16:30:00,20.83,31.86,73.05,175.58,10.038,7.008,4.61,34.69,4.199,3.132,63.02,2.219,0.907,95.84,12.903,Shift B,normal
2026-09-03 16:45:00,19.21,33.22,70.5,174.77,11.123,6.976,4.574,33.61,4.053,3.297,71.02,1.944,0.989,95.97,13.985,Shift B,normal
2026-09-03 17:00:00,20.69,31.68,70.5,177.7,11.17,6.945,4.331,33.89,3.965,3.082,65.31,2.279,0.925,95.24,14.095,Shift B,normal
2026-09-03 17:15:00,20.65,34.43,67.11,174.02,10.743,6.97,4.281,34.15,4.054,3.123,65.44,2.004,0.907,96.24,13.558,Shift B,normal
2026-09-03 17:30:00,21.3,31.99,70.02,174.09,10.686,7.048,4.517,34.67,3.918,3.18,67.28,2.145,0.908,96.23,13.584,Shift B,normal
2026-09-03 17:45:00,20.28,32.53,71.3,176.07,10.432,6.867,4.446,34.13,4.249,3.196,66.41,2.133,0.826,96.09,13.344,Shift B,normal
2026-09-03 18:00:00,21.61,32.15,67.12,177.12,11.673,7.234,4.353,34.36,4.132,3.172,69.18,2.1,0.929,96.39,14.618,Shift B,normal
2026-09-03 18:15:00,22.32,32.89,70.48,175.69,10.932,7.002,4.537,34.51,4.046,3.211,69.46,2.069,0.988,95.67,13.855,Shift B,normal
2026-09-03 18:30:00,21.2,33.36,69.32,176.52,10.275,7.105,4.544,34.06,4.117,3.099,65.35,1.959,0.886,95.89,13.076,Shift B,normal
2026-09-03 18:45:00,21.46,32.7,67.48,173.55,11.012,6.942,4.34,33.79,3.966,3.086,67.39,2.116,1.043,95.83,13.892,Shift B,normal
2026-09-03 19:00:00,21.07,34.29,70.07,175.09,11.213,7.057,4.345,33.71,3.91,3.299,68.59,2.116,0.841,96.31,14.024,Shift B,normal
2026-09-03 19:15:00,21.0,33.11,63.53,173.76,10.894,7.01,4.383,35.04,3.795,3.155,64.91,1.968,0.913,96.29,13.735,Shift B,normal
2026-09-03 19:30:00,20.06,33.18,68.17,176.47,10.465,7.086,4.378,33.94,4.025,3.249,70.4,1.786,0.866,96.07,13.261,Shift B,normal
2026-09-03 19:45:00,21.41,32.26,70.24,174.21,10.495,6.98,4.568,34.49,3.992,3.293,67.21,1.957,1.003,96.0,13.36,Shift B,normal
2026-09-03 20:00:00,20.87,33.33,69.38,174.56,10.46,7.155,4.413,34.09,4.069,3.28,71.58,2.191,0.983,96.11,13.37,Shift B,normal
2026-09-03 20:15:00,23.72,32.88,66.76,176.44,11.621,6.851,4.63,35.17,4.017,3.046,65.17,2.075,0.971,95.84,14.501,Shift B,normal
2026-09-03 20:30:00,23.05,32.48,64.84,177.08,11.085,7.095,4.852,32.84,4.061,3.168,70.7,2.249,0.905,96.45,14.162,Shift B,normal
2026-09-03 20:45:00,21.5,32.3,63.62,175.96,10.272,7.012,4.375,34.35,4.094,3.283,64.68,2.052,0.898,95.79,13.08,Shift B,normal
2026-09-03 21:00:00,20.01,35.0,63.72,176.8,10.949,6.898,4.322,33.29,3.878,3.263,64.1,1.9,0.953,96.12,13.719,Shift B,normal
2026-09-03 21:15:00,19.55,32.58,64.84,176.89,10.836,7.195,4.455,34.49,4.101,3.203,68.31,2.119,0.901,95.76,13.701,Shift B,normal
2026-09-03 21:30:00,22.55,31.53,61.56,176.26,10.815,7.185,4.671,34.12,3.969,2.991,67.61,2.063,0.942,96.29,13.753,Shift B,normal
2026-09-03 21:45:00,21.34,32.03,64.1,175.52,10.466,6.793,4.53,33.0,4.064,3.11,75.0,2.011,0.952,95.9,13.4,Shift B,normal
2026-09-03 22:00:00,0.62,32.42,66.27,29.98,0.1,4.062,0.636,31.96,4.116,1.007,5.27,0.141,0.12,93.02,0.659,Idle,normal
2026-09-03 22:15:00,0.0,32.76,61.29,28.92,0.73,3.931,0.604,31.87,4.118,0.857,5.76,0.18,0.12,92.23,1.29,Idle,normal
2026-09-03 22:30:00,1.21,32.62,58.14,29.35,0.437,3.989,0.587,31.49,4.027,1.079,4.28,0.072,0.12,92.61,1.057,Idle,normal
2026-09-03 22:45:00,0.59,32.55,57.55,29.7,0.518,3.999,0.519,31.54,4.032,0.988,5.33,0.152,0.12,92.07,1.038,Idle,normal
2026-09-03 23:00:00,0.0,31.31,61.22,30.25,0.436,4.031,0.653,31.74,4.098,0.802,4.73,0.177,0.12,92.2,0.872,Idle,normal
2026-09-03 23:15:00,0.0,31.91,58.99,30.01,0.465,3.989,0.626,32.58,3.862,0.943,4.33,0.143,0.12,92.29,0.979,Idle,normal
2026-09-03 23:30:00,0.34,30.73,60.31,30.21,0.186,3.995,0.599,31.28,3.912,0.971,5.34,0.093,0.12,92.43,0.586,Idle,normal
2026-09-03 23:45:00,0.07,30.73,56.95,28.48,0.278,3.977,0.49,32.27,3.979,0.987,5.15,0.124,0.12,92.0,0.802,Idle,normal
2026-09-04 00:00:00,0.0,30.27,59.16,30.67,0.758,4.052,0.575,31.45,3.872,1.142,6.05,0.132,0.12,92.12,1.273,Idle,normal
2026-09-04 00:15:00,0.0,29.82,56.68,30.0,0.845,3.928,0.622,32.51,3.976,1.058,5.03,0.087,0.12,92.33,1.388,Idle,normal
2026-09-04 00:30:00,0.0,31.38,55.06,32.55,0.1,3.979,0.599,31.39,3.977,0.863,5.6,0.165,0.12,92.5,0.592,Idle,normal
2026-09-04 00:45:00,0.2,30.84,55.26,29.61,0.277,3.908,0.61,31.01,4.016,0.851,3.79,0.15,0.12,92.28,0.742,Idle,normal
2026-09-04 01:00:00,1.91,30.82,53.24,30.32,0.644,3.949,0.634,30.68,4.002,0.973,6.39,0.124,0.12,92.25,1.187,Idle,normal
2026-09-04 01:15:00,0.0,29.81,59.21,32.83,1.009,4.016,0.608,31.43,4.11,1.013,4.22,0.189,0.12,91.91,1.544,Idle,normal
2026-09-04 01:30:00,0.0,30.14,54.67,30.19,0.974,4.017,0.632,30.87,4.062,1.099,5.9,0.129,0.12,92.48,1.481,Idle,normal
2026-09-04 01:45:00,0.23,27.85,55.81,29.93,0.1,3.984,0.558,32.39,3.988,1.173,5.26,0.209,0.12,92.59,0.59,Idle,normal
2026-09-04 02:00:00,0.38,29.69,53.13,29.01,0.796,4.056,0.539,30.71,3.969,1.178,5.14,0.139,0.12,92.61,1.381,Idle,normal
2026-09-04 02:15:00,0.0,28.88,51.82,31.53,0.371,4.068,0.624,30.84,3.995,0.956,5.76,0.112,0.12,92.39,0.789,Idle,normal
2026-09-04 02:30:00,0.0,28.98,53.22,28.84,0.716,3.997,0.634,31.88,3.997,1.093,2.86,0.113,0.12,92.06,1.412,Idle,normal
2026-09-04 02:45:00,0.43,28.52,55.68,30.43,0.626,4.013,0.626,32.32,4.25,1.043,4.43,0.154,0.12,92.2,1.277,Idle,normal
2026-09-04 03:00:00,2.25,27.18,52.27,29.53,0.1,3.977,0.607,31.83,3.847,0.891,5.75,0.107,0.12,92.34,0.466,Idle,normal
2026-09-04 03:15:00,0.0,26.52,51.43,29.81,0.542,4.031,0.584,32.03,3.897,0.811,6.92,0.156,0.12,92.29,1.073,Idle,normal
2026-09-04 03:30:00,1.12,26.9,53.39,28.58,0.702,3.94,0.611,31.16,3.884,1.014,4.98,0.134,0.12,91.97,1.325,Idle,normal
2026-09-04 03:45:00,0.0,27.68,54.02,31.34,0.343,4.09,0.619,31.24,4.022,0.85,2.56,0.133,0.12,91.74,0.789,Idle,normal
2026-09-04 04:00:00,0.0,27.55,56.29,29.72,0.264,4.057,0.622,32.9,4.017,0.915,4.68,0.148,0.12,92.1,0.806,Idle,normal
2026-09-04 04:15:00,0.0,25.68,53.73,28.78,0.1,3.94,0.73,32.56,3.929,0.932,4.94,0.19,0.12,92.17,0.646,Idle,normal
2026-09-04 04:30:00,0.0,25.78,54.36,31.25,0.589,3.961,0.554,31.67,4.077,1.022,6.11,0.128,0.12,92.44,1.162,Idle,normal
2026-09-04 04:45:00,1.69,25.78,54.61,29.5,0.423,4.021,0.761,32.12,4.024,1.128,5.05,0.157,0.12,92.14,0.992,Idle,normal
2026-09-04 05:00:00,0.76,25.89,51.0,30.33,0.1,3.983,0.537,31.79,4.081,1.001,3.72,0.168,0.12,92.22,0.7,Idle,normal
2026-09-04 05:15:00,2.25,24.9,51.55,30.84,0.236,4.027,0.619,30.11,4.104,0.946,5.96,0.102,0.12,92.36,0.734,Idle,normal
2026-09-04 05:30:00,1.53,24.69,51.52,30.47,0.404,3.982,0.54,30.97,3.77,0.793,5.57,0.171,0.12,92.86,0.847,Idle,normal
2026-09-04 05:45:00,0.57,25.02,51.26,27.8,0.154,4.076,0.615,32.28,4.053,1.046,4.3,0.183,0.12,92.19,0.76,Idle,normal
2026-09-04 06:00:00,23.27,25.6,55.8,179.15,11.581,7.004,4.72,34.37,3.857,3.042,66.99,2.113,1.009,95.43,14.599,Shift A,normal
2026-09-04 06:15:00,21.57,24.47,55.1,181.36,11.636,6.784,4.76,33.68,4.007,2.976,63.35,2.124,0.981,95.68,14.384,Shift A,normal
2026-09-04 06:30:00,22.08,25.21,55.02,180.99,12.604,6.98,4.698,34.96,3.978,3.159,68.26,1.92,1.038,96.56,15.3,Shift A,normal
2026-09-04 06:45:00,20.61,26.06,50.05,178.78,11.258,7.1,4.316,33.87,3.985,2.939,67.5,1.899,1.034,96.48,14.057,Shift A,normal
2026-09-04 07:00:00,21.09,24.09,59.75,178.35,10.8,6.923,4.568,34.18,3.86,2.944,68.67,2.223,1.048,96.32,13.668,Shift A,normal
2026-09-04 07:15:00,20.09,24.91,54.28,181.41,11.283,7.092,4.436,33.86,4.087,3.021,64.39,1.918,0.927,96.16,13.978,Shift A,normal
2026-09-04 07:30:00,22.29,25.85,60.62,180.13,12.175,7.018,4.399,34.04,3.858,2.988,67.69,2.162,0.994,96.2,15.006,Shift A,normal
2026-09-04 07:45:00,19.47,24.67,54.1,178.96,11.398,6.981,4.402,34.01,4.058,3.094,65.58,2.127,0.91,95.89,14.489,Shift A,normal
2026-09-04 08:00:00,22.02,24.54,55.88,179.96,11.805,7.091,4.751,34.77,3.839,3.065,70.72,1.989,1.013,96.25,14.629,Shift A,normal
2026-09-04 08:15:00,20.75,25.94,53.61,180.44,12.103,7.068,4.589,34.88,3.986,3.161,70.66,1.965,0.841,96.26,15.038,Shift A,normal
2026-09-04 08:30:00,22.52,24.79,59.28,179.9,12.056,7.042,4.43,33.18,4.164,3.1,73.07,2.21,0.907,96.25,14.882,Shift A,normal
2026-09-04 08:45:00,21.98,25.96,56.9,178.33,11.324,7.102,4.52,33.98,4.224,3.064,71.69,2.186,0.942,95.78,14.11,Shift A,normal
2026-09-04 09:00:00,23.37,25.48,57.52,181.65,12.447,7.02,4.661,34.76,3.824,3.001,74.47,2.16,0.977,95.8,15.322,Shift A,normal
2026-09-04 09:15:00,21.95,24.94,57.5,180.65,11.838,6.836,4.309,33.37,3.913,3.077,70.79,2.061,0.972,95.71,14.554,Shift A,normal
2026-09-04 09:30:00,18.96,25.69,62.38,179.19,11.372,6.962,4.134,32.37,3.934,3.028,63.29,1.995,0.991,96.32,14.009,Shift A,normal
2026-09-04 09:45:00,20.91,25.67,62.83,179.09,11.853,6.82,4.473,32.91,4.212,3.074,71.42,1.906,0.918,96.08,14.613,Shift A,normal
2026-09-04 10:00:00,19.48,26.35,65.62,179.61,11.363,7.066,4.389,32.97,3.983,3.114,61.4,1.958,0.869,96.1,14.083,Shift A,normal
2026-09-04 10:15:00,20.33,25.24,61.22,177.98,11.554,7.09,4.199,33.06,4.092,3.065,73.39,2.067,0.925,96.2,14.332,Shift A,normal
2026-09-04 10:30:00,22.96,25.86,63.61,179.28,11.724,7.094,4.624,33.16,4.017,3.088,65.74,2.067,0.945,95.47,14.643,Shift A,normal
2026-09-04 10:45:00,21.83,25.94,61.18,177.47,11.203,7.049,4.64,34.59,3.868,2.967,70.31,1.927,0.99,96.3,13.996,Shift A,normal
2026-09-04 11:00:00,20.09,26.73,63.66,178.58,11.997,7.097,4.379,33.44,3.805,3.191,70.42,2.064,1.017,95.8,14.935,Shift A,normal
2026-09-04 11:15:00,19.68,25.54,63.86,177.32,11.44,6.842,4.388,34.58,3.925,2.933,67.09,2.061,1.008,95.83,14.209,Shift A,normal
2026-09-04 11:30:00,21.04,27.38,66.37,177.21,11.547,6.989,4.531,32.91,4.225,3.145,60.79,2.043,1.007,95.69,14.441,Shift A,normal
2026-09-04 11:45:00,19.42,27.15,68.01,179.81,11.181,6.859,4.418,33.44,4.018,3.032,62.63,1.659,0.905,95.98,13.736,Shift A,normal
2026-09-04 12:00:00,20.13,25.95,68.48,178.06,11.806,6.964,4.207,33.57,4.093,3.173,67.19,1.937,0.933,95.98,14.6,Shift A,normal
2026-09-04 12:15:00,21.41,28.2,65.31,178.04,11.115,7.162,4.376,34.43,3.855,3.174,69.17,2.302,0.978,95.51,14.228,Shift A,normal
2026-09-04 12:30:00,22.5,29.26,69.48,175.66,10.848,7.109,4.503,34.86,3.969,3.114,67.72,2.164,0.931,95.32,13.815,Shift A,normal
2026-09-04 12:45:00,21.79,28.52,67.85,176.92,10.225,7.066,4.404,33.39,4.076,3.265,67.84,2.078,0.928,95.9,13.105,Shift A,normal
2026-09-04 13:00:00,18.02,29.11,67.71,177.81,10.923,6.982,4.457,34.7,3.891,3.086,59.81,1.844,0.935,96.28,13.636,Shift A,normal
2026-09-04 13:15:00,21.4,28.29,67.35,177.39,10.639,6.901,4.56,32.56,3.991,3.187,72.58,2.09,0.889,96.24,13.676,Shift A,normal
2026-09-04 13:30:00,21.09,27.15,68.02,174.89,10.936,7.019,4.332,34.37,3.905,2.998,65.85,2.082,1.008,96.27,13.754,Shift A,normal
2026-09-04 13:45:00,21.54,27.26,72.97,177.1,10.579,7.111,4.467,32.69,4.076,3.127,69.75,2.069,0.938,95.91,13.4,Shift A,normal
2026-09-04 14:00:00,23.1,29.2,70.41,177.12,11.75,7.041,4.722,34.44,4.041,3.026,73.0,1.971,1.004,95.85,14.603,Shift B,normal
2026-09-04 14:15:00,18.32,28.79,70.42,177.89,11.043,6.841,4.222,34.63,4.067,3.116,61.02,1.968,0.93,95.96,13.993,Shift B,normal
2026-09-04 14:30:00,20.23,28.79,69.79,175.82,11.541,7.01,4.516,34.63,4.086,3.11,66.59,1.986,1.005,96.23,14.411,Shift B,normal
2026-09-04 14:45:00,21.77,29.73,75.41,174.11,10.52,6.809,4.672,32.78,3.98,3.211,68.43,2.078,0.855,96.47,13.485,Shift B,normal
2026-09-04 15:00:00,18.94,30.53,73.3,175.24,11.154,7.08,4.483,33.68,4.106,3.081,64.28,1.808,0.99,95.77,13.954,Shift B,normal
2026-09-04 15:15:00,22.92,29.12,69.38,175.02,10.317,6.931,4.597,34.57,3.942,3.417,71.41,2.101,1.037,95.83,13.325,Shift B,normal
2026-09-04 15:30:00,21.48,30.17,70.38,176.75,11.006,6.878,4.639,34.66,4.067,3.0,65.33,2.034,0.972,95.98,13.858,Shift B,normal
2026-09-04 15:45:00,22.1,31.98,70.55,173.2,10.77,7.082,4.463,34.36,3.815,3.174,68.06,2.209,0.991,95.79,13.819,Shift B,normal
2026-09-04 16:00:00,20.26,30.14,71.29,175.39,10.57,7.056,4.714,32.39,3.93,3.156,65.12,2.053,0.973,95.73,13.523,Shift B,normal
2026-09-04 16:15:00,22.06,31.92,69.58,177.18,10.861,7.023,4.552,35.15,4.243,3.238,74.83,1.864,0.92,95.94,13.617,Shift B,normal
2026-09-04 16:30:00,22.39,31.05,71.8,175.7,10.6,7.219,4.681,35.31,4.069,3.103,66.16,2.142,0.971,95.67,13.581,Shift B,normal
2026-09-04 16:45:00,21.3,32.07,73.73,176.53,10.452,7.063,4.435,34.26,4.073,3.197,69.41,2.236,1.0,96.22,13.384,Shift B,normal
2026-09-04 17:00:00,21.3,32.71,68.07,173.94,10.695,6.936,4.538,34.43,3.932,3.117,72.56,1.983,0.866,96.41,13.577,Shift B,normal
2026-09-04 17:15:00,21.35,32.6,68.27,173.95,10.894,7.052,4.546,34.65,3.905,3.357,64.46,1.994,0.98,95.8,13.812,Shift B,normal
2026-09-04 17:30:00,19.88,32.9,69.35,176.96,11.231,6.971,4.281,35.26,3.989,3.118,66.18,2.141,0.943,96.56,14.034,Shift B,normal
2026-09-04 17:45:00,20.81,31.4,69.2,175.61,10.885,7.127,4.333,34.21,4.003,3.141,63.77,2.027,0.981,95.9,13.802,Shift B,normal
2026-09-04 18:00:00,20.8,33.36,73.79,175.6,11.189,7.028,4.424,34.07,4.209,3.141,60.68,2.111,0.886,95.7,14.203,Shift B,normal
2026-09-04 18:15:00,21.5,31.91,71.49,174.39,10.323,7.038,4.623,34.54,4.114,3.093,64.99,2.172,0.921,96.15,13.102,Shift B,normal
2026-09-04 18:30:00,22.3,32.9,71.03,175.62,10.757,6.856,4.318,34.11,4.027,3.044,66.36,1.925,0.898,95.62,13.535,Shift B,normal
2026-09-04 18:45:00,19.62,32.99,68.24,174.4,10.929,7.006,4.334,34.14,4.023,3.253,64.13,1.967,0.865,96.13,13.716,Shift B,normal
2026-09-04 19:00:00,20.84,33.25,67.79,176.77,11.001,6.994,4.607,32.92,4.093,3.129,65.85,2.036,0.992,96.06,13.844,Shift B,normal
2026-09-04 19:15:00,22.93,33.19,65.03,178.36,11.043,6.898,4.428,34.63,3.885,3.099,68.65,2.084,0.946,95.85,13.734,Shift B,normal
2026-09-04 19:30:00,20.03,32.29,69.04,176.17,11.078,6.978,4.552,35.16,3.821,3.061,62.44,2.084,0.907,95.78,13.983,Shift B,normal
2026-09-04 19:45:00,19.93,31.91,67.98,175.12,10.509,7.044,4.261,34.82,4.086,3.202,66.99,1.925,0.994,95.62,13.29,Shift B,normal
2026-09-04 20:00:00,21.26,33.7,69.07,173.3,10.636,7.0,4.366,34.97,4.026,3.201,70.78,1.991,0.938,96.24,13.442,Shift B,normal
2026-09-04 20:15:00,22.1,33.14,65.56,174.24,11.069,6.859,4.508,34.22,3.885,3.18,71.88,2.028,1.013,95.83,14.073,Shift B,normal
2026-09-04 20:30:00,21.01,33.89,65.16,177.57,11.02,6.973,4.686,34.55,3.81,3.109,66.13,1.938,0.9,96.1,13.868,Shift B,normal
2026-09-04 20:45:00,22.73,32.89,65.23,175.09,10.749,6.953,4.487,35.18,4.105,3.234,71.14,2.039,0.955,95.92,13.614,Shift B,normal
2026-09-04 21:00:00,22.11,31.74,66.11,175.86,10.711,7.019,4.319,34.72,3.959,3.092,65.86,2.071,0.92,95.87,13.429,Shift B,normal
2026-09-04 21:15:00,22.09,33.56,60.82,177.01,10.645,7.009,4.357,35.39,4.058,3.206,66.85,2.057,0.993,96.09,13.45,Shift B,normal
2026-09-04 21:30:00,21.72,32.4,64.65,177.96,11.014,6.959,4.615,33.73,3.987,3.158,68.74,2.119,0.95,96.18,14.068,Shift B,normal
2026-09-04 21:45:00,24.03,32.86,62.55,176.41,11.497,6.955,4.479,33.68,4.012,3.014,68.62,2.106,1.025,96.01,14.427,Shift B,normal
2026-09-04 22:00:00,0.0,31.95,59.88,29.5,0.436,3.99,0.602,31.36,3.953,1.203,5.54,0.149,0.12,92.22,1.119,Idle,normal
2026-09-04 22:15:00,0.0,33.64,57.24,30.07,0.686,4.023,0.568,30.99,4.011,1.057,5.97,0.208,0.12,91.92,1.169,Idle,normal
2026-09-04 22:30:00,2.09,31.47,60.55,31.1,0.531,4.001,0.625,30.55,4.068,1.018,5.11,0.102,0.12,92.12,1.088,Idle,normal
2026-09-04 22:45:00,0.0,31.74,63.14,29.2,0.136,4.034,0.597,31.98,3.983,1.034,4.12,0.164,0.12,92.17,0.761,Idle,normal
2026-09-04 23:00:00,0.14,31.91,63.02,31.09,0.1,4.005,0.613,31.95,3.978,1.205,4.59,0.112,0.12,92.33,0.721,Idle,normal
2026-09-04 23:15:00,1.7,30.76,59.82,30.1,0.1,3.984,0.606,31.73,4.068,1.114,5.41,0.228,0.12,91.69,0.806,Idle,normal
2026-09-04 23:30:00,0.0,31.7,62.48,32.33,0.115,3.941,0.595,31.89,4.078,1.035,5.39,0.154,0.12,92.57,0.686,Idle,normal
2026-09-04 23:45:00,0.0,32.51,57.93,30.32,0.1,4.012,0.535,30.46,3.9,0.929,3.21,0.099,0.12,92.42,0.583,Idle,normal
2026-09-05 00:00:00,0.0,30.61,59.41,29.9,0.693,4.005,0.609,31.14,4.004,0.945,4.56,0.141,0.12,92.09,1.021,Idle,normal
2026-09-05 00:15:00,0.0,31.09,56.1,30.57,0.69,3.95,0.512,31.26,3.956,0.82,4.26,0.092,0.12,91.99,1.171,Idle,normal
2026-09-05 00:30:00,0.57,28.33,55.49,29.66,1.124,4.029,0.566,31.35,3.999,0.963,5.88,0.125,0.12,92.05,1.678,Idle,normal
2026-09-05 00:45:00,0.68,30.25,54.71,28.2,0.1,4.063,0.624,30.34,4.148,1.066,4.3,0.175,0.12,91.79,0.751,Idle,normal
2026-09-05 01:00:00,0.36,29.78,51.51,29.76,0.909,3.967,0.659,30.75,4.039,1.063,4.54,0.204,0.12,92.18,1.42,Idle,normal
2026-09-05 01:15:00,0.0,29.13,57.81,29.74,0.907,3.964,0.717,31.13,4.217,1.062,4.5,0.193,0.12,92.23,1.49,Idle,normal
2026-09-05 01:30:00,0.0,30.39,53.58,28.41,0.269,3.962,0.579,32.33,4.028,0.948,5.79,0.146,0.12,92.58,0.652,Idle,normal
2026-09-05 01:45:00,0.07,29.0,52.91,29.93,0.516,3.916,0.557,31.57,3.983,1.055,5.97,0.173,0.12,92.46,0.925,Idle,normal
2026-09-05 02:00:00,0.0,28.86,51.85,27.93,0.784,4.1,0.626,32.21,3.997,1.082,5.49,0.182,0.12,92.68,1.391,Idle,normal
2026-09-05 02:15:00,0.6,28.44,53.52,29.65,0.329,3.978,0.693,31.31,4.012,0.777,6.11,0.24,0.12,92.33,0.951,Idle,normal
2026-09-05 02:30:00,0.91,26.94,57.21,30.24,0.302,3.957,0.677,31.28,4.024,1.03,6.24,0.126,0.12,91.99,0.957,Idle,normal
2026-09-05 02:45:00,0.18,27.31,57.67,30.1,0.13,3.944,0.548,31.62,3.894,1.208,3.19,0.21,0.12,92.91,0.75,Idle,normal
2026-09-05 03:00:00,0.99,28.73,49.98,29.59,0.1,3.981,0.593,31.22,3.976,0.971,5.59,0.106,0.12,92.18,0.774,Idle,normal
2026-09-05 03:15:00,0.3,26.03,52.46,29.91,0.375,3.965,0.643,30.68,3.916,0.748,4.63,0.197,0.12,91.76,0.833,Idle,normal
2026-09-05 03:30:00,0.69,26.86,51.01,29.22,0.102,4.072,0.646,30.06,4.094,0.919,3.74,0.125,0.12,92.36,0.688,Idle,normal
2026-09-05 03:45:00,0.0,26.91,55.0,30.01,0.1,3.938,0.63,30.76,3.799,0.819,4.68,0.123,0.12,91.74,0.48,Idle,normal
2026-09-05 04:00:00,0.0,28.39,53.57,30.06,0.498,3.923,0.578,32.0,4.013,0.937,5.73,0.139,0.12,92.27,0.752,Idle,normal
2026-09-05 04:15:00,0.26,27.39,51.75,29.1,0.1,4.028,0.629,32.29,3.842,0.878,6.46,0.119,0.12,92.11,0.56,Idle,normal
2026-09-05 04:30:00,1.07,26.12,53.22,30.27,0.632,3.995,0.646,30.57,4.032,1.093,3.65,0.167,0.12,92.49,1.192,Idle,normal
2026-09-05 04:45:00,0.0,27.41,52.22,30.26,0.519,3.989,0.553,29.85,3.954,1.078,5.62,0.199,0.12,92.64,1.088,Idle,normal
2026-09-05 05:00:00,0.68,25.58,56.54,29.83,0.21,4.028,0.667,31.9,3.805,1.034,6.97,0.066,0.12,92.18,0.729,Idle,normal
2026-09-05 05:15:00,0.0,26.8,54.57,32.42,0.328,4.007,0.65,31.3,4.085,1.123,6.83,0.143,0.12,92.22,0.928,Idle,normal
2026-09-05 05:30:00,0.0,24.74,55.02,29.86,0.1,3.998,0.563,29.95,3.731,0.943,1.55,0.107,0.12,92.56,0.735,Idle,normal
2026-09-05 05:45:00,1.08,26.53,48.59,29.72,0.613,3.93,0.646,28.73,3.987,1.007,7.18,0.186,0.12,92.02,1.224,Idle,normal
2026-09-05 06:00:00,18.41,25.21,54.07,180.92,11.857,7.034,4.263,32.7,4.054,3.268,64.06,2.09,0.849,95.95,14.638,Shift A,normal
2026-09-05 06:15:00,19.31,24.59,58.68,179.76,11.526,7.036,4.532,33.22,4.12,3.101,65.94,2.073,0.979,96.15,14.221,Shift A,normal
2026-09-05 06:30:00,19.07,25.13,57.51,179.18,11.409,7.075,4.212,32.51,3.824,3.087,67.75,1.898,0.795,95.69,14.046,Shift A,normal
2026-09-05 06:45:00,17.97,25.43,51.54,180.13,11.222,6.941,4.074,33.92,3.934,2.966,67.23,2.053,0.958,95.84,14.067,Shift A,normal
2026-09-05 07:00:00,20.12,24.74,55.01,179.47,10.879,6.936,4.303,32.81,4.091,3.001,68.29,2.157,0.985,96.0,13.675,Shift A,normal
2026-09-05 07:15:00,21.97,25.52,53.66,180.83,12.394,6.988,4.565,33.7,4.101,2.957,70.89,2.079,1.08,96.39,15.344,Shift A,normal
2026-09-05 07:30:00,20.63,24.57,59.94,180.76,12.156,6.872,4.592,35.53,4.11,3.209,64.72,2.004,0.935,95.51,15.118,Shift A,normal
2026-09-05 07:45:00,21.26,25.5,57.49,179.78,11.419,7.041,4.396,33.67,4.242,2.913,69.08,2.174,0.929,95.9,14.242,Shift A,normal
2026-09-05 08:00:00,22.42,25.35,55.96,182.15,12.838,7.105,4.763,33.71,3.935,3.133,67.15,2.099,0.975,96.37,15.798,Shift A,normal
2026-09-05 08:15:00,22.73,24.96,58.09,179.34,12.032,6.929,4.567,33.57,4.021,3.099,71.41,2.095,1.001,96.31,14.895,Shift A,normal
2026-09-05 08:30:00,20.91,24.68,53.34,179.86,12.004,7.044,4.441,34.08,3.948,2.87,67.17,1.637,0.946,95.86,14.881,Shift A,normal
2026-09-05 08:45:00,22.76,25.2,56.94,180.52,11.803,6.937,4.464,34.03,3.787,3.141,70.34,1.92,0.914,95.91,14.561,Shift A,normal
2026-09-05 09:00:00,21.12,25.58,59.74,180.66,11.395,6.898,4.701,32.98,3.977,3.023,67.88,2.105,0.981,96.09,14.413,Shift A,normal
2026-09-05 09:15:00,19.91,26.86,61.94,180.93,11.461,7.206,4.377,33.34,3.792,2.925,68.2,1.974,0.939,96.09,14.306,Shift A,normal
2026-09-05 09:30:00,20.23,26.06,56.94,179.95,11.468,6.9,4.254,33.0,3.936,3.09,63.78,2.022,0.892,96.43,14.307,Shift A,normal
2026-09-05 09:45:00,19.08,26.19,60.65,180.44,12.169,6.872,4.639,33.56,3.842,2.967,60.45,2.092,0.848,96.34,15.021,Shift A,normal
2026-09-05 10:00:00,19.85,28.01,64.02,178.58,10.882,7.021,4.438,35.27,4.04,3.077,68.83,2.025,1.062,95.5,13.639,Shift A,normal
2026-09-05 10:15:00,20.53,26.09,59.69,180.02,11.42,7.027,4.528,34.2,3.91,3.002,70.52,1.871,0.988,95.39,14.15,Shift A,normal
2026-09-05 10:30:00,22.04,26.21,63.63,179.86,11.485,7.067,4.724,33.78,3.81,2.959,67.49,2.078,0.993,95.76,14.336,Shift A,normal
2026-09-05 10:45:00,23.24,26.56,63.89,180.32,11.778,7.2,4.668,34.83,4.077,2.955,71.35,2.22,0.973,95.29,14.737,Shift A,normal
2026-09-05 11:00:00,19.2,25.36,67.76,176.98,10.765,6.922,4.469,33.76,3.925,3.12,60.39,2.17,0.965,96.43,13.743,Shift A,normal
2026-09-05 11:15:00,21.51,26.01,64.43,177.58,10.613,6.942,4.497,32.37,3.945,3.086,65.49,1.799,0.906,95.47,13.436,Shift A,normal
2026-09-05 11:30:00,19.65,26.16,65.1,179.15,11.652,7.161,4.467,35.01,3.891,3.078,65.93,2.026,0.946,95.87,14.527,Shift A,normal
2026-09-05 11:45:00,21.62,27.3,67.69,175.51,10.796,7.094,4.493,33.66,4.108,3.054,62.25,1.97,0.972,95.63,13.726,Shift A,normal
2026-09-05 12:00:00,20.83,26.86,63.85,178.49,12.065,7.08,4.447,31.91,4.018,3.08,62.16,2.007,0.899,95.43,14.731,Shift A,normal
2026-09-05 12:15:00,18.62,27.34,66.56,178.9,10.703,6.941,4.332,32.4,3.932,3.003,65.23,1.797,0.918,96.39,13.264,Shift A,normal
2026-09-05 12:30:00,22.21,28.34,66.57,177.1,11.598,7.113,4.485,34.76,3.806,3.009,66.17,2.263,0.946,95.78,14.375,Shift A,normal
2026-09-05 12:45:00,20.21,28.4,67.66,177.08,11.357,7.08,4.473,32.59,4.249,3.292,65.15,1.925,0.904,96.64,14.305,Shift A,normal
2026-09-05 13:00:00,20.31,27.84,70.06,176.28,10.639,7.019,4.479,34.9,4.193,3.195,65.06,2.138,0.917,96.45,13.385,Shift A,normal
2026-09-05 13:15:00,19.61,27.68,69.87,176.67,10.627,6.942,4.475,33.87,4.139,3.043,61.8,2.065,0.85,95.97,13.459,Shift A,normal
2026-09-05 13:30:00,20.15,29.39,67.64,176.55,10.474,7.011,4.486,34.52,3.931,2.964,65.48,1.986,0.995,95.23,13.234,Shift A,normal
2026-09-05 13:45:00,21.56,29.36,69.76,176.21,10.565,7.165,4.733,33.9,3.951,2.944,67.36,2.042,1.037,95.84,13.492,Shift A,normal
2026-09-05 14:00:00,20.75,27.71,72.78,176.01,10.8,6.891,4.572,34.29,4.035,3.028,64.93,2.021,0.903,96.75,13.644,Shift B,normal
2026-09-05 14:15:00,21.43,29.01,68.41,176.34,10.891,6.92,4.461,34.15,3.911,3.116,65.78,1.973,1.013,96.11,13.777,Shift B,normal
2026-09-05 14:30:00,21.47,29.65,70.61,176.19,10.314,6.937,4.543,33.97,3.904,3.128,66.71,1.943,0.956,95.9,13.15,Shift B,normal
2026-09-05 14:45:00,22.72,30.4,70.14,178.23,12.098,6.959,4.733,33.34,4.151,3.164,70.9,2.087,0.972,95.78,15.118,Shift B,normal
2026-09-05 15:00:00,20.55,30.76,70.57,175.84,10.681,6.998,4.319,34.24,4.002,3.177,66.22,1.961,0.882,96.26,13.608,Shift B,normal
2026-09-05 15:15:00,19.08,30.51,67.57,176.46,10.72,7.096,4.587,32.65,3.894,3.027,59.39,1.872,0.901,96.09,13.643,Shift B,normal
2026-09-05 15:30:00,22.39,31.0,73.74,175.44,10.691,7.046,4.45,34.8,4.103,3.307,64.57,2.073,0.995,96.04,13.593,Shift B,normal
2026-09-05 15:45:00,20.57,30.82,69.43,175.33,10.659,7.006,4.542,34.26,3.95,3.121,69.31,1.979,0.898,96.33,13.45,Shift B,normal
2026-09-05 16:00:00,22.45,30.46,73.05,174.13,10.809,7.028,4.548,34.44,3.808,3.152,66.15,2.06,0.932,96.28,13.723,Shift B,normal
2026-09-05 16:15:00,21.5,31.01,69.74,174.19,10.85,7.062,4.484,31.98,3.895,3.074,67.08,2.074,0.933,96.06,13.874,Shift B,normal
2026-09-05 16:30:00,20.83,31.45,69.67,174.48,10.775,6.832,4.293,33.09,3.958,3.184,72.52,2.032,0.78,95.36,13.568,Shift B,normal
2026-09-05 16:45:00,21.45,31.61,73.25,175.82,11.129,7.107,4.596,33.79,4.032,3.369,69.2,2.08,0.974,95.6,14.176,Shift B,normal
2026-09-05 17:00:00,23.54,30.32,72.68,176.66,11.177,6.917,4.458,34.54,4.022,3.039,62.74,2.276,1.014,95.75,14.161,Shift B,normal
2026-09-05 17:15:00,23.7,31.69,70.94,173.76,11.315,6.956,4.449,33.35,4.134,3.06,73.66,2.055,1.003,95.88,14.243,Shift B,normal
2026-09-05 17:30:00,21.09,32.22,71.84,174.97,10.789,7.034,4.605,36.29,3.989,3.083,67.43,1.931,1.0,96.45,13.771,Shift B,normal
2026-09-05 17:45:00,21.21,32.1,69.49,174.14,10.91,6.992,4.687,34.08,3.966,3.132,68.2,2.064,0.932,96.62,13.733,Shift B,normal
2026-09-05 18:00:00,22.4,32.27,69.78,175.24,10.821,7.049,4.464,33.35,4.138,3.13,69.07,2.029,1.059,96.07,13.64,Shift B,normal
2026-09-05 18:15:00,19.9,32.98,68.16,176.58,11.13,7.014,4.514,34.1,4.114,3.089,68.65,2.148,0.897,96.16,14.021,Shift B,normal
2026-09-05 18:30:00,21.43,31.83,70.95,175.07,10.935,6.971,4.582,33.44,3.99,3.157,67.05,2.106,0.946,95.4,13.956,Shift B,normal
2026-09-05 18:45:00,20.97,31.49,67.38,175.5,10.736,7.153,4.447,33.14,4.039,3.316,62.43,2.005,0.935,95.79,13.735,Shift B,normal
2026-09-05 19:00:00,21.41,32.59,71.33,177.04,10.9,7.071,4.645,35.11,3.967,3.159,68.24,2.219,0.966,95.78,13.868,Shift B,normal
2026-09-05 19:15:00,19.92,33.53,67.3,176.09,10.696,7.03,4.375,34.62,3.902,3.176,61.78,1.907,0.927,95.73,13.598,Shift B,normal
2026-09-05 19:30:00,18.93,34.32,67.52,174.93,10.62,7.069,4.398,34.7,4.241,3.261,70.49,2.154,0.922,96.13,13.495,Shift B,normal
2026-09-05 19:45:00,18.31,33.62,68.52,175.92,10.566,6.929,4.148,35.09,3.964,3.257,63.39,2.072,0.886,95.79,13.315,Shift B,normal
2026-09-05 20:00:00,19.55,31.83,66.55,175.01,10.466,7.217,4.228,34.36,4.041,3.303,65.44,2.093,0.913,95.26,13.219,Shift B,normal
2026-09-05 20:15:00,20.4,32.81,65.38,176.34,11.065,6.891,4.565,33.42,3.864,3.194,64.34,2.019,0.833,96.25,13.932,Shift B,normal
2026-09-05 20:30:00,20.62,33.17,65.38,176.53,11.125,7.011,4.503,34.83,4.09,3.194,67.57,2.046,0.988,96.38,14.005,Shift B,normal
2026-09-05 20:45:00,23.52,33.07,66.68,174.75,11.626,6.971,4.594,33.41,3.896,3.078,70.53,2.159,0.931,96.02,14.621,Shift B,normal
2026-09-05 21:00:00,22.44,33.3,63.0,176.41,10.765,6.968,4.775,34.07,4.185,3.278,66.16,2.159,0.945,95.9,13.825,Shift B,normal
2026-09-05 21:15:00,19.75,32.05,63.5,176.23,10.965,6.955,4.613,34.21,4.192,3.098,67.13,1.951,0.884,95.64,13.831,Shift B,normal
2026-09-05 21:30:00,21.45,32.75,63.2,177.02,10.298,6.923,4.54,34.13,4.072,3.098,67.51,2.036,0.986,95.68,13.193,Shift B,normal
2026-09-05 21:45:00,20.47,32.92,64.32,177.44,11.239,7.119,4.254,32.65,4.027,3.204,66.14,2.179,0.918,96.36,14.069,Shift B,normal
2026-09-05 22:00:00,0.0,33.12,61.8,30.79,0.1,4.053,0.655,30.98,3.998,1.154,6.26,0.186,0.12,92.06,0.549,Idle,normal
2026-09-05 22:15:00,0.24,31.68,65.03,29.58,0.1,3.969,0.589,31.58,4.006,1.073,5.55,0.13,0.12,92.99,0.546,Idle,normal
2026-09-05 22:30:00,0.8,31.9,60.51,29.58,0.466,3.977,0.601,31.13,4.053,0.996,5.26,0.1,0.12,92.62,1.046,Idle,normal
2026-09-05 22:45:00,0.0,29.84,59.77,30.28,0.132,4.025,0.551,32.33,4.012,0.902,6.22,0.148,0.12,92.43,0.614,Idle,normal
2026-09-05 23:00:00,1.38,31.33,59.33,29.87,0.1,4.027,0.586,32.61,4.107,1.152,6.0,0.151,0.12,93.25,0.56,Idle,normal
2026-09-05 23:15:00,0.0,31.22,56.47,30.84,0.18,3.968,0.708,30.74,3.917,0.994,5.11,0.141,0.12,92.77,0.843,Idle,normal
2026-09-05 23:30:00,0.01,30.62,56.48,29.07,0.605,3.919,0.555,31.54,4.159,0.971,4.58,0.198,0.12,92.13,1.265,Idle,normal
2026-09-05 23:45:00,3.38,31.35,56.96,28.6,0.1,4.106,0.622,32.86,3.967,1.056,5.12,0.17,0.12,91.91,0.751,Idle,normal
2026-09-06 00:00:00,0.2,30.96,59.77,29.69,0.331,4.048,0.577,31.42,3.933,0.955,4.9,0.145,0.12,92.14,0.877,Idle,normal
2026-09-06 00:15:00,1.3,28.96,56.93,30.06,0.217,4.008,0.489,30.99,4.036,0.925,5.35,0.15,0.12,92.27,0.724,Idle,normal
2026-09-06 00:30:00,0.08,30.7,55.55,28.76,0.637,4.009,0.628,32.23,4.049,0.934,6.02,0.153,0.12,92.0,1.156,Idle,normal
2026-09-06 00:45:00,0.53,29.54,58.52,28.61,0.647,4.031,0.572,31.2,3.829,0.934,5.47,0.171,0.12,91.87,1.172,Idle,normal
2026-09-06 01:00:00,0.0,30.42,58.74,30.18,0.1,4.037,0.616,32.53,3.958,0.887,5.18,0.152,0.12,92.39,0.657,Idle,normal
2026-09-06 01:15:00,0.0,28.75,57.74,29.24,0.716,3.896,0.649,30.93,3.782,0.876,4.35,0.144,0.12,92.59,1.282,Idle,normal
2026-09-06 01:30:00,0.0,29.55,53.15,28.55,0.136,3.982,0.612,31.06,3.935,1.097,5.32,0.097,0.12,92.91,0.716,Idle,normal
2026-09-06 01:45:00,0.39,29.04,53.53,30.97,0.433,3.977,0.616,32.04,3.937,1.067,3.3,0.122,0.12,92.35,0.714,Idle,normal
2026-09-06 02:00:00,0.0,29.24,57.83,29.37,0.1,3.992,0.557,31.46,4.031,0.918,4.2,0.161,0.12,92.5,0.693,Idle,normal
2026-09-06 02:15:00,0.61,28.84,54.41,31.15,0.48,4.039,0.635,31.49,3.921,1.089,5.61,0.158,0.12,91.68,1.059,Idle,normal
2026-09-06 02:30:00,0.99,28.27,53.15,30.03,1.243,3.91,0.591,29.8,3.942,1.031,5.89,0.091,0.12,92.6,1.655,Idle,normal
2026-09-06 02:45:00,0.33,26.99,54.91,30.29,0.395,3.933,0.5,30.88,4.122,0.968,4.98,0.128,0.12,91.95,0.902,Idle,normal
2026-09-06 03:00:00,0.0,26.78,55.32,29.79,0.189,3.966,0.641,31.93,4.198,0.877,5.2,0.113,0.12,92.4,0.714,Idle,normal
2026-09-06 03:15:00,0.41,27.25,52.03,27.34,0.269,4.008,0.657,30.66,3.901,1.034,5.37,0.205,0.12,92.22,0.709,Idle,normal
2026-09-06 03:30:00,0.0,27.46,53.52,28.86,0.1,4.042,0.674,31.88,4.096,1.187,5.68,0.16,0.12,92.19,0.646,Idle,normal
2026-09-06 03:45:00,0.85,26.74,54.87,29.87,0.857,4.082,0.709,31.49,4.03,1.001,4.8,0.167,0.12,91.78,1.33,Idle,normal
2026-09-06 04:00:00,0.0,27.5,50.68,30.36,0.46,3.986,0.639,31.14,3.82,1.1,4.02,0.147,0.12,92.04,0.946,Idle,normal
2026-09-06 04:15:00,0.0,26.55,53.04,28.21,0.1,4.042,0.626,32.3,3.911,0.979,5.39,0.125,0.12,91.92,0.67,Idle,normal
2026-09-06 04:30:00,0.0,25.79,50.85,29.95,0.1,4.036,0.655,30.9,3.684,1.092,6.96,0.132,0.12,92.09,0.612,Idle,normal
2026-09-06 04:45:00,0.0,26.14,51.21,28.88,0.355,4.027,0.556,30.92,4.021,0.985,4.08,0.17,0.12,92.69,0.883,Idle,normal
2026-09-06 05:00:00,1.24,26.35,52.18,30.23,0.676,3.999,0.516,30.95,3.882,0.759,4.87,0.14,0.12,92.18,1.182,Idle,normal
2026-09-06 05:15:00,0.81,26.25,54.43,29.98,0.1,3.98,0.576,31.22,4.002,0.928,4.61,0.17,0.12,92.06,0.576,Idle,normal
2026-09-06 05:30:00,0.0,27.33,53.04,30.74,0.74,3.947,0.664,31.91,4.25,1.013,7.41,0.156,0.12,92.55,1.353,Idle,normal
2026-09-06 05:45:00,0.0,25.14,52.63,31.07,0.318,3.943,0.567,29.88,4.144,1.108,4.04,0.162,0.12,92.44,0.978,Idle,normal
2026-09-06 06:00:00,12.0,25.48,54.31,181.58,11.211,7.176,3.876,33.93,3.909,3.026,61.21,1.564,0.788,96.62,13.818,Shift A,normal
2026-09-06 06:15:00,14.21,25.75,52.22,181.09,11.342,7.027,4.232,33.55,3.886,3.047,61.34,1.731,0.883,96.28,14.089,Shift A,normal
2026-09-06 06:30:00,16.9,25.29,55.72,180.06,11.946,6.784,4.536,34.09,4.114,2.996,64.31,1.785,0.906,95.25,14.794,Shift A,normal
2026-09-06 06:45:00,15.1,24.81,57.5,179.51,10.509,7.029,4.038,35.2,3.883,3.183,61.16,1.735,0.927,96.24,13.236,Shift A,normal
2026-09-06 07:00:00,14.19,23.9,55.48,180.5,11.007,6.981,4.087,32.84,4.079,3.177,65.31,1.988,0.863,96.18,13.829,Shift A,normal
2026-09-06 07:15:00,15.12,24.67,55.66,180.62,11.722,6.89,4.232,32.42,4.256,2.987,60.1,1.946,0.889,96.52,14.367,Shift A,normal
2026-09-06 07:30:00,13.28,24.18,57.27,180.41,11.227,7.035,3.965,33.35,4.048,2.877,56.72,1.557,0.874,95.87,13.764,Shift A,normal
2026-09-06 07:45:00,14.43,23.63,52.94,180.06,10.846,7.088,3.946,33.42,4.097,2.842,65.98,1.648,0.902,96.33,13.437,Shift A,normal
2026-09-06 08:00:00,14.79,24.36,58.57,179.08,11.178,6.933,4.296,34.12,4.088,3.096,54.72,1.812,0.925,95.85,13.929,Shift A,normal
2026-09-06 08:15:00,14.62,24.17,64.22,180.5,11.656,6.836,4.16,32.89,3.925,3.033,60.7,1.635,0.828,96.04,14.495,Shift A,normal
2026-09-06 08:30:00,15.42,25.5,58.31,180.45,11.468,6.799,4.163,32.76,4.015,2.972,61.65,1.77,0.92,95.57,14.134,Shift A,normal
2026-09-06 08:45:00,15.01,25.56,58.87,180.08,10.965,6.933,4.275,32.28,3.891,3.068,61.17,1.816,0.871,95.47,13.555,Shift A,normal
2026-09-06 09:00:00,15.31,24.41,61.16,179.88,10.974,6.984,4.211,32.28,4.111,2.915,57.12,1.88,0.916,96.26,13.684,Shift A,normal
2026-09-06 09:15:00,14.07,25.0,63.53,181.33,11.697,6.948,4.039,32.97,3.876,3.11,57.11,1.851,0.943,95.92,14.474,Shift A,normal
2026-09-06 09:30:00,15.52,23.82,62.78,178.9,10.391,6.932,4.014,33.1,4.049,2.984,64.84,1.75,0.781,95.53,12.929,Shift A,normal
2026-09-06 09:45:00,16.18,25.02,57.1,180.67,11.966,7.057,4.112,35.01,4.097,2.94,66.72,1.856,0.955,96.22,14.653,Shift A,normal
2026-09-06 10:00:00,19.74,25.86,63.13,178.52,11.706,7.046,4.529,32.34,3.938,3.014,64.51,2.085,0.931,95.03,14.564,Shift A,normal
2026-09-06 10:15:00,19.85,26.33,67.73,180.21,11.556,7.02,4.473,33.96,3.917,3.017,63.07,1.805,0.895,95.66,14.324,Shift A,normal
2026-09-06 10:30:00,22.74,25.26,64.42,180.19,12.0,7.082,4.542,33.07,3.968,3.079,63.11,2.146,0.951,95.36,14.856,Shift A,normal
2026-09-06 10:45:00,20.75,26.83,61.45,178.51,11.61,6.934,4.657,34.03,3.902,3.182,69.5,1.945,0.897,96.41,14.593,Shift A,normal
2026-09-06 11:00:00,22.82,24.96,64.89,180.31,12.611,6.891,4.551,33.19,3.999,3.151,71.54,2.244,0.999,95.79,15.745,Shift A,normal
2026-09-06 11:15:00,20.42,25.36,62.33,178.96,11.829,6.948,4.544,34.49,3.894,3.054,57.95,2.044,0.893,96.0,14.621,Shift A,normal
2026-09-06 11:30:00,22.89,27.13,67.91,177.45,10.548,6.941,4.6,34.66,3.908,3.052,61.33,2.166,1.035,96.09,13.382,Shift A,normal
2026-09-06 11:45:00,21.17,28.11,64.07,177.79,10.961,6.795,4.702,33.9,4.051,3.043,67.46,1.99,0.989,96.28,13.832,Shift A,normal
2026-09-06 12:00:00,21.34,27.39,66.65,179.13,11.587,6.945,4.571,34.99,4.055,2.911,68.0,2.004,0.967,96.22,14.537,Shift A,normal
2026-09-06 12:15:00,23.03,27.2,65.28,178.76,11.28,7.11,4.588,34.45,3.963,3.075,67.3,2.14,0.875,96.26,14.153,Shift A,normal
2026-09-06 12:30:00,20.53,25.71,66.39,176.62,11.46,7.08,4.41,34.72,3.822,2.954,66.38,1.793,0.88,95.87,14.224,Shift A,normal
2026-09-06 12:45:00,19.78,26.1,70.91,177.37,11.448,7.053,4.385,33.58,4.105,3.19,65.06,2.087,0.933,96.28,14.249,Shift A,normal
2026-09-06 13:00:00,20.42,28.07,68.57,177.56,10.679,7.013,4.338,34.51,3.951,3.071,66.45,2.052,0.944,95.76,13.648,Shift A,normal
2026-09-06 13:15:00,21.59,27.93,67.65,176.69,10.878,7.145,4.331,33.12,4.202,3.184,64.73,1.909,1.006,95.83,13.687,Shift A,normal
2026-09-06 13:30:00,18.96,27.59,66.85,179.4,11.028,6.894,4.375,33.04,3.981,3.037,65.03,2.091,0.782,95.43,13.844,Shift A,normal
2026-09-06 13:45:00,21.83,28.79,65.74,177.13,10.946,6.904,4.446,35.62,4.013,3.042,65.62,2.05,0.924,96.56,13.722,Shift A,normal
2026-09-06 14:00:00,20.3,29.09,67.29,176.69,10.746,7.112,4.354,32.97,3.957,3.171,64.0,2.192,0.985,95.62,13.575,Shift B,normal
2026-09-06 14:15:00,22.49,30.02,70.3,177.8,11.521,7.003,4.539,33.68,4.028,3.16,62.64,2.062,0.953,96.49,14.424,Shift B,normal
2026-09-06 14:30:00,17.89,29.63,72.28,176.11,10.253,6.933,4.28,32.31,4.35,3.184,63.57,1.935,0.891,96.14,13.058,Shift B,normal
2026-09-06 14:45:00,19.98,30.76,69.4,177.36,9.977,7.055,4.4,33.32,3.972,3.132,68.39,2.051,0.859,96.05,12.882,Shift B,normal
2026-09-06 15:00:00,18.81,30.04,73.83,174.56,10.044,6.956,4.537,33.24,4.132,3.22,63.95,1.672,0.979,96.04,12.736,Shift B,normal
2026-09-06 15:15:00,19.93,30.19,69.39,175.67,10.349,6.916,4.475,33.47,4.014,3.199,64.87,2.052,0.915,95.57,13.159,Shift B,normal
2026-09-06 15:30:00,21.32,31.38,70.45,177.07,10.732,6.913,4.732,34.51,4.127,2.947,70.96,1.972,1.011,96.54,13.568,Shift B,normal
2026-09-06 15:45:00,20.77,29.99,68.82,177.49,11.048,7.032,4.393,34.37,3.811,3.089,69.77,1.78,1.022,95.86,13.854,Shift B,normal
2026-09-06 16:00:00,20.67,33.25,72.98,175.06,10.379,7.021,4.534,33.48,4.211,3.307,71.81,2.081,1.014,96.28,13.248,Shift B,normal
2026-09-06 16:15:00,20.79,31.52,75.18,174.87,10.344,7.152,4.402,33.43,4.044,3.059,73.49,2.031,0.948,95.73,13.171,Shift B,normal
2026-09-06 16:30:00,21.26,31.74,67.4,176.26,10.538,6.971,4.409,34.95,3.984,2.991,67.32,2.095,0.931,95.46,13.317,Shift B,normal
2026-09-06 16:45:00,19.69,32.06,70.13,175.01,10.283,6.969,4.639,35.62,4.103,3.161,62.25,2.043,0.909,96.62,13.185,Shift B,normal
2026-09-06 17:00:00,21.92,33.33,73.22,175.32,10.673,7.144,4.423,35.23,4.032,3.245,66.16,2.046,1.061,95.72,13.529,Shift B,normal
2026-09-06 17:15:00,21.86,32.64,67.63,176.42,10.72,7.099,4.244,32.73,3.9,3.123,69.39,2.079,0.952,96.12,13.464,Shift B,normal
2026-09-06 17:30:00,21.5,30.89,71.45,174.98,11.069,7.014,4.405,34.97,3.765,3.257,71.67,2.173,1.011,94.86,14.028,Shift B,normal
2026-09-06 17:45:00,21.72,33.45,72.51,173.54,10.575,6.844,4.262,35.61,4.2,3.392,64.4,2.06,0.985,95.86,13.564,Shift B,normal
2026-09-06 18:00:00,21.39,32.19,69.95,174.2,10.715,6.919,4.369,32.74,3.99,2.976,68.01,1.877,0.936,96.12,13.545,Shift B,normal
2026-09-06 18:15:00,23.65,32.67,70.58,175.52,10.828,6.895,4.516,35.1,3.953,3.136,66.9,2.128,0.971,95.99,13.83,Shift B,normal
2026-09-06 18:30:00,20.89,31.67,72.66,173.66,11.122,7.004,4.457,34.29,3.957,2.928,66.36,1.998,1.01,95.86,14.043,Shift B,normal
2026-09-06 18:45:00,20.6,33.21,72.66,175.25,10.699,6.949,4.19,33.8,4.163,3.267,66.06,2.175,0.949,95.86,13.557,Shift B,normal
2026-09-06 19:00:00,20.02,32.34,68.24,174.19,11.092,7.16,4.545,34.31,3.964,3.101,67.16,1.936,0.918,96.21,14.092,Shift B,normal
2026-09-06 19:15:00,19.66,33.0,66.87,177.27,10.448,6.843,4.154,34.38,4.08,3.143,71.79,1.871,0.896,95.53,13.25,Shift B,normal
2026-09-06 19:30:00,19.38,32.74,65.64,177.86,10.916,6.884,4.348,35.05,3.981,3.293,66.87,1.847,0.949,95.91,13.673,Shift B,normal
2026-09-06 19:45:00,19.84,34.53,68.95,174.7,10.488,7.024,4.352,35.16,3.897,3.07,64.57,2.155,0.912,96.42,13.282,Shift B,normal
2026-09-06 20:00:00,20.91,34.59,63.76,176.09,10.39,7.052,4.554,33.2,4.112,3.064,65.03,2.042,0.981,95.43,13.287,Shift B,normal
2026-09-06 20:15:00,21.43,33.03,65.48,174.96,10.798,6.741,4.528,33.75,4.126,2.967,66.72,2.25,1.084,95.89,13.801,Shift B,normal
2026-09-06 20:30:00,21.07,33.02,65.65,175.71,11.415,6.826,4.606,34.39,3.948,3.307,64.34,2.212,0.979,95.56,14.398,Shift B,normal
2026-09-06 20:45:00,20.0,32.62,63.89,177.92,10.701,6.974,4.357,35.38,4.011,3.282,66.42,1.915,1.03,96.1,13.494,Shift B,normal
2026-09-06 21:00:00,22.17,33.75,64.89,175.77,10.86,7.136,4.474,32.11,4.029,3.17,60.72,1.958,0.93,95.96,13.782,Shift B,normal
2026-09-06 21:15:00,21.96,32.52,68.88,176.07,10.447,7.189,4.567,33.76,4.059,3.053,67.13,2.051,0.998,95.62,13.25,Shift B,normal
2026-09-06 21:30:00,20.79,32.36,62.93,175.54,10.267,6.959,4.571,33.02,4.211,3.273,66.32,2.11,1.012,95.95,13.257,Shift B,normal
2026-09-06 21:45:00,20.15,33.37,61.72,177.76,10.703,6.983,4.508,33.18,3.985,3.465,62.65,1.863,1.011,96.02,13.644,Shift B,normal
2026-09-06 22:00:00,0.71,32.03,64.03,28.73,0.193,4.032,0.519,32.37,3.979,0.976,5.86,0.144,0.12,92.06,0.587,Idle,normal
2026-09-06 22:15:00,0.24,32.3,61.89,28.4,0.208,3.872,0.644,31.26,3.996,0.88,6.04,0.109,0.12,92.11,0.851,Idle,normal
2026-09-06 22:30:00,0.0,30.91,63.7,30.21,0.271,4.009,0.512,29.62,3.913,1.124,7.2,0.24,0.12,92.08,0.834,Idle,normal
2026-09-06 22:45:00,0.0,32.57,60.57,30.07,0.1,4.03,0.564,31.53,3.842,0.887,4.75,0.142,0.12,91.5,0.496,Idle,normal
2026-09-06 23:00:00,0.34,33.38,59.17,29.45,0.131,4.027,0.534,33.33,4.031,0.963,5.14,0.095,0.12,92.61,0.625,Idle,normal
2026-09-06 23:15:00,0.0,32.21,55.54,29.53,0.526,3.94,0.556,30.17,4.066,0.736,5.45,0.107,0.12,92.71,0.829,Idle,normal
2026-09-06 23:30:00,0.25,32.6,55.32,30.39,0.1,4.039,0.61,32.11,4.015,0.97,4.24,0.136,0.12,91.7,0.65,Idle,normal
2026-09-06 23:45:00,0.0,30.55,54.35,31.39,0.226,4.0,0.662,32.81,4.0,0.872,4.15,0.228,0.12,92.76,0.828,Idle,normal
2026-09-07 00:00:00,1.74,31.19,58.26,29.22,0.452,4.03,0.522,31.47,3.919,1.126,5.4,0.143,0.12,92.42,1.209,Idle,normal
2026-09-07 00:15:00,1.62,30.01,54.28,30.09,0.1,3.994,0.572,33.0,4.029,0.902,3.46,0.135,0.12,91.92,0.603,Idle,normal
2026-09-07 00:30:00,0.0,30.35,59.03,30.96,0.47,4.019,0.513,30.91,4.022,1.078,3.68,0.184,0.12,92.25,0.953,Idle,normal
2026-09-07 00:45:00,0.47,30.9,56.13,29.22,0.1,4.055,0.57,32.68,4.055,0.99,5.82,0.187,0.12,92.03,0.646,Idle,normal
2026-09-07 01:00:00,0.0,30.12,55.15,29.98,0.661,3.99,0.604,32.45,4.037,1.013,5.5,0.176,0.12,92.62,1.317,Idle,normal
2026-09-07 01:15:00,0.0,28.65,53.55,29.96,0.478,4.014,0.638,31.36,4.038,1.052,6.25,0.158,0.12,91.98,1.073,Idle,normal
2026-09-07 01:30:00,0.0,28.47,56.1,28.69,0.369,4.062,0.494,30.09,4.13,0.995,5.46,0.106,0.12,93.01,0.927,Idle,normal
2026-09-07 01:45:00,0.0,28.16,52.91,30.17,0.744,3.993,0.628,30.54,4.054,0.935,5.01,0.12,0.12,92.71,1.318,Idle,normal
2026-09-07 02:00:00,0.93,29.39,52.24,30.03,0.235,3.944,0.551,29.51,4.05,0.919,6.29,0.086,0.12,91.87,0.757,Idle,normal
2026-09-07 02:15:00,2.6,30.39,56.3,30.56,0.134,4.034,0.539,31.94,3.831,1.051,4.58,0.141,0.12,92.89,0.547,Idle,normal
2026-09-07 02:30:00,0.0,29.57,54.39,28.81,0.83,4.072,0.603,31.82,4.108,0.81,4.67,0.133,0.12,92.53,1.193,Idle,normal
2026-09-07 02:45:00,0.0,26.7,53.01,30.01,0.994,4.064,0.631,31.29,3.961,1.168,4.94,0.129,0.12,92.25,1.442,Idle,normal
2026-09-07 03:00:00,0.31,29.1,54.59,31.38,0.107,4.036,0.595,31.3,4.008,1.013,5.45,0.161,0.12,92.57,0.546,Idle,normal
2026-09-07 03:15:00,2.09,28.46,53.19,32.08,0.31,3.883,0.545,32.4,3.871,0.966,4.93,0.124,0.12,92.68,0.725,Idle,normal
2026-09-07 03:30:00,0.0,26.23,53.84,31.28,0.716,3.968,0.595,31.4,4.198,1.027,3.51,0.136,0.12,92.07,1.397,Idle,normal
2026-09-07 03:45:00,0.32,26.99,51.39,28.82,0.323,3.971,0.564,30.76,3.745,0.941,4.73,0.131,0.12,92.56,0.767,Idle,normal
2026-09-07 04:00:00,2.37,27.88,57.14,30.45,0.558,4.002,0.63,31.44,4.144,0.982,4.97,0.149,0.12,92.16,1.099,Idle,normal
2026-09-07 04:15:00,0.0,27.22,51.86,29.52,0.623,4.084,0.654,32.92,4.035,0.887,5.11,0.165,0.12,92.57,1.122,Idle,normal
2026-09-07 04:30:00,0.0,25.52,56.19,30.28,0.153,3.946,0.651,31.64,3.796,1.038,4.55,0.096,0.12,92.26,0.707,Idle,normal
2026-09-07 04:45:00,0.0,26.85,52.8,29.23,0.497,4.112,0.599,30.91,4.195,0.992,5.51,0.168,0.12,91.93,1.035,Idle,normal
2026-09-07 05:00:00,0.0,24.46,54.92,28.29,0.348,3.981,0.656,31.03,4.033,1.019,3.39,0.161,0.12,92.48,0.799,Idle,normal
2026-09-07 05:15:00,1.06,25.81,54.95,29.66,0.1,3.962,0.549,31.47,3.751,1.148,5.42,0.167,0.12,92.16,0.706,Idle,normal
2026-09-07 05:30:00,0.31,26.74,55.98,30.72,0.1,4.042,0.689,30.93,3.949,0.92,6.79,0.155,0.12,92.37,0.579,Idle,normal
2026-09-07 05:45:00,0.0,25.69,52.25,30.29,0.122,4.046,0.549,30.68,4.04,0.987,4.39,0.164,0.12,92.45,0.582,Idle,normal
2026-09-07 06:00:00,21.67,25.14,56.36,179.76,11.959,7.149,4.587,33.66,4.156,2.89,65.05,2.077,1.013,96.47,14.801,Shift A,normal
2026-09-07 06:15:00,20.25,26.12,58.21,181.11,12.364,6.889,4.444,34.87,3.948,3.111,68.43,2.185,0.881,95.77,15.308,Shift A,normal
2026-09-07 06:30:00,22.66,26.08,54.34,178.6,11.642,6.958,4.597,34.39,3.724,3.036,64.44,2.117,0.998,95.69,14.504,Shift A,normal
2026-09-07 06:45:00,20.18,26.26,55.3,181.23,12.228,7.155,4.573,33.43,4.135,3.075,64.46,2.067,0.962,96.5,15.13,Shift A,normal
2026-09-07 07:00:00,20.17,25.84,54.59,180.39,11.877,6.803,4.548,34.4,4.037,3.042,63.9,2.039,0.958,95.94,14.781,Shift A,normal
2026-09-07 07:15:00,21.7,25.94,55.37,179.88,11.776,6.995,4.535,33.71,3.765,2.98,66.64,2.094,1.013,95.76,14.677,Shift A,normal
2026-09-07 07:30:00,21.99,25.62,59.94,180.08,11.914,7.123,4.777,34.11,4.021,3.302,71.92,2.124,0.963,96.07,14.947,Shift A,normal
2026-09-07 07:45:00,21.58,25.22,54.99,180.08,11.905,7.121,4.42,33.77,4.03,3.05,69.96,1.95,0.962,95.83,14.613,Shift A,normal
2026-09-07 08:00:00,18.81,25.07,55.62,181.46,11.569,7.066,4.186,31.72,3.952,3.067,63.49,1.878,0.948,95.82,14.324,Shift A,normal
2026-09-07 08:15:00,21.7,24.82,61.24,183.31,12.986,7.069,4.501,31.15,3.901,2.915,66.09,2.086,0.955,96.77,15.752,Shift A,normal
2026-09-07 08:30:00,19.66,24.06,59.8,181.2,11.657,6.896,4.334,33.6,3.919,3.105,68.35,1.873,0.868,95.57,14.287,Shift A,normal
2026-09-07 08:45:00,21.31,24.31,63.35,179.31,11.85,7.137,4.183,32.66,3.949,3.011,63.68,2.078,0.935,95.46,14.59,Shift A,normal
2026-09-07 09:00:00,19.15,24.91,58.77,180.4,12.226,6.88,4.271,32.14,4.019,3.085,65.3,1.825,0.917,96.37,14.934,Shift A,normal
2026-09-07 09:15:00,21.58,25.41,60.5,180.32,11.066,6.886,4.536,33.0,4.064,3.143,65.6,2.207,0.931,95.81,14.232,Shift A,normal
2026-09-07 09:30:00,19.95,26.46,59.5,178.6,11.696,7.039,4.39,34.39,3.775,3.038,65.44,1.976,0.924,96.1,14.581,Shift A,normal
2026-09-07 09:45:00,19.33,25.38,61.7,178.13,11.016,6.951,4.267,33.77,4.011,2.98,67.83,2.135,0.941,96.22,13.884,Shift A,normal
2026-09-07 10:00:00,21.93,26.34,58.45,179.19,11.832,7.021,4.521,34.34,4.038,2.834,65.73,2.068,0.949,95.36,14.617,Shift A,normal
2026-09-07 10:15:00,21.31,26.54,63.96,179.91,11.834,7.043,4.494,34.09,4.007,3.03,70.11,1.999,0.998,96.35,14.674,Shift A,normal
2026-09-07 10:30:00,20.2,25.64,63.82,177.34,11.414,7.178,4.498,32.92,3.946,2.979,72.78,2.139,0.986,95.79,14.495,Shift A,normal
2026-09-07 10:45:00,22.89,26.47,63.64,178.08,11.351,7.043,4.496,34.34,4.132,2.963,70.41,2.064,0.856,96.66,14.12,Shift A,normal
2026-09-07 11:00:00,20.43,25.98,63.55,179.22,10.882,6.938,4.53,34.17,4.122,3.213,66.13,1.977,0.873,95.69,13.776,Shift A,normal
2026-09-07 11:15:00,21.04,27.42,63.1,178.53,11.188,7.068,4.332,33.6,3.957,3.178,70.41,1.998,0.832,96.53,14.145,Shift A,normal
2026-09-07 11:30:00,21.35,27.07,66.9,179.74,11.782,6.917,4.421,33.77,3.984,2.893,63.89,1.98,0.943,96.57,14.509,Shift A,normal
2026-09-07 11:45:00,20.19,25.83,63.64,176.75,10.748,7.091,4.616,34.38,4.064,3.075,70.74,2.23,0.926,95.8,13.697,Shift A,normal
2026-09-07 12:00:00,21.61,27.13,67.52,180.35,12.07,7.006,4.374,33.09,4.121,3.006,65.19,1.85,0.967,95.87,14.843,Shift A,normal
2026-09-07 12:15:00,20.31,28.55,71.15,176.3,10.762,7.04,4.339,34.65,3.917,3.134,72.78,1.882,0.986,95.85,13.501,Shift A,normal
2026-09-07 12:30:00,20.46,27.32,70.45,175.64,10.546,6.822,4.278,34.1,3.889,2.993,64.27,2.152,0.943,96.47,13.424,Shift A,normal
2026-09-07 12:45:00,22.77,28.07,64.92,177.45,10.766,6.775,4.467,33.83,4.024,3.043,70.48,2.186,0.943,96.05,13.562,Shift A,normal
2026-09-07 13:00:00,19.65,28.4,67.29,176.22,10.585,6.85,4.395,35.03,3.885,3.188,61.0,1.86,0.936,96.14,13.467,Shift A,normal
2026-09-07 13:15:00,17.86,27.39,69.61,177.16,10.753,7.175,4.357,32.67,3.799,3.149,63.44,1.732,0.89,95.93,13.544,Shift A,normal
2026-09-07 13:30:00,23.09,28.89,69.0,176.97,10.413,6.885,4.583,33.6,3.918,3.254,65.55,2.28,0.903,96.14,13.465,Shift A,normal
2026-09-07 13:45:00,24.31,27.62,66.68,176.7,10.895,7.073,4.62,33.35,4.036,3.068,65.56,2.09,1.04,96.16,13.809,Shift A,normal
2026-09-07 14:00:00,20.47,28.5,70.56,175.91,10.07,6.936,4.279,34.03,4.153,2.97,70.04,1.948,0.967,95.74,12.867,Shift B,normal
2026-09-07 14:15:00,18.48,30.12,70.05,177.04,10.501,6.976,4.222,34.78,3.934,3.219,60.95,1.977,0.994,96.6,13.411,Shift B,normal
2026-09-07 14:30:00,20.6,29.81,74.14,176.16,11.217,6.996,4.25,33.04,3.991,3.219,64.33,1.913,0.885,95.88,13.896,Shift B,normal
2026-09-07 14:45:00,20.63,29.54,70.02,177.46,10.549,7.164,4.526,36.63,4.018,3.186,64.01,2.166,0.867,96.35,13.364,Shift B,normal
2026-09-07 15:00:00,20.75,30.39,73.03,176.05,11.049,7.058,4.542,33.53,3.941,3.058,70.1,2.036,0.902,95.51,13.955,Shift B,normal
2026-09-07 15:15:00,19.55,30.24,68.29,175.16,11.66,7.039,4.368,34.23,3.932,3.022,68.65,1.888,0.955,96.17,14.509,Shift B,normal
2026-09-07 15:30:00,21.75,30.54,68.87,174.33,11.374,7.13,4.558,34.09,4.04,3.197,71.39,2.046,1.004,96.28,14.311,Shift B,normal
2026-09-07 15:45:00,21.68,31.29,72.42,175.75,10.909,6.937,4.606,34.21,3.889,3.056,65.15,2.152,0.974,96.04,13.905,Shift B,normal
2026-09-07 16:00:00,19.06,30.42,73.17,174.57,10.927,7.107,4.356,33.31,3.929,3.101,69.2,1.952,0.936,96.29,13.709,Shift B,normal
2026-09-07 16:15:00,21.91,31.25,69.07,174.41,10.395,7.09,4.682,35.08,3.989,3.442,65.33,2.183,1.006,95.66,13.55,Shift B,normal
2026-09-07 16:30:00,23.67,31.19,70.97,176.22,10.513,7.089,4.497,33.41,4.041,3.368,67.04,2.154,0.961,96.12,13.477,Shift B,normal
2026-09-07 16:45:00,21.22,30.37,68.06,173.86,10.86,6.984,4.432,32.57,3.854,3.204,65.01,1.837,1.008,95.36,13.643,Shift B,normal
2026-09-07 17:00:00,20.56,31.09,70.33,177.0,11.027,6.956,4.378,33.12,3.995,3.083,64.52,2.062,1.046,96.03,14.008,Shift B,normal
2026-09-07 17:15:00,20.82,33.26,72.2,175.71,11.17,6.913,4.527,35.44,3.888,3.108,66.46,2.08,0.897,95.67,14.114,Shift B,normal
2026-09-07 17:30:00,21.8,32.48,69.44,175.48,10.662,6.919,4.336,35.1,3.946,3.242,65.1,2.307,0.949,95.91,13.559,Shift B,normal
2026-09-07 17:45:00,18.75,31.27,69.57,174.47,10.671,6.908,4.499,32.5,4.088,3.31,65.57,1.721,0.856,96.39,13.458,Shift B,normal
2026-09-07 18:00:00,21.21,31.23,67.53,176.26,10.915,7.037,4.54,34.78,4.002,3.101,59.26,1.755,0.906,96.56,13.764,Shift B,normal
2026-09-07 18:15:00,20.49,32.5,68.19,175.5,10.705,6.977,4.64,32.71,4.181,3.144,67.13,2.024,0.966,95.49,13.543,Shift B,normal
2026-09-07 18:30:00,23.4,33.94,72.66,174.84,10.965,7.043,4.599,34.36,4.013,3.211,65.79,2.161,0.897,96.36,13.932,Shift B,normal
2026-09-07 18:45:00,20.77,32.64,68.91,175.75,10.486,7.049,4.38,33.17,4.111,3.048,64.69,1.83,0.91,96.43,13.24,Shift B,normal
2026-09-07 19:00:00,23.17,33.91,66.36,173.9,11.109,6.894,4.669,35.14,4.099,3.072,66.92,2.123,1.031,96.01,14.075,Shift B,normal
2026-09-07 19:15:00,19.57,33.2,67.3,174.0,10.766,6.891,4.498,34.7,4.015,3.071,68.44,1.988,0.946,96.38,13.456,Shift B,normal
2026-09-07 19:30:00,21.76,33.34,64.28,174.57,10.702,6.977,4.42,35.0,3.886,3.236,69.1,1.906,1.0,95.77,13.495,Shift B,normal
2026-09-07 19:45:00,21.42,31.92,64.97,176.11,11.096,6.922,4.245,33.76,4.001,3.192,66.78,2.064,0.892,95.77,13.94,Shift B,normal
2026-09-07 20:00:00,19.87,33.75,69.22,175.83,11.073,6.912,4.173,33.94,3.966,3.308,63.74,2.041,0.942,95.77,13.998,Shift B,normal
2026-09-07 20:15:00,21.23,32.72,65.7,176.97,11.178,7.17,4.505,33.03,3.958,3.002,69.46,2.076,1.049,96.22,14.05,Shift B,normal
2026-09-07 20:30:00,22.58,33.66,69.23,175.1,10.554,6.847,4.739,33.63,4.034,3.047,73.7,2.152,0.938,95.89,13.556,Shift B,normal
2026-09-07 20:45:00,20.58,32.27,64.7,176.7,10.885,7.202,4.279,34.8,3.868,3.206,66.44,2.047,0.923,95.72,13.605,Shift B,normal
2026-09-07 21:00:00,18.8,33.01,64.26,176.12,10.323,7.029,4.295,34.41,3.929,3.091,60.13,1.849,0.955,95.72,13.059,Shift B,normal
2026-09-07 21:15:00,20.98,33.07,65.04,175.41,10.823,7.099,4.417,34.28,3.915,3.099,64.77,2.043,0.907,95.94,13.686,Shift B,normal
2026-09-07 21:30:00,19.83,32.57,57.83,176.86,10.489,7.087,4.62,35.3,3.989,3.277,67.52,2.096,0.974,95.67,13.451,Shift B,normal
2026-09-07 21:45:00,20.55,32.91,63.0,176.55,11.278,7.062,4.704,33.33,3.939,3.122,65.17,1.948,0.857,96.2,14.222,Shift B,normal
2026-09-07 22:00:00,0.0,32.25,61.9,31.5,0.624,4.001,0.607,32.23,3.943,0.956,5.61,0.124,0.12,92.76,1.118,Idle,normal
2026-09-07 22:15:00,0.0,31.81,64.38,30.62,0.754,3.998,0.562,30.65,4.025,0.975,3.23,0.141,0.12,92.66,1.246,Idle,normal
2026-09-07 22:30:00,0.0,33.46,62.75,30.3,0.718,3.996,0.563,32.91,3.973,0.981,4.47,0.101,0.12,93.33,1.274,Idle,normal
2026-09-07 22:45:00,0.63,32.85,57.98,28.98,0.255,3.961,0.548,32.1,4.016,1.068,7.03,0.187,0.12,92.42,0.756,Idle,normal
2026-09-07 23:00:00,0.0,31.22,62.15,30.49,0.201,3.96,0.647,32.37,3.897,0.879,5.64,0.147,0.12,92.91,0.639,Idle,normal
2026-09-07 23:15:00,0.0,32.09,58.58,28.72,0.96,4.027,0.659,31.11,3.93,0.981,4.7,0.104,0.12,92.33,1.525,Idle,normal
2026-09-07 23:30:00,1.02,30.84,56.75,31.31,0.292,3.964,0.601,33.28,4.211,1.116,4.01,0.117,0.12,92.24,0.766,Idle,normal
2026-09-07 23:45:00,0.35,30.27,58.41,30.42,0.1,4.041,0.573,33.07,3.935,1.213,6.11,0.115,0.12,92.35,0.781,Idle,normal
2026-09-08 00:00:00,0.0,31.83,57.09,29.18,0.703,3.997,0.515,31.91,3.801,0.864,6.53,0.187,0.12,92.34,1.039,Idle,normal
2026-09-08 00:15:00,0.0,29.41,60.08,30.8,0.4,4.041,0.64,32.39,4.036,1.033,3.85,0.168,0.12,92.28,0.929,Idle,normal
2026-09-08 00:30:00,1.09,31.27,57.2,32.24,0.877,4.032,0.566,31.31,3.938,0.981,3.95,0.145,0.12,91.98,1.523,Idle,normal
2026-09-08 00:45:00,0.45,30.08,56.48,29.78,0.435,4.042,0.544,30.43,4.029,0.99,5.28,0.135,0.12,91.95,1.103,Idle,normal
2026-09-08 01:00:00,3.1,29.87,57.44,30.55,0.343,3.976,0.601,32.1,3.995,0.921,5.37,0.14,0.12,92.71,0.844,Idle,normal
2026-09-08 01:15:00,0.55,30.11,57.42,29.57,0.884,4.02,0.583,30.73,4.059,1.076,5.48,0.221,0.12,92.58,1.535,Idle,normal
2026-09-08 01:30:00,0.5,29.99,56.43,30.09,0.1,4.037,0.524,32.47,3.994,1.07,6.84,0.141,0.12,92.92,0.688,Idle,normal
2026-09-08 01:45:00,0.0,28.6,57.36,28.49,0.145,3.922,0.531,32.15,3.976,1.252,4.03,0.184,0.12,92.12,0.69,Idle,normal
2026-09-08 02:00:00,1.06,29.57,55.42,30.0,0.1,4.085,0.617,31.64,4.117,0.868,5.04,0.137,0.12,92.13,0.635,Idle,normal
2026-09-08 02:15:00,0.81,28.83,54.26,30.04,0.1,4.113,0.567,31.5,3.778,0.825,5.72,0.217,0.12,91.9,0.526,Idle,normal
2026-09-08 02:30:00,1.63,27.47,56.16,31.8,0.656,4.047,0.626,32.08,3.861,1.205,5.71,0.101,0.12,92.71,1.106,Idle,normal
2026-09-08 02:45:00,0.0,28.08,53.3,28.2,0.155,4.04,0.607,31.54,3.914,0.995,4.35,0.182,0.12,91.94,0.734,Idle,normal
2026-09-08 03:00:00,0.0,29.07,53.37,29.72,0.667,4.029,0.652,31.11,3.831,0.954,4.39,0.12,0.12,92.28,1.236,Idle,normal
2026-09-08 03:15:00,0.0,29.06,56.62,31.29,0.486,3.984,0.558,30.16,3.952,1.019,4.54,0.239,0.12,92.44,0.938,Idle,normal
2026-09-08 03:30:00,1.03,28.04,56.32,29.76,0.562,3.994,0.612,32.09,3.938,0.861,6.7,0.178,0.12,91.75,1.056,Idle,normal
2026-09-08 03:45:00,1.95,26.28,53.0,29.83,0.191,4.048,0.632,31.49,4.087,1.038,4.02,0.082,0.12,92.57,0.626,Idle,normal
2026-09-08 04:00:00,0.0,27.39,52.09,29.17,0.1,3.951,0.569,33.45,3.985,0.992,4.68,0.113,0.12,92.63,0.574,Idle,normal
2026-09-08 04:15:00,0.0,27.46,55.95,29.07,0.381,3.947,0.656,31.23,3.973,1.107,5.78,0.177,0.12,92.37,0.924,Idle,normal
2026-09-08 04:30:00,0.41,27.15,54.68,28.17,0.672,3.98,0.517,31.43,3.955,1.086,3.91,0.176,0.12,92.22,1.268,Idle,normal
2026-09-08 04:45:00,0.0,26.99,53.8,29.37,0.332,4.033,0.558,31.46,3.887,1.094,5.26,0.173,0.12,92.27,0.841,Idle,normal
2026-09-08 05:00:00,1.24,26.46,52.66,29.01,0.104,3.957,0.515,31.65,4.079,1.019,3.1,0.156,0.12,92.77,0.518,Idle,normal
2026-09-08 05:15:00,0.0,25.93,54.14,30.12,0.1,3.989,0.563,30.35,4.109,1.16,5.19,0.137,0.12,92.32,0.795,Idle,normal
2026-09-08 05:30:00,0.0,25.34,53.64,29.21,0.421,3.995,0.592,31.03,3.864,1.058,5.05,0.193,0.12,92.27,1.014,Idle,normal
2026-09-08 05:45:00,0.0,24.16,52.6,29.52,0.156,3.949,0.642,31.69,4.143,0.947,5.16,0.115,0.12,92.05,0.746,Idle,normal
2026-09-08 06:00:00,17.98,25.81,54.46,180.58,11.591,6.871,4.318,33.29,3.92,2.967,61.34,1.946,1.014,94.96,14.427,Shift A,normal
2026-09-08 06:15:00,19.75,25.56,55.05,179.62,11.341,7.034,4.28,34.14,3.911,2.973,71.52,2.08,0.979,96.34,14.219,Shift A,normal
2026-09-08 06:30:00,19.81,25.75,54.11,180.07,11.428,7.085,4.453,33.71,4.034,3.115,66.69,1.993,0.983,95.95,14.323,Shift A,normal
2026-09-08 06:45:00,20.74,24.14,57.04,180.76,12.025,7.099,4.379,33.78,4.037,2.894,67.04,2.001,1.057,95.62,14.87,Shift A,normal
2026-09-08 07:00:00,22.45,25.65,58.21,179.3,11.748,6.865,4.756,34.74,3.979,3.066,67.58,2.09,1.037,96.71,14.721,Shift A,normal
2026-09-08 07:15:00,20.68,26.72,58.01,180.53,12.517,6.848,4.492,33.56,3.956,2.984,69.4,1.902,0.942,96.09,15.287,Shift A,normal
2026-09-08 07:30:00,19.66,25.1,55.97,180.1,11.846,6.946,4.296,32.32,4.102,2.925,66.86,2.024,0.937,95.88,14.687,Shift A,normal
2026-09-08 07:45:00,20.93,24.96,58.51,179.58,12.071,7.138,4.497,33.39,3.922,2.924,72.5,1.93,1.069,96.32,14.88,Shift A,normal
2026-09-08 08:00:00,22.36,25.25,57.66,179.69,11.386,7.022,4.431,32.92,3.978,3.04,64.49,2.213,0.931,96.09,14.274,Shift A,normal
2026-09-08 08:15:00,19.73,26.63,55.55,179.92,10.965,6.923,4.415,31.98,4.16,3.159,61.12,2.069,0.928,96.07,13.863,Shift A,normal
2026-09-08 08:30:00,19.82,24.22,59.9,179.22,11.301,6.855,4.362,33.37,3.847,2.946,63.61,2.043,0.887,95.76,14.122,Shift A,normal
2026-09-08 08:45:00,21.73,25.24,59.4,179.89,11.983,6.932,4.404,33.72,3.939,2.832,69.21,2.1,0.87,96.2,14.678,Shift A,normal
2026-09-08 09:00:00,20.71,24.5,64.86,179.49,11.711,6.925,4.342,34.28,4.084,3.353,65.36,2.073,0.905,96.29,14.621,Shift A,normal
2026-09-08 09:15:00,21.84,24.77,63.16,179.04,11.851,7.094,4.803,32.87,4.036,3.151,71.47,1.971,0.919,95.76,14.705,Shift A,normal
2026-09-08 09:30:00,20.98,25.26,62.25,181.11,11.203,7.101,4.47,33.68,4.074,3.144,65.7,1.968,0.921,95.26,14.068,Shift A,normal
2026-09-08 09:45:00,21.91,26.49,61.91,179.8,12.109,6.895,4.463,34.6,3.858,3.218,70.97,2.271,0.994,96.29,15.133,Shift A,normal
2026-09-08 10:00:00,19.65,26.98,62.33,178.87,11.311,7.075,4.307,33.18,4.024,3.087,63.2,1.987,0.935,96.2,14.259,Shift A,normal
2026-09-08 10:15:00,20.98,26.03,60.58,179.25,10.876,7.065,4.516,34.13,3.96,3.042,70.44,1.873,1.002,96.26,13.755,Shift A,normal
2026-09-08 10:30:00,20.73,25.53,59.7,177.93,11.315,6.882,4.367,34.84,4.213,3.202,70.76,2.042,0.956,96.01,14.251,Shift A,normal
2026-09-08 10:45:00,19.42,27.99,62.01,178.37,11.107,6.992,4.234,32.18,4.077,3.235,63.78,2.065,0.942,96.33,13.864,Shift A,normal
2026-09-08 11:00:00,18.97,25.83,64.23,178.33,11.133,7.034,4.334,33.78,3.985,3.115,66.54,1.951,0.913,95.76,13.979,Shift A,normal
2026-09-08 11:15:00,21.89,25.91,60.68,177.24,11.386,7.016,4.509,34.61,4.016,3.146,68.51,1.982,1.06,95.92,14.196,Shift A,normal
2026-09-08 11:30:00,20.54,25.14,64.36,178.71,11.38,6.829,4.383,33.26,3.99,2.918,68.04,2.07,0.925,95.62,14.275,Shift A,normal
2026-09-08 11:45:00,19.67,27.89,65.49,177.66,10.404,7.013,4.273,34.8,4.065,3.072,69.56,2.152,0.982,96.4,13.163,Shift A,normal
2026-09-08 12:00:00,20.87,27.77,66.07,177.64,10.969,7.064,4.406,34.27,3.909,3.253,69.71,2.028,0.891,95.97,13.76,Shift A,normal
2026-09-08 12:15:00,22.47,29.17,65.68,177.27,10.523,7.158,4.492,35.35,4.137,3.206,69.76,2.099,0.957,96.06,13.497,Shift A,normal
2026-09-08 12:30:00,18.04,26.36,66.8,180.63,11.871,6.933,4.209,33.99,3.857,2.907,66.22,1.873,1.017,96.09,14.731,Shift A,normal
2026-09-08 12:45:00,19.05,28.88,71.38,176.85,11.229,6.945,4.376,35.32,4.02,3.058,61.34,1.963,0.963,95.89,14.128,Shift A,normal
2026-09-08 13:00:00,19.8,28.02,69.69,175.28,10.251,6.979,4.655,34.19,3.914,3.242,65.7,1.899,0.868,96.22,13.114,Shift A,normal
2026-09-08 13:15:00,22.9,28.86,67.65,175.6,10.724,7.029,4.734,32.97,4.004,3.155,65.31,1.956,0.923,96.52,13.562,Shift A,normal
2026-09-08 13:30:00,21.37,27.16,69.0,177.8,10.782,7.01,4.715,33.41,4.091,3.104,67.18,2.195,1.037,96.34,13.736,Shift A,normal
2026-09-08 13:45:00,22.0,29.91,69.43,178.23,11.076,7.06,4.452,34.78,3.832,3.136,71.15,1.949,0.968,95.39,13.938,Shift A,normal
2026-09-08 14:00:00,19.52,29.63,68.26,176.07,10.843,6.887,4.572,34.82,3.986,3.114,65.54,1.736,0.92,95.99,13.648,Shift B,normal
2026-09-08 14:15:00,19.54,29.23,68.53,177.89,10.799,7.04,4.4,33.63,3.857,3.052,58.07,2.054,0.896,96.05,13.542,Shift B,normal
2026-09-08 14:30:00,21.58,30.04,72.34,177.22,11.235,6.926,4.613,35.53,3.976,3.045,64.28,1.85,0.943,96.42,14.176,Shift B,normal
2026-09-08 14:45:00,21.08,29.17,69.68,176.16,11.212,6.986,4.519,33.67,3.856,3.205,68.71,1.939,1.024,95.76,14.213,Shift B,normal
2026-09-08 15:00:00,21.71,29.57,68.5,175.97,11.264,7.171,4.462,34.32,4.018,3.148,65.92,1.981,0.926,95.59,14.269,Shift B,normal
2026-09-08 15:15:00,20.76,29.92,70.74,176.3,10.432,6.86,4.532,34.37,3.961,3.196,69.03,1.986,0.919,96.25,13.183,Shift B,normal
2026-09-08 15:30:00,21.36,29.05,71.16,176.89,11.426,6.972,4.54,32.89,4.075,3.174,63.6,2.27,0.986,95.97,14.329,Shift B,normal
2026-09-08 15:45:00,21.21,31.46,67.04,176.32,11.376,6.873,4.26,33.88,4.133,3.308,68.23,2.022,0.902,95.74,14.244,Shift B,normal
2026-09-08 16:00:00,22.01,31.95,70.92,175.16,11.415,7.015,4.506,36.07,4.013,3.212,69.11,2.136,0.917,95.84,14.333,Shift B,normal
2026-09-08 16:15:00,22.05,30.66,72.72,175.58,10.831,7.105,4.628,33.4,4.096,3.232,70.21,2.179,0.965,95.45,13.771,Shift B,normal
2026-09-08 16:30:00,18.89,31.71,71.83,177.67,10.593,7.017,4.367,34.56,4.149,3.19,63.04,1.857,0.928,96.05,13.335,Shift B,normal
2026-09-08 16:45:00,18.08,31.42,75.29,175.88,10.22,6.988,4.341,33.09,3.917,3.054,66.61,2.006,0.876,95.84,12.934,Shift B,normal
2026-09-08 17:00:00,22.3,32.09,73.2,176.45,10.584,7.133,4.448,33.39,4.156,3.158,72.59,2.146,0.991,96.15,13.657,Shift B,normal
2026-09-08 17:15:00,22.54,31.51,73.42,176.09,10.962,7.033,4.583,33.05,4.006,3.217,61.47,2.175,0.981,95.88,13.812,Shift B,normal
2026-09-08 17:30:00,19.67,31.47,75.92,175.79,10.991,7.082,4.369,34.79,3.912,3.217,65.86,1.94,0.837,95.96,13.682,Shift B,normal
2026-09-08 17:45:00,18.58,33.17,71.59,175.61,11.05,7.072,4.291,33.43,4.047,3.336,59.3,1.959,0.962,95.78,13.817,Shift B,normal
2026-09-08 18:00:00,21.13,32.41,70.12,176.4,10.694,6.712,4.386,35.14,4.006,3.128,64.44,2.009,0.925,95.87,13.547,Shift B,normal
2026-09-08 18:15:00,22.21,34.21,71.43,176.22,10.927,6.992,4.642,34.01,3.88,3.219,65.65,2.209,1.007,95.56,13.899,Shift B,normal
2026-09-08 18:30:00,23.34,32.73,68.02,175.79,10.969,6.892,4.642,34.42,3.905,3.159,68.8,2.035,1.084,96.31,13.957,Shift B,normal
2026-09-08 18:45:00,21.67,32.05,68.98,174.85,10.62,6.917,4.53,34.52,4.176,3.343,68.64,2.201,0.957,95.91,13.547,Shift B,normal
2026-09-08 19:00:00,20.52,33.85,67.07,175.97,11.034,7.147,4.677,33.13,4.047,3.241,69.18,2.025,0.914,95.25,13.981,Shift B,normal
2026-09-08 19:15:00,19.84,33.43,68.73,175.57,10.825,6.963,4.447,34.41,4.166,3.245,66.65,1.974,1.007,95.38,13.724,Shift B,normal
2026-09-08 19:30:00,21.01,33.55,66.18,175.38,10.841,7.189,4.605,34.64,3.977,3.188,68.93,2.079,0.91,96.3,13.888,Shift B,normal
2026-09-08 19:45:00,20.61,33.94,65.63,178.44,11.291,6.859,4.469,35.21,3.94,3.174,63.31,1.987,1.042,95.97,14.326,Shift B,normal
2026-09-08 20:00:00,19.68,32.48,67.33,174.3,10.906,6.892,4.338,33.33,3.846,3.017,68.88,1.923,0.913,95.9,13.667,Shift B,normal
2026-09-08 20:15:00,23.66,32.89,65.71,176.88,11.347,7.076,4.493,33.58,4.112,3.065,59.41,2.277,0.953,95.97,14.337,Shift B,normal
2026-09-08 20:30:00,23.32,32.83,61.59,175.15,10.69,6.966,4.628,34.84,4.056,3.203,73.57,2.071,1.098,96.1,13.678,Shift B,normal
2026-09-08 20:45:00,22.48,31.89,61.98,176.25,11.279,7.031,4.229,35.11,3.971,3.167,72.27,2.307,0.988,96.49,14.239,Shift B,normal
2026-09-08 21:00:00,19.8,32.65,62.03,178.8,11.278,6.989,4.421,33.69,3.935,3.191,68.07,1.921,1.019,96.14,14.172,Shift B,normal
2026-09-08 21:15:00,22.11,33.86,61.99,175.39,10.733,6.986,4.565,33.37,4.132,3.304,74.59,2.078,0.964,96.04,13.744,Shift B,normal
2026-09-08 21:30:00,21.83,32.89,64.0,175.75,10.958,6.97,4.484,33.97,3.998,3.191,62.24,2.114,0.957,95.74,13.937,Shift B,normal
2026-09-08 21:45:00,21.58,31.51,63.03,176.59,11.043,7.018,4.483,33.3,3.993,3.122,69.76,2.274,0.813,95.42,13.975,Shift B,normal
2026-09-08 22:00:00,1.62,31.22,64.13,29.78,0.729,3.911,0.588,31.88,3.949,0.979,3.7,0.156,0.12,92.46,1.263,Idle,normal
2026-09-08 22:15:00,0.83,33.66,62.92,30.34,0.1,3.945,0.602,30.9,3.978,1.024,4.6,0.112,0.12,92.5,0.71,Idle,normal
2026-09-08 22:30:00,0.96,32.1,62.97,30.06,0.814,3.913,0.608,32.42,4.067,0.962,5.87,0.143,0.12,92.69,1.324,Idle,normal
2026-09-08 22:45:00,0.83,31.49,61.46,31.73,0.358,4.014,0.554,31.73,3.868,1.106,4.83,0.127,0.12,92.94,0.851,Idle,normal
2026-09-08 23:00:00,0.44,31.61,60.09,27.89,0.173,3.946,0.635,32.42,4.019,0.999,4.8,0.092,0.12,91.84,0.573,Idle,normal
2026-09-08 23:15:00,0.0,30.46,61.31,30.38,0.162,3.915,0.586,29.56,4.101,1.025,5.04,0.065,0.12,92.09,0.708,Idle,normal
2026-09-08 23:30:00,0.11,32.57,60.39,29.27,0.1,3.998,0.627,30.29,4.006,0.918,3.0,0.117,0.12,92.52,0.663,Idle,normal
2026-09-08 23:45:00,0.0,30.91,58.77,27.64,0.1,4.001,0.599,32.58,4.113,1.106,5.82,0.149,0.12,92.24,0.518,Idle,normal
2026-09-09 00:00:00,0.0,32.09,60.04,29.64,0.587,3.907,0.629,31.08,4.146,1.144,6.34,0.195,0.12,92.8,1.122,Idle,normal
2026-09-09 00:15:00,2.19,30.81,52.31,31.85,1.043,3.964,0.579,30.35,4.098,0.864,5.79,0.12,0.12,92.28,1.587,Idle,normal
2026-09-09 00:30:00,2.25,31.67,55.94,29.34,0.1,3.996,0.561,31.42,3.957,1.04,4.58,0.158,0.12,92.98,0.621,Idle,normal
2026-09-09 00:45:00,1.77,30.49,55.45,30.79,0.1,3.982,0.621,31.72,4.002,0.989,4.11,0.082,0.12,92.34,0.62,Idle,normal
2026-09-09 01:00:00,0.33,30.72,57.94,31.2,0.613,3.984,0.575,31.38,4.041,1.028,3.92,0.118,0.12,92.9,1.209,Idle,normal
2026-09-09 01:15:00,1.76,30.36,58.38,29.99,0.334,4.059,0.673,31.92,3.958,1.045,3.87,0.052,0.12,91.46,0.86,Idle,normal
2026-09-09 01:30:00,0.02,30.02,51.96,30.12,0.642,4.107,0.603,31.74,3.954,0.777,7.26,0.239,0.12,92.47,1.17,Idle,normal
2026-09-09 01:45:00,0.26,29.54,57.34,28.28,0.314,3.984,0.531,31.61,3.946,1.076,4.92,0.158,0.12,92.27,0.762,Idle,normal
2026-09-09 02:00:00,0.0,28.81,51.86,29.28,0.147,3.934,0.571,32.43,4.254,1.111,5.9,0.157,0.12,91.55,0.727,Idle,normal
2026-09-09 02:15:00,0.52,30.27,51.65,30.91,0.271,3.988,0.55,31.45,3.978,1.122,5.85,0.171,0.12,92.32,0.717,Idle,normal
2026-09-09 02:30:00,0.08,27.75,53.22,30.06,0.1,4.01,0.654,31.29,4.102,0.906,5.14,0.251,0.12,91.87,0.541,Idle,normal
2026-09-09 02:45:00,0.0,28.22,52.84,30.37,0.1,3.997,0.639,32.0,3.91,0.997,4.07,0.133,0.12,92.13,0.594,Idle,normal
2026-09-09 03:00:00,0.0,27.98,50.19,30.13,0.682,4.031,0.597,31.75,4.166,0.946,5.52,0.111,0.12,92.41,1.232,Idle,normal
2026-09-09 03:15:00,0.0,28.04,54.47,32.19,0.767,4.111,0.615,30.6,3.958,0.808,3.92,0.23,0.12,92.31,1.277,Idle,normal
2026-09-09 03:30:00,2.34,27.13,54.44,29.57,0.842,3.914,0.596,31.16,3.998,0.938,5.6,0.101,0.12,92.41,1.28,Idle,normal
2026-09-09 03:45:00,1.16,27.48,55.13,31.61,0.504,3.975,0.643,31.65,3.811,0.892,3.96,0.202,0.12,92.4,1.101,Idle,normal
2026-09-09 04:00:00,0.01,26.86,52.13,30.13,0.1,4.077,0.626,30.77,4.103,1.033,4.56,0.147,0.12,93.13,0.67,Idle,normal
2026-09-09 04:15:00,0.32,25.51,52.94,31.69,0.128,3.974,0.635,30.7,4.119,0.837,4.56,0.167,0.12,92.43,0.714,Idle,normal
2026-09-09 04:30:00,0.06,26.57,53.02,28.78,0.814,4.039,0.59,30.08,3.872,0.902,6.4,0.093,0.12,92.31,1.231,Idle,normal
2026-09-09 04:45:00,0.0,25.48,56.55,30.18,0.918,4.032,0.568,28.78,4.103,0.948,2.57,0.254,0.12,92.45,1.568,Idle,normal
2026-09-09 05:00:00,0.0,24.78,47.64,29.61,0.827,4.062,0.633,30.78,3.849,1.077,7.33,0.135,0.12,92.28,1.507,Idle,normal
2026-09-09 05:15:00,0.0,26.1,51.56,30.14,0.267,4.096,0.678,31.31,4.052,1.278,4.19,0.122,0.12,91.75,0.952,Idle,normal
2026-09-09 05:30:00,0.0,26.22,53.7,31.22,0.1,4.017,0.655,30.33,3.96,1.03,4.88,0.172,0.12,92.57,0.696,Idle,normal
2026-09-09 05:45:00,0.0,26.1,51.76,30.38,0.336,3.913,0.679,32.31,4.122,0.897,5.41,0.124,0.12,92.76,0.893,Idle,normal
2026-09-09 06:00:00,21.66,25.99,53.69,180.09,11.752,7.079,4.511,32.85,4.013,2.991,62.5,1.841,0.912,96.49,14.567,Shift A,normal
2026-09-09 06:15:00,21.51,23.87,54.26,179.52,12.09,6.995,4.492,34.24,4.073,3.091,68.76,1.8,1.009,96.2,14.803,Shift A,normal
2026-09-09 06:30:00,18.68,24.22,53.54,181.17,12.002,7.036,4.457,33.85,4.105,2.9,62.97,1.971,0.952,95.83,14.749,Shift A,normal
2026-09-09 06:45:00,20.84,26.79,55.36,179.67,11.54,7.096,4.346,35.39,3.962,3.179,71.41,1.913,0.978,96.05,14.361,Shift A,normal
2026-09-09 07:00:00,22.29,24.3,56.89,179.52,11.636,7.071,4.518,33.99,3.978,3.053,67.6,1.985,0.937,96.59,14.402,Shift A,normal
2026-09-09 07:15:00,22.38,25.57,55.59,179.97,11.908,7.123,4.509,32.5,3.875,3.028,67.84,2.003,0.962,95.87,14.873,Shift A,normal
2026-09-09 07:30:00,22.33,24.48,55.61,181.3,12.508,7.233,4.333,34.3,3.952,2.858,70.46,2.012,1.06,95.5,15.339,Shift A,normal
2026-09-09 07:45:00,21.05,25.07,56.67,180.46,11.578,7.07,4.566,35.01,4.177,3.147,61.93,1.9,1.036,96.71,14.608,Shift A,normal
2026-09-09 08:00:00,19.9,24.49,57.49,180.07,11.219,6.954,4.522,32.16,4.058,2.959,66.92,1.989,0.936,95.59,14.109,Shift A,normal
2026-09-09 08:15:00,19.59,25.46,54.54,178.65,11.61,7.051,4.299,34.02,3.881,3.054,64.54,1.812,0.945,95.43,14.251,Shift A,normal
2026-09-09 08:30:00,21.45,25.14,59.48,178.84,10.765,7.047,4.61,34.38,4.148,3.039,70.38,2.046,0.848,96.09,13.73,Shift A,normal
2026-09-09 08:45:00,21.49,24.72,58.21,178.6,11.854,7.061,4.3,33.28,4.022,2.878,65.4,1.949,1.018,96.13,14.579,Shift A,normal
2026-09-09 09:00:00,22.67,24.3,62.19,181.07,11.55,7.15,4.563,31.65,4.064,3.009,68.94,2.1,1.009,96.08,14.555,Shift A,normal
2026-09-09 09:15:00,22.43,25.43,61.43,180.18,11.641,6.832,4.531,33.42,4.035,2.929,67.11,2.287,0.986,96.25,14.67,Shift A,normal
2026-09-09 09:30:00,20.83,24.33,63.17,178.66,11.579,7.151,4.46,33.06,4.023,2.965,67.98,1.922,0.92,95.93,14.479,Shift A,normal
2026-09-09 09:45:00,19.38,25.75,59.39,178.82,11.16,7.185,4.373,34.81,3.787,3.08,64.69,2.062,0.936,95.93,14.083,Shift A,normal
2026-09-09 10:00:00,20.59,27.64,61.26,178.42,10.699,7.057,4.426,33.7,4.105,3.166,67.31,1.949,1.02,95.79,13.599,Shift A,normal
2026-09-09 10:15:00,21.28,26.75,60.1,178.22,11.321,7.059,4.43,33.37,3.766,3.051,72.41,2.064,0.973,96.04,14.175,Shift A,normal
2026-09-09 10:30:00,20.74,26.4,61.76,179.42,11.469,6.976,4.431,33.2,4.091,2.984,65.81,1.995,1.08,96.15,14.468,Shift A,normal
2026-09-09 10:45:00,20.25,25.92,66.26,178.52,11.078,7.001,4.579,33.99,3.998,2.992,67.43,2.168,0.984,96.3,14.005,Shift A,normal
2026-09-09 11:00:00,21.33,24.62,67.3,180.73,11.743,7.07,4.41,33.56,4.066,2.972,74.06,2.164,0.91,95.62,14.551,Shift A,normal
2026-09-09 11:15:00,20.34,25.3,62.6,179.74,11.503,7.063,4.691,33.12,4.001,2.832,67.48,2.014,0.924,95.52,14.379,Shift A,normal
2026-09-09 11:30:00,20.18,27.59,64.53,179.64,11.264,7.072,4.335,33.92,4.099,3.102,58.86,1.922,0.907,96.27,14.147,Shift A,normal
2026-09-09 11:45:00,21.4,26.15,65.83,178.83,12.186,7.063,4.513,33.26,3.99,2.893,65.27,2.08,1.0,95.79,15.122,Shift A,normal
2026-09-09 12:00:00,20.48,26.44,67.67,177.58,10.889,7.09,4.497,31.64,4.018,3.075,62.82,1.956,1.003,95.64,13.66,Shift A,normal
2026-09-09 12:15:00,21.32,27.1,63.48,178.43,11.094,7.079,4.444,34.27,4.033,2.934,69.95,1.901,1.042,95.34,13.986,Shift A,normal
2026-09-09 12:30:00,21.36,26.62,64.27,177.32,10.815,6.898,4.647,34.29,4.178,2.963,66.94,1.962,0.94,96.48,13.723,Shift A,normal
2026-09-09 12:45:00,19.52,26.73,68.91,179.14,11.882,7.083,4.437,33.86,4.051,3.142,68.76,2.019,0.958,96.07,14.718,Shift A,normal
2026-09-09 13:00:00,20.37,27.92,64.47,177.76,10.424,7.186,4.398,33.42,3.864,3.084,68.17,2.06,1.009,96.18,13.221,Shift A,normal
2026-09-09 13:15:00,22.87,27.51,67.87,177.46,11.281,6.997,4.737,33.9,3.938,2.892,70.4,2.191,1.052,96.14,14.339,Shift A,normal
2026-09-09 13:30:00,19.49,27.89,69.46,177.17,10.738,7.15,4.247,34.33,4.055,3.04,61.87,2.037,0.872,96.05,13.634,Shift A,normal
2026-09-09 13:45:00,18.25,28.11,70.31,178.63,10.515,6.908,4.227,33.17,4.122,3.132,65.94,1.997,0.95,95.98,13.442,Shift A,normal
2026-09-09 14:00:00,18.58,29.42,69.51,175.32,10.296,6.997,4.382,34.57,3.929,3.052,68.82,1.95,0.863,95.91,12.978,Shift B,normal
2026-09-09 14:15:00,21.04,29.08,69.34,178.45,11.316,6.936,4.558,32.79,4.224,3.097,62.59,1.994,0.922,95.65,14.167,Shift B,normal
2026-09-09 14:30:00,21.04,29.38,72.0,176.29,10.544,7.138,4.501,34.09,4.019,3.145,65.98,2.008,0.887,95.34,13.409,Shift B,normal
2026-09-09 14:45:00,20.85,30.26,71.09,174.95,10.863,7.164,4.436,34.0,4.047,3.143,67.83,1.926,0.919,96.71,13.814,Shift B,normal
2026-09-09 15:00:00,22.58,29.92,69.4,175.48,11.532,6.99,4.525,34.82,3.878,3.02,68.61,2.015,0.898,95.95,14.436,Shift B,normal
2026-09-09 15:15:00,17.53,30.06,70.9,174.47,10.559,7.117,4.387,33.2,4.116,3.143,68.08,1.888,0.851,95.76,13.334,Shift B,normal
2026-09-09 15:30:00,21.51,30.91,71.69,176.67,10.418,7.165,4.52,33.44,3.963,3.115,69.55,2.182,0.913,95.69,13.338,Shift B,normal
2026-09-09 15:45:00,23.03,31.3,74.42,174.88,10.662,6.997,4.477,32.98,3.935,3.321,69.95,2.019,0.992,96.29,13.646,Shift B,normal
2026-09-09 16:00:00,19.53,30.88,72.57,176.0,10.596,7.013,4.26,33.47,3.976,3.134,68.03,1.922,0.936,96.0,13.444,Shift B,normal
2026-09-09 16:15:00,20.51,31.29,73.41,176.89,10.745,7.073,4.612,34.39,4.147,3.178,68.75,2.088,0.864,95.67,13.79,Shift B,normal
2026-09-09 16:30:00,20.02,30.81,69.7,175.02,10.755,6.916,4.315,32.51,4.054,3.175,66.14,1.785,1.077,95.82,13.685,Shift B,normal
2026-09-09 16:45:00,19.84,30.95,69.78,175.36,10.8,7.011,4.423,33.68,3.919,3.108,64.79,2.097,0.914,96.04,13.76,Shift B,normal
2026-09-09 17:00:00,20.58,32.44,70.22,174.28,11.373,7.214,4.597,34.75,3.961,3.099,69.49,1.845,0.88,95.77,14.142,Shift B,normal
2026-09-09 17:15:00,22.86,32.36,70.24,175.16,10.942,6.95,4.636,34.2,4.154,3.231,66.34,2.119,1.003,96.21,13.858,Shift B,normal
2026-09-09 17:30:00,23.39,32.54,68.3,178.1,10.92,7.085,4.512,34.28,3.991,3.222,68.83,2.08,0.98,96.74,13.764,Shift B,normal
2026-09-09 17:45:00,20.56,32.55,72.6,176.28,11.209,7.052,4.312,32.88,4.07,3.39,63.04,2.127,0.906,95.81,14.152,Shift B,normal
2026-09-09 18:00:00,23.48,32.5,71.56,175.24,11.44,6.984,4.833,34.34,4.095,3.257,71.32,2.366,1.001,95.83,14.491,Shift B,normal
2026-09-09 18:15:00,21.05,33.14,68.87,174.89,10.871,7.022,4.338,34.17,3.675,3.237,70.64,2.004,0.919,95.63,13.768,Shift B,normal
2026-09-09 18:30:00,23.28,33.44,70.42,175.48,10.901,7.175,4.53,34.17,4.144,3.275,66.15,1.963,0.965,95.88,13.868,Shift B,normal
2026-09-09 18:45:00,20.88,33.52,69.21,175.68,11.009,7.055,4.497,34.41,3.933,3.119,66.33,2.031,1.024,95.26,13.921,Shift B,normal
2026-09-09 19:00:00,21.17,32.78,69.8,175.17,10.727,7.071,4.444,33.94,3.979,3.053,65.61,2.186,0.96,96.31,13.685,Shift B,normal
2026-09-09 19:15:00,21.48,34.03,65.25,176.16,10.153,7.16,4.557,34.0,4.174,3.116,70.55,2.127,0.988,95.49,13.026,Shift B,normal
2026-09-09 19:30:00,25.13,33.15,67.19,174.74,11.336,6.971,4.532,33.45,4.161,3.268,74.87,2.221,0.975,95.64,14.194,Shift B,normal
2026-09-09 19:45:00,22.11,33.5,66.88,174.8,11.193,6.895,4.501,35.07,4.067,3.34,66.46,2.084,0.973,95.95,14.088,Shift B,normal
2026-09-09 20:00:00,20.08,33.23,67.75,176.21,11.262,7.177,4.486,33.27,4.09,3.269,56.8,1.811,0.902,96.44,14.174,Shift B,normal
2026-09-09 20:15:00,22.26,33.19,64.72,174.75,10.638,7.014,4.617,34.46,4.115,3.18,71.49,2.051,0.926,95.62,13.707,Shift B,normal
2026-09-09 20:30:00,20.53,32.38,60.44,176.75,10.931,7.089,4.363,35.56,4.157,3.353,66.61,2.005,0.926,95.9,13.938,Shift B,normal
2026-09-09 20:45:00,20.36,33.48,62.73,176.11,10.86,6.924,4.299,35.03,4.174,3.162,66.47,2.132,0.91,96.06,13.698,Shift B,normal
2026-09-09 21:00:00,22.18,35.14,64.21,174.4,10.928,7.039,4.557,34.86,4.035,3.111,70.85,2.152,1.018,95.68,13.941,Shift B,normal
2026-09-09 21:15:00,21.04,32.49,63.88,176.46,10.903,6.89,4.305,34.28,3.94,3.195,65.84,1.929,0.981,95.92,13.623,Shift B,normal
2026-09-09 21:30:00,21.36,32.75,66.54,174.79,10.83,7.006,4.636,34.21,3.989,3.308,65.34,2.065,0.842,95.36,13.895,Shift B,normal
2026-09-09 21:45:00,21.02,32.23,63.75,177.3,11.047,6.935,4.48,33.45,4.026,3.088,65.85,2.057,1.038,95.8,13.982,Shift B,normal
2026-09-09 22:00:00,0.44,32.07,62.16,30.95,0.609,3.937,0.539,31.39,4.007,0.83,2.67,0.174,0.12,92.75,1.154,Idle,normal
2026-09-09 22:15:00,0.55,33.56,61.35,30.72,0.777,4.097,0.594,32.21,3.917,1.004,4.33,0.214,0.12,92.6,1.173,Idle,normal
2026-09-09 22:30:00,0.0,31.64,63.03,30.85,0.1,3.919,0.65,31.95,4.054,1.077,6.46,0.207,0.12,92.17,0.716,Idle,normal
2026-09-09 22:45:00,0.87,31.63,59.06,29.77,0.29,3.996,0.596,32.23,3.854,0.704,6.41,0.129,0.12,91.94,0.89,Idle,normal
2026-09-09 23:00:00,0.0,30.56,59.39,29.8,0.202,3.906,0.64,32.52,4.015,1.098,5.94,0.162,0.12,92.22,0.797,Idle,normal
2026-09-09 23:15:00,0.0,31.03,56.93,29.35,0.152,4.014,0.52,31.37,4.023,0.863,4.51,0.18,0.12,91.77,0.632,Idle,normal
2026-09-09 23:30:00,0.0,30.07,61.39,30.17,0.1,3.968,0.528,31.58,4.016,1.072,4.21,0.151,0.12,92.24,0.614,Idle,normal
2026-09-09 23:45:00,0.11,31.73,58.8,29.47,0.358,4.041,0.563,30.07,4.096,0.8,6.62,0.14,0.12,92.14,0.773,Idle,normal
2026-09-10 00:00:00,0.0,33.24,56.08,29.57,0.518,3.999,0.586,33.52,4.089,0.853,3.92,0.081,0.12,92.13,1.001,Idle,normal
2026-09-10 00:15:00,1.08,30.48,56.77,30.6,0.296,4.068,0.617,31.19,4.228,1.062,5.04,0.115,0.12,92.27,0.743,Idle,normal
2026-09-10 00:30:00,0.0,29.2,57.54,31.18,0.347,3.979,0.632,31.95,3.949,1.122,6.69,0.122,0.12,92.52,0.948,Idle,normal
2026-09-10 00:45:00,0.0,31.01,55.56,30.4,0.496,3.92,0.723,31.3,4.036,0.999,5.12,0.1,0.12,91.95,1.137,Idle,normal
2026-09-10 01:00:00,0.0,29.45,54.57,31.79,0.844,4.012,0.563,31.05,4.023,1.24,4.71,0.154,0.12,92.68,1.395,Idle,normal
2026-09-10 01:15:00,0.0,30.82,53.92,29.29,0.203,3.987,0.584,31.34,4.024,0.898,6.16,0.185,0.12,92.68,0.747,Idle,normal
2026-09-10 01:30:00,0.36,29.3,55.54,28.16,0.1,3.909,0.564,30.39,3.875,0.896,5.07,0.133,0.12,93.02,0.59,Idle,normal
2026-09-10 01:45:00,0.0,28.76,53.8,30.71,0.318,3.947,0.654,29.42,3.881,0.97,5.2,0.062,0.12,92.42,0.868,Idle,normal
2026-09-10 02:00:00,0.94,28.86,53.3,29.23,1.009,3.963,0.657,32.34,4.0,0.965,6.51,0.145,0.12,92.8,1.62,Idle,normal
2026-09-10 02:15:00,0.08,29.34,51.26,29.73,0.1,4.078,0.578,31.84,3.844,1.028,2.46,0.161,0.12,92.63,0.671,Idle,normal
2026-09-10 02:30:00,0.0,28.3,53.84,28.23,0.578,4.035,0.703,30.67,3.964,0.926,5.36,0.158,0.12,92.32,1.19,Idle,normal
2026-09-10 02:45:00,0.0,27.82,53.12,29.1,0.755,3.983,0.565,31.63,3.931,1.057,4.23,0.121,0.12,91.85,1.329,Idle,normal
2026-09-10 03:00:00,0.0,27.81,52.66,28.5,0.1,4.024,0.651,31.99,3.965,1.054,4.79,0.102,0.12,92.58,0.717,Idle,normal
2026-09-10 03:15:00,0.0,26.7,53.57,29.57,0.494,3.898,0.673,30.7,4.104,1.161,5.11,0.185,0.12,92.37,1.12,Idle,normal
2026-09-10 03:30:00,0.0,27.79,54.57,29.61,0.561,3.972,0.532,31.58,3.887,0.951,4.32,0.164,0.12,92.92,1.096,Idle,normal
2026-09-10 03:45:00,0.0,25.8,54.42,30.09,0.256,4.02,0.629,31.96,4.074,1.034,5.23,0.123,0.12,92.56,0.855,Idle,normal
2026-09-10 04:00:00,0.29,26.64,54.11,31.24,0.124,4.008,0.464,29.96,3.933,1.061,5.39,0.09,0.12,92.7,0.618,Idle,normal
2026-09-10 04:15:00,1.23,27.39,52.54,30.68,0.143,3.973,0.641,31.71,3.949,0.999,5.2,0.159,0.12,92.11,0.726,Idle,normal
2026-09-10 04:30:00,0.0,26.81,51.94,28.38,0.235,3.998,0.545,31.47,4.038,0.979,5.11,0.114,0.12,92.35,0.67,Idle,normal
2026-09-10 04:45:00,0.0,26.83,51.09,30.61,0.244,4.017,0.628,32.74,3.964,0.794,4.88,0.165,0.12,91.64,0.593,Idle,normal
2026-09-10 05:00:00,0.0,26.12,52.12,30.11,0.178,4.0,0.638,31.63,3.899,1.008,4.9,0.156,0.12,92.5,0.733,Idle,normal
2026-09-10 05:15:00,0.38,26.93,53.52,29.9,0.229,4.043,0.656,30.93,3.955,1.06,5.08,0.233,0.12,92.72,0.749,Idle,normal
2026-09-10 05:30:00,1.62,26.57,52.11,29.98,0.767,4.016,0.645,30.99,3.813,0.994,4.06,0.147,0.12,92.79,1.464,Idle,normal
2026-09-10 05:45:00,0.0,26.03,54.12,30.2,0.1,4.026,0.603,32.77,4.026,0.922,6.27,0.23,0.12,92.18,0.571,Idle,normal
2026-09-10 06:00:00,17.75,26.28,52.27,180.7,11.033,6.872,4.277,33.28,3.679,2.869,67.42,1.976,0.896,95.3,13.827,Shift A,normal
2026-09-10 06:15:00,18.78,26.01,51.19,179.14,11.618,6.975,4.414,34.1,4.077,3.11,61.35,1.925,0.885,95.78,14.373,Shift A,normal
2026-09-10 06:30:00,19.92,24.95,56.5,180.71,11.767,7.148,4.577,33.46,4.045,3.046,67.09,2.051,0.959,95.9,14.652,Shift A,normal
2026-09-10 06:45:00,20.27,24.14,54.28,178.91,11.123,6.968,4.189,34.2,4.141,3.175,62.7,2.036,0.946,96.12,13.848,Shift A,normal
2026-09-10 07:00:00,20.47,25.47,53.96,179.39,11.375,6.863,4.269,34.4,4.204,2.92,65.04,1.932,0.947,95.26,14.023,Shift A,normal
2026-09-10 07:15:00,21.05,25.51,53.88,178.35,11.255,6.932,4.449,33.59,4.08,3.009,63.11,2.087,0.975,95.95,14.136,Shift A,normal
2026-09-10 07:30:00,20.59,25.91,57.37,180.13,11.49,6.839,4.77,33.53,3.925,2.918,64.95,1.793,0.94,95.58,14.292,Shift A,normal
2026-09-10 07:45:00,22.36,24.26,59.75,181.85,12.721,6.87,4.648,33.3,4.198,3.145,67.52,2.168,1.011,96.41,15.752,Shift A,normal
2026-09-10 08:00:00,20.12,24.27,56.69,180.05,11.265,7.067,4.452,32.13,3.862,3.14,62.66,2.035,0.87,95.13,14.218,Shift A,normal
2026-09-10 08:15:00,19.88,25.38,57.59,180.72,11.73,6.855,4.246,33.55,3.795,3.223,66.83,1.938,1.001,96.29,14.433,Shift A,normal
2026-09-10 08:30:00,21.62,24.98,60.7,182.34,11.946,7.031,4.243,33.5,4.169,3.105,68.8,2.13,0.914,95.84,14.857,Shift A,normal
2026-09-10 08:45:00,19.0,23.57,55.49,180.28,12.003,7.003,4.345,32.74,4.038,3.096,73.22,2.061,0.846,95.23,14.738,Shift A,normal
2026-09-10 09:00:00,21.51,25.44,63.6,179.0,11.327,6.947,4.478,32.16,3.798,3.075,70.14,2.123,0.919,96.56,14.174,Shift A,normal
2026-09-10 09:15:00,21.13,23.73,65.13,179.02,11.597,7.023,4.436,33.63,3.843,3.062,70.55,2.024,0.936,96.45,14.324,Shift A,normal
2026-09-10 09:30:00,20.81,24.55,55.41,179.52,11.651,6.906,4.403,33.77,4.037,3.04,61.42,2.013,0.913,96.4,14.359,Shift A,normal
2026-09-10 09:45:00,23.06,26.49,61.22,178.76,11.647,7.084,4.494,34.04,3.903,3.121,62.88,2.279,0.929,96.01,14.422,Shift A,normal
2026-09-10 10:00:00,20.19,27.0,60.56,178.69,11.191,6.93,4.294,32.84,3.919,3.283,65.28,2.18,0.993,95.75,14.071,Shift A,normal
2026-09-10 10:15:00,23.68,24.7,62.06,180.09,12.056,6.961,4.787,34.09,4.179,3.071,74.67,2.109,0.941,95.97,15.012,Shift A,normal
2026-09-10 10:30:00,20.71,25.56,62.34,179.98,11.293,6.949,4.336,33.4,4.201,3.069,74.06,1.99,0.836,96.14,14.046,Shift A,normal
2026-09-10 10:45:00,19.34,26.03,65.38,177.16,10.397,7.069,4.327,34.27,4.003,3.079,63.34,1.993,0.915,95.79,13.057,Shift A,normal
2026-09-10 11:00:00,21.09,27.6,64.1,177.83,11.037,7.054,4.461,33.01,3.979,3.07,65.22,2.081,1.055,95.7,13.773,Shift A,normal
2026-09-10 11:15:00,19.6,25.97,63.07,178.02,10.748,6.738,4.461,34.58,4.078,3.088,67.27,1.947,0.882,96.17,13.568,Shift A,normal
2026-09-10 11:30:00,20.02,26.18,65.1,178.93,11.74,7.025,4.299,34.78,3.933,3.038,65.43,1.814,0.895,96.05,14.54,Shift A,normal
2026-09-10 11:45:00,21.52,28.02,67.01,179.31,11.609,6.826,4.608,34.01,3.773,3.191,66.85,2.192,0.938,96.29,14.586,Shift A,normal
2026-09-10 12:00:00,21.72,26.7,64.13,180.7,11.734,6.966,4.434,34.02,3.715,3.152,69.45,2.089,1.038,96.47,14.786,Shift A,normal
2026-09-10 12:15:00,20.19,27.81,63.71,177.37,10.818,6.989,4.392,34.39,3.988,3.306,74.32,2.121,0.924,96.28,13.726,Shift A,normal
2026-09-10 12:30:00,22.28,26.29,71.46,177.26,11.119,6.965,4.734,33.04,4.077,3.067,71.97,2.177,0.916,95.58,14.093,Shift A,normal
2026-09-10 12:45:00,22.5,27.58,66.65,178.1,11.226,7.05,4.434,33.38,3.996,3.115,73.86,2.059,0.988,95.99,14.098,Shift A,normal
2026-09-10 13:00:00,22.87,26.64,68.09,176.67,11.137,7.072,4.659,33.99,4.072,3.1,63.05,2.049,0.989,96.1,13.998,Shift A,normal
2026-09-10 13:15:00,21.69,27.38,67.97,177.06,11.015,6.923,4.622,35.5,4.084,3.109,70.74,2.139,0.985,96.26,13.941,Shift A,normal
2026-09-10 13:30:00,22.77,29.15,70.24,176.63,10.542,6.919,4.604,33.05,4.139,3.239,65.65,2.019,0.92,96.27,13.529,Shift A,normal
2026-09-10 13:45:00,18.55,28.7,73.03,174.27,9.843,6.996,4.299,35.08,4.017,2.945,69.73,1.835,0.894,95.89,12.632,Shift A,normal
2026-09-10 14:00:00,20.59,28.74,70.95,176.87,10.742,6.846,4.69,33.87,4.027,3.156,70.6,2.036,1.003,95.8,13.717,Shift B,normal
2026-09-10 14:15:00,19.87,28.66,67.04,176.43,10.957,6.952,4.391,33.8,3.995,3.305,67.7,2.062,0.959,96.31,13.988,Shift B,normal
2026-09-10 14:30:00,21.15,29.35,67.55,177.75,10.936,7.135,4.494,34.92,3.976,3.253,64.81,1.944,0.994,96.13,13.869,Shift B,normal
2026-09-10 14:45:00,20.26,30.02,69.72,176.36,11.219,6.849,4.375,35.54,3.847,3.243,64.78,1.952,0.94,96.06,14.098,Shift B,normal
2026-09-10 15:00:00,20.78,30.82,70.16,174.98,10.75,6.966,4.465,34.39,4.124,3.239,65.5,2.037,1.002,95.68,13.781,Shift B,normal
2026-09-10 15:15:00,23.45,28.19,67.38,175.86,11.494,6.941,4.723,34.94,3.958,3.034,71.39,2.228,0.996,96.68,14.407,Shift B,normal
2026-09-10 15:30:00,20.78,29.87,72.56,173.93,11.21,7.201,4.414,33.2,3.959,3.049,67.91,2.032,0.923,95.99,14.154,Shift B,normal
2026-09-10 15:45:00,21.54,30.9,68.81,174.71,11.202,6.946,4.239,33.48,3.953,3.068,71.64,1.906,0.996,95.89,13.901,Shift B,normal
2026-09-10 16:00:00,20.7,30.92,73.99,176.47,10.414,6.952,4.504,33.0,3.874,3.023,71.46,1.915,0.905,96.05,13.204,Shift B,normal
2026-09-10 16:15:00,21.1,31.54,74.62,175.51,10.808,6.897,4.337,33.61,4.002,3.253,64.45,2.151,1.03,95.89,13.579,Shift B,normal
2026-09-10 16:30:00,21.01,31.65,70.43,176.61,11.305,7.001,4.549,34.62,4.062,3.311,68.33,2.041,1.003,95.51,14.276,Shift B,normal
2026-09-10 16:45:00,21.58,31.39,71.71,173.67,10.992,7.027,4.495,34.28,3.939,3.194,68.81,2.104,0.944,96.0,14.007,Shift B,normal
2026-09-10 17:00:00,22.51,31.41,68.23,175.34,11.112,6.911,4.664,35.61,4.113,3.245,67.98,2.017,0.961,95.43,13.984,Shift B,normal
2026-09-10 17:15:00,23.14,31.81,71.77,175.07,10.481,7.099,4.475,35.78,3.974,3.19,71.65,2.155,0.984,95.96,13.385,Shift B,normal
2026-09-10 17:30:00,21.4,33.09,69.32,176.48,11.567,7.027,4.42,34.09,3.863,3.232,68.74,2.157,0.948,95.4,14.464,Shift B,normal
2026-09-10 17:45:00,21.77,31.74,67.9,176.18,10.622,7.085,4.465,33.58,4.148,2.961,65.87,2.095,1.027,95.2,13.467,Shift B,normal
2026-09-10 18:00:00,19.5,32.41,69.22,176.14,10.005,6.967,4.192,34.93,4.034,3.208,65.13,2.029,0.907,96.17,12.731,Shift B,normal
2026-09-10 18:15:00,20.89,32.73,68.55,177.05,10.799,7.024,4.587,35.29,4.101,3.145,65.75,2.213,0.876,95.59,13.732,Shift B,normal
2026-09-10 18:30:00,22.22,33.94,68.49,175.15,10.033,6.979,4.338,34.57,4.108,3.206,65.82,1.94,0.954,96.08,12.993,Shift B,normal
2026-09-10 18:45:00,22.13,32.55,70.67,176.88,10.625,7.146,4.659,34.88,3.92,3.192,67.66,2.015,1.003,96.03,13.527,Shift B,normal
2026-09-10 19:00:00,21.28,33.63,66.79,174.54,11.711,7.012,4.527,34.75,3.966,3.121,63.26,1.985,1.006,95.96,14.615,Shift B,normal
2026-09-10 19:15:00,22.15,33.91,71.4,174.55,10.757,7.001,4.505,33.53,4.123,3.103,69.36,2.214,0.972,95.69,13.698,Shift B,normal
2026-09-10 19:30:00,21.64,32.91,64.83,176.44,10.412,6.954,4.54,33.29,4.199,3.124,71.69,2.035,0.928,95.92,13.262,Shift B,normal
2026-09-10 19:45:00,22.56,32.82,70.23,174.25,10.946,6.948,4.592,34.25,4.022,3.038,68.46,1.986,0.969,95.68,13.839,Shift B,normal
2026-09-10 20:00:00,21.38,32.74,64.47,176.41,10.572,7.024,4.435,34.02,3.952,3.06,70.08,2.119,0.924,96.29,13.401,Shift B,normal
2026-09-10 20:15:00,20.54,32.79,65.98,176.02,11.085,7.082,4.468,34.43,4.183,3.093,66.95,2.028,0.831,95.78,13.948,Shift B,normal
2026-09-10 20:30:00,21.44,33.65,64.46,177.09,10.663,6.932,4.574,34.24,3.956,3.049,64.23,2.174,0.915,95.89,13.561,Shift B,normal
2026-09-10 20:45:00,17.19,33.11,64.21,176.06,10.595,7.013,4.118,32.64,4.049,3.243,69.49,1.917,0.932,96.21,13.26,Shift B,normal
2026-09-10 21:00:00,21.5,33.05,65.93,176.29,10.484,7.018,4.531,32.58,3.973,3.093,60.08,1.949,0.944,95.74,13.194,Shift B,normal
2026-09-10 21:15:00,16.26,31.89,66.76,176.86,11.413,7.036,3.86,34.33,4.038,2.981,62.66,1.757,0.88,95.34,13.836,Shift B,normal
2026-09-10 21:30:00,18.76,31.92,65.56,175.82,10.794,6.829,4.094,33.36,3.917,3.118,62.58,1.934,0.98,95.57,13.518,Shift B,normal
2026-09-10 21:45:00,21.59,34.3,61.78,175.9,10.813,6.908,4.563,34.2,3.984,3.095,72.17,2.253,0.911,96.32,13.809,Shift B,normal
2026-09-10 22:00:00,0.62,32.32,62.37,30.02,0.247,3.964,0.698,31.27,3.951,1.146,3.72,0.141,0.12,92.33,0.778,Idle,normal
2026-09-10 22:15:00,0.0,31.71,59.85,30.77,0.156,4.009,0.564,30.85,4.077,1.013,5.67,0.232,0.12,92.42,0.681,Idle,normal
2026-09-10 22:30:00,0.0,33.32,58.84,30.3,0.1,3.931,0.613,30.99,4.034,0.853,6.87,0.223,0.12,92.41,0.563,Idle,normal
2026-09-10 22:45:00,1.78,32.23,57.95,29.82,0.1,3.951,0.612,32.47,4.101,1.057,5.32,0.186,0.12,92.92,0.589,Idle,normal
2026-09-10 23:00:00,0.0,32.29,58.8,29.05,0.937,4.002,0.604,31.46,3.931,1.008,4.74,0.197,0.12,91.55,1.659,Idle,normal
2026-09-10 23:15:00,2.92,31.53,59.61,29.85,0.157,4.013,0.578,32.09,3.989,0.976,3.33,0.17,0.12,92.25,0.616,Idle,normal
2026-09-10 23:30:00,0.0,31.18,54.73,30.84,0.1,3.919,0.612,32.19,4.071,1.157,7.05,0.133,0.12,92.33,0.56,Idle,normal
2026-09-10 23:45:00,0.53,31.09,57.93,29.49,0.1,3.947,0.688,31.87,4.094,0.902,4.48,0.216,0.12,92.28,0.572,Idle,normal
2026-09-11 00:00:00,2.1,29.89,60.53,30.44,0.675,3.982,0.714,32.18,3.859,1.104,3.59,0.112,0.12,92.59,1.256,Idle,normal
2026-09-11 00:15:00,0.17,30.7,59.24,28.92,0.262,4.048,0.591,31.53,4.039,0.959,5.11,0.189,0.12,92.56,0.743,Idle,normal
2026-09-11 00:30:00,0.0,30.77,55.35,30.78,0.303,3.959,0.578,32.61,3.926,0.998,6.01,0.13,0.12,92.24,0.845,Idle,normal
2026-09-11 00:45:00,0.0,31.77,53.27,30.31,0.759,4.007,0.56,32.24,4.102,0.925,6.24,0.132,0.12,91.72,1.198,Idle,normal
2026-09-11 01:00:00,0.0,30.1,56.56,28.8,0.1,4.012,0.734,32.33,4.19,0.931,4.33,0.172,0.12,93.15,0.605,Idle,normal
2026-09-11 01:15:00,0.0,27.91,50.6,29.78,0.571,3.988,0.606,30.56,3.734,0.956,4.9,0.231,0.12,92.29,1.056,Idle,normal
2026-09-11 01:30:00,0.0,29.45,57.08,30.93,0.116,4.013,0.656,31.67,3.936,0.81,5.0,0.207,0.12,92.35,0.62,Idle,normal
2026-09-11 01:45:00,0.0,31.45,54.09,28.74,0.552,3.933,0.635,30.14,4.036,1.035,5.98,0.164,0.12,92.71,1.159,Idle,normal
2026-09-11 02:00:00,1.2,29.69,57.87,28.93,0.213,3.967,0.71,32.64,4.002,1.011,5.59,0.153,0.12,92.14,0.84,Idle,normal
2026-09-11 02:15:00,0.04,28.09,50.47,29.93,0.265,4.072,0.588,30.81,4.09,0.85,5.27,0.181,0.12,92.75,0.875,Idle,normal
2026-09-11 02:30:00,0.0,28.95,55.52,32.13,0.637,4.075,0.545,30.96,4.008,1.066,5.91,0.205,0.12,92.25,1.078,Idle,normal
2026-09-11 02:45:00,0.0,27.63,53.28,29.33,0.612,4.042,0.693,30.25,3.942,1.146,3.64,0.08,0.12,92.92,1.101,Idle,normal
2026-09-11 03:00:00,0.29,26.88,52.64,30.5,0.292,4.055,0.645,31.22,3.889,0.934,5.42,0.145,0.12,92.47,0.742,Idle,normal
2026-09-11 03:15:00,0.8,27.44,50.43,30.26,0.185,3.909,0.623,31.07,3.875,0.922,5.22,0.108,0.12,92.07,0.69,Idle,normal
2026-09-11 03:30:00,0.0,27.54,54.27,29.41,0.91,3.953,0.677,32.78,3.92,1.111,4.95,0.141,0.12,93.05,1.398,Idle,normal
2026-09-11 03:45:00,0.0,25.73,54.37,30.16,0.556,3.984,0.626,31.83,3.93,1.04,4.75,0.1,0.12,92.51,1.035,Idle,normal
2026-09-11 04:00:00,1.44,26.08,56.57,29.55,0.213,4.121,0.678,30.8,4.027,0.986,5.13,0.078,0.12,92.08,0.796,Idle,normal
2026-09-11 04:15:00,0.0,26.79,55.04,29.64,0.121,3.984,0.612,29.89,3.975,1.081,4.43,0.097,0.12,91.8,0.747,Idle,normal
2026-09-11 04:30:00,0.0,26.24,51.89,28.34,0.709,4.037,0.645,29.37,3.924,1.027,7.73,0.128,0.12,92.5,1.307,Idle,normal
2026-09-11 04:45:00,0.58,26.68,51.17,29.98,0.39,4.019,0.626,30.4,3.89,1.143,6.36,0.173,0.12,92.78,0.994,Idle,normal
2026-09-11 05:00:00,0.6,25.2,50.57,30.9,0.293,4.018,0.584,30.01,3.915,0.998,6.09,0.117,0.12,92.46,0.757,Idle,normal
2026-09-11 05:15:00,0.0,26.56,56.42,30.06,0.39,3.999,0.59,31.47,3.934,1.043,4.47,0.115,0.12,92.42,0.921,Idle,normal
2026-09-11 05:30:00,0.3,24.88,52.13,31.09,0.468,3.94,0.58,30.93,3.909,1.11,4.04,0.166,0.12,92.87,1.116,Idle,normal
2026-09-11 05:45:00,0.96,26.99,56.89,30.58,0.33,3.865,0.613,31.25,4.059,0.755,4.79,0.161,0.12,92.52,0.858,Idle,normal
2026-09-11 06:00:00,21.49,24.16,55.26,180.4,12.269,7.055,4.615,32.85,4.117,3.148,67.98,2.062,1.021,95.71,15.276,Shift A,normal
2026-09-11 06:15:00,21.82,24.54,55.18,181.43,12.743,7.088,4.638,33.78,3.865,2.97,62.36,2.238,1.057,95.7,15.769,Shift A,normal
2026-09-11 06:30:00,19.17,25.64,54.25,177.76,11.082,7.045,4.309,32.4,4.098,3.109,60.26,1.992,0.95,96.19,13.871,Shift A,normal
2026-09-11 06:45:00,21.43,26.54,56.55,180.64,12.417,7.055,4.35,33.56,4.059,3.239,67.69,2.044,0.939,96.11,15.335,Shift A,normal
2026-09-11 07:00:00,20.61,25.39,55.61,181.62,12.287,6.927,4.339,34.2,4.004,3.017,64.72,2.137,0.93,96.29,15.087,Shift A,normal
2026-09-11 07:15:00,20.37,25.53,55.33,182.24,12.807,7.181,4.457,33.33,4.139,3.015,64.69,2.039,0.966,96.02,15.699,Shift A,normal
2026-09-11 07:30:00,22.13,25.05,57.91,181.04,12.51,6.877,4.33,33.85,3.967,3.033,69.63,2.077,0.97,96.16,15.436,Shift A,normal
2026-09-11 07:45:00,22.92,24.19,56.71,181.93,12.985,7.031,4.743,32.12,4.021,2.882,65.66,2.01,0.997,96.02,15.992,Shift A,normal
2026-09-11 08:00:00,23.33,24.61,55.9,180.33,12.3,6.866,4.56,31.97,3.995,3.252,61.76,2.054,1.002,96.28,15.289,Shift A,normal
2026-09-11 08:15:00,22.71,24.04,59.22,180.08,12.055,6.99,4.623,33.87,3.985,3.017,73.41,1.984,0.936,96.21,14.951,Shift A,normal
2026-09-11 08:30:00,20.86,24.01,58.43,180.51,12.522,6.943,4.238,34.19,4.026,3.189,70.4,1.957,0.909,95.85,15.431,Shift A,normal
2026-09-11 08:45:00,21.46,25.4,60.08,179.88,11.467,7.014,4.376,33.37,3.99,3.013,70.9,2.206,0.943,95.89,14.258,Shift A,normal
2026-09-11 09:00:00,22.0,24.24,58.76,178.99,11.371,7.034,4.291,35.12,4.028,3.032,64.43,1.968,0.987,96.09,14.281,Shift A,normal
2026-09-11 09:15:00,21.16,25.47,57.83,179.13,11.321,6.904,4.592,32.55,3.919,3.136,66.81,1.924,0.876,96.01,14.189,Shift A,normal
2026-09-11 09:30:00,21.17,24.26,64.3,178.41,11.078,6.997,4.451,32.97,3.917,2.91,63.25,2.105,0.943,96.45,13.916,Shift A,normal
2026-09-11 09:45:00,22.07,25.65,64.5,179.92,11.026,7.139,4.593,33.83,3.919,3.035,67.68,2.116,0.963,96.03,13.892,Shift A,normal
2026-09-11 10:00:00,20.92,25.14,63.77,179.26,11.895,6.869,4.463,33.96,3.948,3.129,65.79,2.098,0.927,95.47,14.681,Shift A,normal
2026-09-11 10:15:00,20.05,26.8,61.81,178.75,10.836,6.915,4.459,33.26,4.093,3.058,62.81,2.044,1.011,95.57,13.822,Shift A,normal
2026-09-11 10:30:00,20.46,26.09,62.57,178.39,11.201,7.086,4.387,32.77,3.942,3.007,67.92,2.073,1.007,95.91,14.077,Shift A,normal
2026-09-11 10:45:00,21.82,26.98,66.52,179.31,11.007,7.008,4.485,34.25,4.057,3.192,66.87,2.161,0.983,96.22,13.908,Shift A,normal
2026-09-11 11:00:00,21.0,25.57,63.62,179.43,11.689,7.015,4.449,33.72,4.013,3.191,72.07,1.939,1.041,95.71,14.597,Shift A,normal
2026-09-11 11:15:00,21.44,26.41,63.63,177.36,10.742,7.102,4.535,33.46,3.945,3.217,67.56,2.143,1.001,96.21,13.664,Shift A,normal
2026-09-11 11:30:00,21.87,25.78,69.19,177.04,10.607,6.921,4.564,34.11,4.118,2.996,60.04,2.257,0.969,95.71,13.392,Shift A,normal
2026-09-11 11:45:00,20.51,26.45,65.89,179.12,11.405,6.948,4.768,33.79,4.063,3.013,61.03,1.991,0.922,96.03,14.289,Shift A,normal
2026-09-11 12:00:00,21.98,26.79,70.04,176.62,10.716,6.936,4.721,33.78,3.991,3.024,74.07,2.194,0.944,96.11,13.549,Shift A,normal
2026-09-11 12:15:00,21.49,26.65,64.2,178.38,11.027,6.965,4.276,33.45,3.982,3.14,66.27,2.211,0.977,95.59,13.922,Shift A,normal
2026-09-11 12:30:00,19.39,26.5,68.52,179.29,11.353,7.134,4.347,32.97,3.999,2.947,66.18,1.836,0.914,96.11,14.216,Shift A,normal
2026-09-11 12:45:00,22.87,26.58,72.08,179.13,11.822,6.83,4.524,33.01,3.837,2.941,68.62,2.227,0.899,96.54,14.643,Shift A,normal
2026-09-11 13:00:00,20.35,26.09,68.42,178.09,10.778,6.881,4.575,33.32,3.906,2.981,70.56,1.88,0.925,95.93,13.656,Shift A,normal
2026-09-11 13:15:00,18.85,27.37,68.24,177.91,10.551,6.863,4.293,33.69,4.04,2.992,59.24,1.868,0.978,96.02,13.257,Shift A,normal
2026-09-11 13:30:00,19.64,28.98,66.8,179.3,11.323,7.14,4.434,32.38,3.842,3.187,69.67,2.028,0.807,96.06,14.161,Shift A,normal
2026-09-11 13:45:00,19.67,27.46,71.65,174.56,10.868,6.939,4.1,34.3,3.919,3.159,69.49,2.142,1.006,95.95,13.624,Shift A,normal
2026-09-11 14:00:00,21.07,27.91,68.25,176.29,11.361,6.967,4.282,33.71,3.956,3.041,66.98,2.027,0.982,95.97,14.218,Shift B,normal
2026-09-11 14:15:00,20.64,30.69,69.88,177.46,10.592,6.839,4.69,33.33,4.297,3.147,67.82,1.896,0.936,95.97,13.591,Shift B,normal
2026-09-11 14:30:00,20.56,29.01,67.85,176.14,10.682,6.974,4.44,35.18,4.067,2.864,65.39,2.017,0.961,95.4,13.493,Shift B,normal
2026-09-11 14:45:00,21.81,30.04,73.64,177.59,11.5,7.087,4.389,33.97,4.114,3.094,62.57,1.987,1.01,96.15,14.388,Shift B,normal
2026-09-11 15:00:00,21.44,30.55,73.0,176.19,11.563,7.025,4.516,32.99,3.926,3.258,69.04,2.098,0.959,95.58,14.538,Shift B,normal
2026-09-11 15:15:00,21.41,30.82,70.76,176.25,10.527,6.989,4.358,35.24,4.043,3.097,68.01,2.037,1.004,96.09,13.356,Shift B,normal
2026-09-11 15:30:00,21.53,29.31,68.61,175.74,10.591,6.844,4.458,35.01,3.825,2.994,68.18,1.959,1.001,96.19,13.524,Shift B,normal
2026-09-11 15:45:00,21.8,30.58,74.05,175.4,10.992,6.967,4.334,33.22,3.973,3.276,69.07,1.897,0.97,96.08,13.795,Shift B,normal
2026-09-11 16:00:00,18.26,29.71,70.27,175.29,10.353,7.015,4.201,33.53,4.053,3.018,62.62,1.881,0.864,95.62,12.943,Shift B,normal
2026-09-11 16:15:00,20.53,33.18,68.77,176.03,10.516,6.901,4.382,33.82,3.875,3.332,70.95,1.995,0.941,96.06,13.33,Shift B,normal
2026-09-11 16:30:00,18.17,30.16,67.4,174.92,10.63,7.065,4.424,32.46,4.044,3.425,64.37,1.806,0.816,95.85,13.522,Shift B,normal
2026-09-11 16:45:00,21.05,30.8,69.54,176.59,11.419,7.089,4.518,34.34,4.055,3.138,68.57,1.768,0.975,95.76,14.213,Shift B,normal
2026-09-11 17:00:00,20.99,31.0,67.78,176.24,10.38,6.947,4.536,34.78,3.948,3.268,66.08,2.126,0.931,96.68,13.328,Shift B,normal
2026-09-11 17:15:00,22.36,30.81,69.28,176.65,11.52,7.073,4.538,34.62,3.924,2.972,71.27,2.047,0.938,95.65,14.35,Shift B,normal
2026-09-11 17:30:00,22.54,33.26,71.8,174.39,10.728,6.989,4.651,34.39,3.945,3.013,68.6,1.983,1.003,96.08,13.63,Shift B,normal
2026-09-11 17:45:00,21.26,34.26,69.32,173.81,10.978,7.115,4.371,35.02,3.986,3.126,66.88,2.186,0.892,96.43,13.935,Shift B,normal
2026-09-11 18:00:00,20.35,32.08,70.51,175.5,11.295,7.203,4.333,33.15,3.981,3.248,69.94,2.116,0.95,96.07,14.304,Shift B,normal
2026-09-11 18:15:00,21.63,31.53,68.04,178.4,11.358,6.891,4.547,35.61,4.061,3.163,62.3,2.185,0.943,95.77,14.215,Shift B,normal
2026-09-11 18:30:00,20.31,30.91,69.27,176.79,10.734,7.077,4.385,33.39,3.954,3.124,65.44,2.028,0.935,95.78,13.652,Shift B,normal
2026-09-11 18:45:00,21.0,32.59,72.61,174.99,11.036,7.13,4.458,33.66,4.175,3.062,65.06,2.216,0.966,95.44,13.953,Shift B,normal
2026-09-11 19:00:00,22.28,32.61,67.67,176.01,10.869,6.903,4.517,33.76,4.174,3.178,69.18,2.175,1.059,95.98,13.728,Shift B,normal
2026-09-11 19:15:00,20.27,32.4,68.7,176.36,10.971,6.942,4.567,33.72,4.037,3.112,67.19,1.963,0.963,96.0,13.886,Shift B,normal
2026-09-11 19:30:00,22.05,33.14,64.35,174.32,10.818,6.941,4.68,34.22,3.982,3.093,67.81,2.029,1.032,95.82,13.9,Shift B,normal
2026-09-11 19:45:00,21.88,33.31,70.04,177.13,11.32,6.987,4.438,34.04,3.964,3.086,65.55,1.855,1.032,96.48,14.088,Shift B,normal
2026-09-11 20:00:00,19.76,33.26,65.55,175.67,10.207,6.964,4.174,34.16,4.049,3.212,65.71,1.931,0.976,95.93,12.987,Shift B,normal
2026-09-11 20:15:00,22.27,32.74,68.08,175.83,10.562,6.98,4.451,33.54,4.064,3.112,69.01,1.995,0.875,95.4,13.267,Shift B,normal
2026-09-11 20:30:00,21.91,32.08,65.2,176.04,10.407,7.084,4.407,34.24,3.992,3.166,67.18,2.014,0.951,96.48,13.257,Shift B,normal
2026-09-11 20:45:00,21.13,33.46,66.12,177.26,10.956,6.81,4.568,33.45,3.979,3.014,70.34,2.09,0.899,95.58,13.837,Shift B,normal
2026-09-11 21:00:00,20.01,32.87,65.67,175.48,10.173,6.903,4.511,34.83,4.051,3.236,67.84,2.05,1.083,96.13,13.276,Shift B,normal
2026-09-11 21:15:00,19.88,33.5,62.85,174.64,10.452,7.067,4.269,34.71,4.025,3.219,65.95,1.879,0.888,96.15,13.167,Shift B,normal
2026-09-11 21:30:00,20.3,33.33,65.36,176.8,10.451,7.055,4.328,34.15,3.96,3.164,59.23,1.964,0.869,95.96,13.334,Shift B,normal
2026-09-11 21:45:00,21.71,31.45,61.07,174.57,11.369,6.894,4.325,33.49,4.021,3.174,66.88,1.951,0.822,96.26,14.186,Shift B,normal
2026-09-11 22:00:00,0.0,31.32,63.56,30.26,0.1,3.991,0.494,31.76,3.949,1.093,6.97,0.147,0.12,92.35,0.805,Idle,normal
2026-09-11 22:15:00,0.57,31.72,60.63,29.73,0.1,3.947,0.523,30.85,3.936,0.855,4.76,0.184,0.12,92.18,0.597,Idle,normal
2026-09-11 22:30:00,0.0,31.33,61.52,30.24,0.437,4.028,0.669,31.65,4.009,1.007,4.95,0.141,0.12,91.59,0.979,Idle,normal
2026-09-11 22:45:00,0.0,32.61,59.32,30.42,0.94,4.036,0.693,31.62,3.957,0.869,4.39,0.19,0.12,91.72,1.539,Idle,normal
2026-09-11 23:00:00,0.14,32.11,59.77,30.26,0.309,3.986,0.638,33.77,3.939,1.009,5.49,0.117,0.12,93.29,0.882,Idle,normal
2026-09-11 23:15:00,3.18,32.52,56.96,28.8,0.336,3.964,0.597,30.69,4.119,0.974,5.0,0.147,0.12,92.54,0.933,Idle,normal
2026-09-11 23:30:00,0.0,31.75,59.05,29.75,0.802,4.03,0.53,29.43,3.972,0.998,5.99,0.158,0.12,92.75,1.361,Idle,normal
2026-09-11 23:45:00,1.91,31.39,58.11,30.41,0.657,3.993,0.592,31.07,4.194,1.085,4.57,0.217,0.12,93.21,1.105,Idle,normal
2026-09-12 00:00:00,0.19,31.96,56.42,31.58,0.499,4.071,0.631,30.27,4.075,1.082,5.47,0.183,0.12,92.23,1.107,Idle,normal
2026-09-12 00:15:00,0.53,31.14,56.89,29.73,0.146,4.089,0.641,31.01,3.927,1.109,4.76,0.158,0.12,92.26,0.756,Idle,normal
2026-09-12 00:30:00,0.15,30.59,56.79,30.55,0.51,4.05,0.634,30.5,4.122,0.96,3.16,0.176,0.12,91.75,0.986,Idle,normal
2026-09-12 00:45:00,0.58,31.47,54.83,30.88,0.1,4.012,0.66,30.9,3.938,1.07,5.63,0.193,0.12,92.24,0.697,Idle,normal
2026-09-12 01:00:00,0.0,30.13,55.38,29.8,0.132,4.091,0.697,30.69,4.202,1.051,3.25,0.165,0.12,92.2,0.556,Idle,normal
2026-09-12 01:15:00,1.89,29.54,53.22,31.15,0.851,4.012,0.58,32.19,4.025,0.963,4.84,0.109,0.12,92.21,1.377,Idle,normal
2026-09-12 01:30:00,0.0,28.85,59.55,31.2,0.806,3.976,0.74,31.43,4.054,1.012,4.86,0.175,0.12,92.72,1.435,Idle,normal
2026-09-12 01:45:00,1.47,29.82,56.64,31.38,0.503,3.966,0.499,32.25,4.006,0.987,4.99,0.149,0.12,92.6,1.081,Idle,normal
2026-09-12 02:00:00,0.0,29.99,54.75,30.46,0.1,3.965,0.561,31.48,4.031,1.139,5.05,0.136,0.12,92.65,0.708,Idle,normal
2026-09-12 02:15:00,0.0,28.7,56.27,32.36,0.1,4.0,0.61,32.12,3.976,1.081,5.04,0.119,0.12,91.95,0.574,Idle,normal
2026-09-12 02:30:00,0.0,29.52,49.73,29.38,0.112,4.023,0.627,31.21,3.91,0.966,5.36,0.173,0.12,92.31,0.529,Idle,normal
2026-09-12 02:45:00,0.59,26.64,48.36,32.12,0.29,3.929,0.591,32.47,4.025,0.959,4.89,0.17,0.12,92.49,0.888,Idle,normal
2026-09-12 03:00:00,1.88,27.92,52.51,30.77,0.1,3.978,0.575,31.66,4.098,1.096,7.62,0.112,0.12,92.99,0.671,Idle,normal
2026-09-12 03:15:00,0.0,27.68,50.42,31.34,0.264,4.011,0.71,30.73,3.876,1.134,4.66,0.106,0.12,92.39,0.883,Idle,normal
2026-09-12 03:30:00,0.0,26.89,52.6,29.68,0.969,4.032,0.573,31.7,4.146,1.032,3.78,0.226,0.12,92.25,1.653,Idle,normal
2026-09-12 03:45:00,0.0,29.14,53.43,30.84,0.49,3.999,0.549,31.39,4.061,1.066,3.59,0.184,0.12,92.72,0.904,Idle,normal
2026-09-12 04:00:00,0.0,26.95,54.84,31.43,0.427,4.012,0.685,31.12,3.948,1.13,5.66,0.153,0.12,92.26,1.155,Idle,normal
2026-09-12 04:15:00,0.0,26.45,50.74,28.91,0.1,3.938,0.642,31.29,3.944,0.983,3.41,0.174,0.12,92.45,0.597,Idle,normal
2026-09-12 04:30:00,0.0,26.59,53.88,29.84,0.1,3.954,0.655,31.83,4.177,1.008,3.79,0.131,0.12,92.47,0.707,Idle,normal
2026-09-12 04:45:00,0.29,24.76,53.2,27.86,0.1,3.997,0.61,29.36,4.077,1.049,3.65,0.143,0.12,92.08,0.642,Idle,normal
2026-09-12 05:00:00,1.71,25.56,54.0,29.82,0.1,4.026,0.531,30.79,4.1,0.957,5.46,0.151,0.12,92.07,0.575,Idle,normal
2026-09-12 05:15:00,3.65,26.78,52.44,29.18,0.376,4.012,0.604,31.76,3.966,1.17,6.33,0.189,0.12,92.27,0.839,Idle,normal
2026-09-12 05:30:00,0.0,25.32,56.45,29.78,0.484,3.958,0.524,31.25,4.041,0.956,4.06,0.093,0.12,92.14,0.917,Idle,normal
2026-09-12 05:45:00,1.87,25.01,53.72,32.92,0.1,3.988,0.612,30.18,4.019,1.006,5.42,0.109,0.12,91.85,0.662,Idle,normal
2026-09-12 06:00:00,21.32,26.58,57.75,181.84,12.503,6.923,4.548,31.87,3.973,3.258,66.06,2.042,0.96,96.16,15.458,Shift A,normal
2026-09-12 06:15:00,20.8,26.48,52.94,179.67,12.047,6.866,4.46,35.06,4.001,2.881,66.82,1.985,1.035,96.16,14.938,Shift A,normal
2026-09-12 06:30:00,21.56,25.72,56.35,178.43,11.93,6.927,4.306,33.39,4.098,3.082,67.02,2.152,0.996,95.73,14.733,Shift A,normal
2026-09-12 06:45:00,21.08,24.85,55.11,181.26,12.434,7.024,4.247,34.64,4.143,2.983,63.03,2.096,0.967,95.62,15.292,Shift A,normal
2026-09-12 07:00:00,21.14,24.94,54.98,179.88,11.569,7.008,4.65,34.33,3.959,3.036,72.07,1.932,0.895,96.12,14.427,Shift A,normal
2026-09-12 07:15:00,20.47,24.43,57.33,178.61,11.454,7.186,4.112,32.67,3.85,2.897,69.27,2.072,0.88,96.6,14.22,Shift A,normal
2026-09-12 07:30:00,19.18,24.24,55.92,180.15,12.032,7.048,4.374,31.46,4.145,3.001,64.1,1.899,1.01,96.3,14.87,Shift A,normal
2026-09-12 07:45:00,18.99,24.17,51.68,181.47,11.378,7.191,4.311,33.05,4.146,3.039,59.81,1.989,0.972,96.33,14.143,Shift A,normal
2026-09-12 08:00:00,21.85,24.51,51.37,178.9,11.909,7.072,4.53,33.56,4.022,3.057,60.3,2.098,0.948,95.87,14.812,Shift A,normal
2026-09-12 08:15:00,20.64,24.18,60.56,182.41,12.488,7.109,4.302,33.77,4.16,3.128,72.59,2.11,0.927,96.04,15.366,Shift A,normal
2026-09-12 08:30:00,20.23,23.78,61.02,179.15,11.133,6.964,4.456,32.59,4.012,2.787,65.68,2.039,0.954,95.93,13.98,Shift A,normal
2026-09-12 08:45:00,21.01,25.25,62.88,179.97,11.525,6.893,4.485,33.76,3.894,3.023,69.2,1.971,0.885,95.7,14.462,Shift A,normal
2026-09-12 09:00:00,22.03,25.32,59.64,178.55,11.426,6.955,4.853,34.0,3.854,3.017,64.98,2.07,0.941,96.05,14.32,Shift A,normal
2026-09-12 09:15:00,21.23,26.57,57.66,179.69,11.186,6.999,4.49,34.51,3.858,3.051,66.19,2.025,0.985,95.65,13.955,Shift A,normal
2026-09-12 09:30:00,20.15,24.77,59.99,179.39,11.287,6.937,4.571,33.39,3.984,3.038,65.36,1.918,0.979,95.7,14.241,Shift A,normal
2026-09-12 09:45:00,22.59,25.65,61.43,177.9,11.399,6.9,4.376,33.93,3.94,2.964,69.06,2.151,0.953,95.84,14.132,Shift A,normal
2026-09-12 10:00:00,23.05,25.79,59.99,182.08,12.788,7.042,4.706,34.03,3.929,2.894,69.02,2.203,1.057,95.78,15.811,Shift A,normal
2026-09-12 10:15:00,21.64,25.47,65.89,178.61,11.429,6.899,4.526,34.36,3.975,3.068,64.71,2.051,1.012,95.97,14.246,Shift A,normal
2026-09-12 10:30:00,22.27,26.42,67.65,178.46,11.199,6.847,4.568,33.11,4.075,2.972,65.24,2.077,0.929,95.27,14.01,Shift A,normal
2026-09-12 10:45:00,22.61,26.61,64.71,179.77,11.962,6.888,4.591,31.34,3.936,3.104,68.11,2.197,0.908,95.63,14.881,Shift A,normal
2026-09-12 11:00:00,22.47,26.43,64.31,180.46,12.324,6.977,4.753,33.69,3.918,2.966,62.96,2.075,0.999,96.49,15.131,Shift A,normal
2026-09-12 11:15:00,21.8,26.16,62.3,179.61,11.947,6.901,4.539,33.54,3.941,3.125,65.15,2.05,0.939,95.96,14.757,Shift A,normal
2026-09-12 11:30:00,21.78,26.28,68.54,177.13,11.159,6.977,4.413,32.72,4.081,3.064,67.14,1.875,0.929,96.17,13.82,Shift A,normal
2026-09-12 11:45:00,21.68,25.68,66.13,178.38,11.57,7.06,4.427,32.41,3.98,3.052,68.7,2.047,0.971,96.14,14.473,Shift A,normal
2026-09-12 12:00:00,19.57,26.36,65.92,176.12,11.012,7.057,4.472,33.24,4.017,3.041,70.13,1.968,0.971,95.92,13.85,Shift A,normal
2026-09-12 12:15:00,21.91,26.73,67.96,178.74,12.288,6.934,4.568,33.7,4.146,3.042,66.29,2.068,1.003,95.67,15.185,Shift A,normal
2026-09-12 12:30:00,19.24,26.57,66.31,176.04,11.099,6.87,4.171,33.59,4.275,3.067,65.42,1.966,0.934,95.76,13.854,Shift A,normal
2026-09-12 12:45:00,19.97,28.07,68.23,176.71,10.768,6.942,4.46,32.0,4.06,3.218,60.37,1.92,0.825,96.65,13.598,Shift A,normal
2026-09-12 13:00:00,22.69,28.92,65.48,177.35,10.803,7.066,4.432,32.47,4.054,2.961,69.43,1.99,1.02,95.8,13.591,Shift A,normal
2026-09-12 13:15:00,22.09,27.49,70.94,177.64,11.031,7.089,4.578,34.76,3.876,3.01,65.15,1.884,0.925,96.59,13.931,Shift A,normal
2026-09-12 13:30:00,22.93,28.7,68.93,176.78,10.944,7.035,4.479,33.74,4.036,3.215,67.72,2.072,0.991,95.82,13.718,Shift A,normal
2026-09-12 13:45:00,20.65,27.91,71.8,178.41,11.342,7.12,4.405,33.77,4.002,3.175,68.01,1.888,0.942,95.88,14.054,Shift A,normal
2026-09-12 14:00:00,19.5,28.76,69.39,177.47,10.627,7.173,4.305,32.71,4.088,3.249,67.1,2.199,1.046,96.01,13.66,Shift B,normal
2026-09-12 14:15:00,20.69,28.71,69.8,177.26,11.354,6.952,4.624,33.98,3.96,3.098,62.26,2.201,1.051,95.92,14.344,Shift B,normal
2026-09-12 14:30:00,21.13,30.0,67.89,175.25,10.312,7.149,4.516,33.72,4.024,3.0,69.43,2.25,0.931,95.6,13.049,Shift B,normal
2026-09-12 14:45:00,21.1,29.24,72.04,178.05,10.548,6.974,4.617,33.53,4.061,3.01,66.88,1.935,0.886,95.99,13.411,Shift B,normal
2026-09-12 15:00:00,22.47,30.84,68.94,175.43,10.869,7.102,4.896,33.16,4.197,3.131,72.03,2.01,0.906,95.42,13.703,Shift B,normal
2026-09-12 15:15:00,20.53,30.09,69.85,177.86,10.736,7.071,4.437,33.28,4.161,3.221,70.86,1.846,0.96,96.12,13.681,Shift B,normal
2026-09-12 15:30:00,21.46,30.01,70.93,178.04,10.707,6.802,4.668,35.69,4.131,3.115,72.13,2.304,0.931,96.08,13.76,Shift B,normal
2026-09-12 15:45:00,19.71,29.77,71.22,176.43,10.525,6.903,4.299,33.58,4.076,3.099,61.47,2.048,0.881,96.22,13.499,Shift B,normal
2026-09-12 16:00:00,21.59,31.2,67.59,176.87,10.69,6.878,4.646,34.83,3.966,3.189,68.63,1.89,0.933,95.8,13.555,Shift B,normal
2026-09-12 16:15:00,21.0,31.94,70.52,172.67,10.978,6.822,4.363,33.91,4.084,3.174,62.17,2.032,0.975,96.13,13.742,Shift B,normal
2026-09-12 16:30:00,20.03,31.65,72.51,175.5,10.494,7.088,4.399,33.82,3.933,3.11,69.93,1.884,0.936,96.09,13.258,Shift B,normal
2026-09-12 16:45:00,20.69,33.43,70.07,176.73,10.676,7.207,4.506,33.77,3.997,3.091,70.96,2.015,0.924,96.01,13.493,Shift B,normal
2026-09-12 17:00:00,20.76,32.97,70.24,176.51,10.843,6.974,4.529,35.34,4.194,3.294,69.62,2.035,0.931,96.65,13.796,Shift B,normal
2026-09-12 17:15:00,20.65,31.76,70.85,174.33,11.126,7.085,4.286,34.31,4.065,3.272,65.31,2.095,0.94,96.07,13.853,Shift B,normal
2026-09-12 17:30:00,23.3,31.92,70.06,175.23,11.497,7.148,4.494,33.52,4.034,3.062,70.61,2.17,0.991,95.77,14.401,Shift B,normal
2026-09-12 17:45:00,20.87,32.7,68.01,172.97,10.97,7.021,4.526,33.92,4.05,3.142,65.13,1.961,0.965,96.41,13.762,Shift B,normal
2026-09-12 18:00:00,20.68,31.79,69.72,175.91,10.866,6.997,4.397,34.94,4.002,3.229,66.66,1.968,0.866,96.13,13.665,Shift B,normal
2026-09-12 18:15:00,18.27,33.52,71.47,173.62,10.556,6.975,4.129,31.77,3.803,3.064,64.17,1.621,0.928,96.51,13.326,Shift B,normal
2026-09-12 18:30:00,19.84,32.98,67.04,176.65,10.95,7.054,4.382,34.42,3.89,3.211,59.86,2.103,0.92,95.32,13.909,Shift B,normal
2026-09-12 18:45:00,20.66,32.99,68.02,176.73,10.997,7.087,4.425,34.63,4.078,3.157,64.16,1.997,0.897,95.86,13.9,Shift B,normal
2026-09-12 19:00:00,20.11,33.41,65.6,175.11,11.174,7.046,4.428,33.63,3.926,3.064,72.91,1.974,0.923,95.82,14.047,Shift B,normal
2026-09-12 19:15:00,22.8,34.3,69.82,176.15,10.323,7.043,4.631,34.56,4.01,3.386,68.26,2.258,1.031,95.29,13.354,Shift B,normal
2026-09-12 19:30:00,20.79,33.1,67.29,175.47,10.693,6.995,4.503,34.66,3.894,3.143,67.19,1.908,0.99,95.99,13.55,Shift B,normal
2026-09-12 19:45:00,22.67,32.9,65.3,176.0,11.081,6.841,4.468,33.23,3.944,3.23,68.38,2.126,0.977,95.82,13.881,Shift B,normal
2026-09-12 20:00:00,21.08,34.21,66.68,174.69,10.786,7.09,4.416,34.96,4.02,3.095,65.74,2.147,0.908,95.22,13.554,Shift B,normal
2026-09-12 20:15:00,21.05,33.77,63.57,176.54,10.544,6.872,4.574,34.59,4.111,3.362,67.05,2.081,0.885,95.7,13.505,Shift B,normal
2026-09-12 20:30:00,20.88,32.71,63.38,174.38,10.334,7.062,4.388,34.03,4.127,3.384,65.58,2.088,0.904,96.39,13.16,Shift B,normal
2026-09-12 20:45:00,21.0,32.93,61.97,174.29,11.085,7.076,4.413,34.27,3.942,3.028,60.06,2.16,0.953,96.23,14.004,Shift B,normal
2026-09-12 21:00:00,23.23,33.02,62.2,176.11,10.753,6.886,4.414,34.76,4.047,3.172,71.27,2.047,0.98,95.7,13.627,Shift B,normal
2026-09-12 21:15:00,17.98,33.08,66.47,176.14,9.96,6.939,4.276,35.96,3.874,3.308,69.02,2.011,0.883,95.69,12.781,Shift B,normal
2026-09-12 21:30:00,18.4,31.61,61.71,176.75,10.971,7.212,4.345,34.52,4.016,3.113,61.07,2.04,0.965,96.27,13.763,Shift B,normal
2026-09-12 21:45:00,20.29,31.35,63.52,175.96,10.918,6.992,4.181,34.55,4.105,3.204,65.03,1.934,0.963,95.26,13.749,Shift B,normal
2026-09-12 22:00:00,0.02,31.75,60.33,29.71,0.309,3.945,0.605,31.77,4.004,0.832,3.71,0.133,0.12,92.5,0.849,Idle,normal
2026-09-12 22:15:00,0.9,31.55,62.93,32.23,0.1,4.021,0.56,33.09,4.142,0.921,4.46,0.128,0.12,91.71,0.524,Idle,normal
2026-09-12 22:30:00,0.62,31.66,58.77,29.49,0.31,3.983,0.579,30.42,4.094,1.031,5.71,0.175,0.12,92.86,0.807,Idle,normal
2026-09-12 22:45:00,0.0,32.52,60.32,28.99,0.775,3.989,0.634,30.3,4.038,0.941,6.58,0.208,0.12,92.51,1.299,Idle,normal
2026-09-12 23:00:00,1.32,31.69,59.78,29.83,0.1,4.041,0.578,31.71,3.986,0.964,4.71,0.153,0.12,91.65,0.642,Idle,normal
2026-09-12 23:15:00,1.34,31.79,63.76,29.75,0.1,4.02,0.622,32.16,3.958,0.848,4.2,0.138,0.12,92.16,0.619,Idle,normal
2026-09-12 23:30:00,0.24,30.46,59.82,29.19,0.13,3.994,0.601,29.45,3.86,1.065,5.07,0.168,0.12,92.39,0.673,Idle,normal
2026-09-12 23:45:00,1.25,30.85,56.83,32.6,0.341,4.084,0.547,31.5,3.878,0.866,3.39,0.141,0.12,91.67,0.878,Idle,normal
2026-09-13 00:00:00,0.25,31.47,58.87,30.32,0.176,4.037,0.681,31.5,4.109,1.154,6.24,0.063,0.12,92.29,0.733,Idle,normal
2026-09-13 00:15:00,0.0,31.25,61.28,30.46,0.575,3.979,0.63,32.18,4.16,0.932,3.77,0.171,0.12,92.48,0.989,Idle,normal
2026-09-13 00:30:00,0.64,29.95,53.26,29.54,0.731,3.981,0.617,31.82,3.896,1.08,5.31,0.189,0.12,91.56,1.402,Idle,normal
2026-09-13 00:45:00,0.1,30.42,54.38,29.42,0.448,4.039,0.628,30.07,4.012,1.07,5.3,0.193,0.12,92.55,1.091,Idle,normal
2026-09-13 01:00:00,0.0,31.79,55.16,31.03,0.546,4.01,0.51,30.69,3.854,0.901,5.63,0.104,0.12,92.28,0.907,Idle,normal
2026-09-13 01:15:00,1.34,29.77,54.4,28.32,0.445,3.944,0.575,30.79,3.905,0.942,5.26,0.174,0.12,92.58,0.975,Idle,normal
2026-09-13 01:30:00,0.0,28.97,54.19,28.86,0.353,4.045,0.524,31.93,4.026,0.954,5.0,0.211,0.12,92.19,0.972,Idle,normal
2026-09-13 01:45:00,0.0,29.12,51.91,29.75,0.1,4.063,0.606,31.7,3.949,0.961,5.43,0.251,0.12,91.92,0.623,Idle,normal
2026-09-13 02:00:00,0.0,29.07,57.01,31.35,0.1,4.059,0.616,30.91,3.809,0.87,5.83,0.169,0.12,91.93,0.668,Idle,normal
2026-09-13 02:15:00,0.0,28.62,51.08,29.63,0.1,4.077,0.607,31.48,4.17,1.053,6.8,0.189,0.12,92.18,0.744,Idle,normal
2026-09-13 02:30:00,0.0,28.45,53.28,30.42,0.298,4.103,0.659,30.54,3.993,0.931,3.9,0.11,0.12,92.24,0.837,Idle,normal
2026-09-13 02:45:00,0.0,27.06,55.57,30.03,0.431,4.086,0.525,32.83,3.882,0.989,3.16,0.105,0.12,92.67,1.1,Idle,normal
2026-09-13 03:00:00,0.0,27.19,53.25,31.3,0.1,4.017,0.56,31.68,4.006,1.101,3.45,0.189,0.12,92.23,0.707,Idle,normal
2026-09-13 03:15:00,0.0,27.59,51.21,28.42,0.375,3.99,0.621,31.92,3.986,1.057,3.19,0.069,0.12,91.71,0.913,Idle,normal
2026-09-13 03:30:00,2.24,27.34,50.38,30.74,0.1,3.909,0.613,32.37,4.036,0.938,3.8,0.156,0.12,92.16,0.606,Idle,normal
2026-09-13 03:45:00,1.64,26.78,52.56,29.8,0.1,4.001,0.534,31.98,3.957,1.104,3.67,0.207,0.12,91.76,0.65,Idle,normal
2026-09-13 04:00:00,0.0,26.86,51.49,30.92,0.131,4.026,0.66,31.28,4.023,1.067,4.58,0.179,0.12,92.45,0.655,Idle,normal
2026-09-13 04:15:00,0.0,26.83,53.43,29.18,0.1,4.002,0.677,31.12,4.086,0.929,5.86,0.178,0.12,92.48,0.55,Idle,normal
2026-09-13 04:30:00,0.0,27.28,50.27,30.02,0.562,3.906,0.621,32.3,3.861,0.949,5.63,0.148,0.12,92.56,1.012,Idle,normal
2026-09-13 04:45:00,0.0,26.28,54.8,29.9,0.291,3.986,0.525,31.14,3.92,1.1,4.38,0.134,0.12,92.19,0.812,Idle,normal
2026-09-13 05:00:00,0.0,26.49,53.54,29.0,0.635,4.032,0.608,30.6,4.074,1.078,4.46,0.236,0.12,92.03,1.273,Idle,normal
2026-09-13 05:15:00,0.0,25.56,53.86,28.72,0.195,3.949,0.617,32.7,3.931,0.85,7.01,0.199,0.12,92.09,0.73,Idle,normal
2026-09-13 05:30:00,0.0,26.28,56.57,29.42,0.208,4.008,0.586,30.42,3.981,0.899,5.59,0.184,0.12,92.25,0.731,Idle,normal
2026-09-13 05:45:00,0.0,25.97,53.05,30.13,1.006,4.022,0.667,29.8,3.941,1.07,5.17,0.151,0.12,92.13,1.74,Idle,normal
2026-09-13 06:00:00,14.01,26.23,52.75,181.1,10.926,6.975,3.712,33.99,3.948,2.941,62.05,1.601,0.848,96.49,13.561,Shift A,normal
2026-09-13 06:15:00,14.84,25.98,53.42,180.48,11.763,6.844,4.1,32.84,3.939,3.133,60.55,1.786,0.792,95.81,14.368,Shift A,normal
2026-09-13 06:30:00,15.03,25.78,54.47,180.21,11.805,7.102,4.227,33.84,3.861,3.236,59.22,1.781,0.889,95.91,14.62,Shift A,normal
2026-09-13 06:45:00,15.08,25.13,55.05,179.38,11.221,7.016,4.151,34.84,4.03,3.082,63.15,1.842,0.848,95.7,13.832,Shift A,normal
2026-09-13 07:00:00,13.5,25.33,53.97,179.97,10.898,7.039,3.96,32.18,4.092,2.961,61.15,1.977,0.871,95.7,13.587,Shift A,normal
2026-09-13 07:15:00,15.48,25.93,52.02,179.05,11.388,7.042,4.121,33.4,3.97,3.072,55.01,1.919,0.844,95.53,13.992,Shift A,normal
2026-09-13 07:30:00,13.97,24.51,55.4,179.46,10.773,6.87,4.06,34.47,4.077,3.141,62.13,1.74,0.871,95.6,13.402,Shift A,normal
2026-09-13 07:45:00,15.28,24.51,57.72,180.33,11.046,7.03,4.209,33.92,3.933,3.036,65.29,2.169,0.945,96.6,13.911,Shift A,normal
2026-09-13 08:00:00,14.69,25.15,57.77,180.05,11.004,7.091,3.912,33.09,3.93,3.085,60.85,1.815,0.875,96.14,13.615,Shift A,normal
2026-09-13 08:15:00,13.45,25.34,60.42,183.14,12.264,7.114,3.934,35.18,4.026,2.968,59.4,1.688,0.779,95.75,14.746,Shift A,normal
2026-09-13 08:30:00,14.41,24.37,62.47,178.64,10.357,7.072,4.261,33.32,4.024,2.958,66.65,1.736,0.892,95.75,12.989,Shift A,normal
2026-09-13 08:45:00,15.03,25.02,60.63,179.75,11.457,7.051,4.106,33.67,3.973,3.129,59.4,1.715,0.881,96.39,14.065,Shift A,normal
2026-09-13 09:00:00,15.26,25.06,62.44,178.34,10.418,6.826,4.299,34.8,4.052,2.974,61.24,1.731,0.894,95.7,13.15,Shift A,normal
2026-09-13 09:15:00,14.57,23.44,61.78,179.26,10.864,6.999,4.433,34.22,3.849,2.741,62.11,1.859,0.924,95.37,13.674,Shift A,normal
2026-09-13 09:30:00,16.09,25.13,64.25,179.17,10.473,6.904,4.107,34.42,3.954,3.008,62.63,1.655,0.867,96.14,13.091,Shift A,normal
2026-09-13 09:45:00,15.62,25.29,65.11,180.23,11.297,7.128,3.993,32.58,4.082,3.083,61.24,1.978,0.873,95.62,14.086,Shift A,normal
2026-09-13 10:00:00,20.67,25.41,63.9,178.8,10.858,7.113,4.408,34.56,4.082,3.16,66.87,2.07,0.897,95.53,13.67,Shift A,normal
2026-09-13 10:15:00,21.98,26.81,64.0,178.91,10.991,6.905,4.65,33.98,4.075,3.243,72.48,2.033,0.973,95.59,13.933,Shift A,normal
2026-09-13 10:30:00,23.51,24.85,62.76,178.53,11.396,6.995,4.76,33.17,4.085,3.053,71.59,2.231,0.991,96.13,14.522,Shift A,normal
2026-09-13 10:45:00,23.55,25.33,63.67,177.4,11.574,7.025,4.886,34.06,3.948,3.108,68.97,2.034,0.97,95.95,14.534,Shift A,normal
2026-09-13 11:00:00,19.4,24.08,63.65,177.99,11.117,7.09,4.36,33.59,3.81,3.02,62.87,1.908,0.97,95.66,13.992,Shift A,normal
2026-09-13 11:15:00,19.8,25.98,66.14,178.11,11.198,6.832,4.446,35.14,3.962,3.09,63.62,2.07,0.886,96.16,13.989,Shift A,normal
2026-09-13 11:30:00,22.93,26.25,64.0,178.4,11.308,6.779,4.49,34.0,4.053,3.048,71.49,2.098,0.982,95.7,14.186,Shift A,normal
2026-09-13 11:45:00,19.62,26.37,65.6,178.72,11.036,7.004,4.077,32.81,4.069,3.109,60.88,1.895,0.966,95.41,13.704,Shift A,normal
2026-09-13 12:00:00,19.28,27.89,61.79,177.77,11.183,6.747,4.352,32.93,3.943,3.014,72.56,1.945,0.904,95.54,13.968,Shift A,normal
2026-09-13 12:15:00,20.37,27.92,70.45,177.58,10.768,7.016,4.284,33.66,3.899,3.282,66.24,2.135,0.876,96.0,13.656,Shift A,normal
2026-09-13 12:30:00,21.55,27.53,67.04,175.95,11.155,7.059,4.57,32.78,3.907,2.839,63.26,2.186,0.874,95.67,14.058,Shift A,normal
2026-09-13 12:45:00,20.87,27.42,68.85,178.05,11.532,7.124,4.226,33.05,3.939,3.136,67.33,2.063,0.958,96.04,14.307,Shift A,normal
2026-09-13 13:00:00,20.15,28.79,71.28,176.66,10.515,6.938,4.321,33.6,3.809,3.125,63.74,2.014,1.027,96.36,13.348,Shift A,normal
2026-09-13 13:15:00,20.12,28.2,69.37,177.94,10.771,7.016,4.44,33.48,3.944,3.13,64.85,2.018,0.911,95.78,13.716,Shift A,normal
2026-09-13 13:30:00,20.07,27.82,72.03,178.36,10.91,7.065,4.449,34.38,4.0,2.973,61.53,1.847,0.963,96.92,13.597,Shift A,normal
2026-09-13 13:45:00,19.86,27.37,67.0,176.71,10.276,6.882,4.386,33.13,3.984,2.913,65.16,2.191,0.817,96.06,12.88,Shift A,normal
2026-09-13 14:00:00,23.97,28.65,74.59,175.73,10.891,7.092,4.862,32.16,3.966,3.163,63.2,2.201,1.006,95.88,13.872,Shift B,normal
2026-09-13 14:15:00,21.39,29.87,72.25,176.59,11.362,7.027,4.672,32.76,3.935,3.256,65.45,2.286,0.902,95.5,14.415,Shift B,normal
2026-09-13 14:30:00,22.15,31.34,70.73,176.83,10.634,6.939,4.447,34.06,3.952,3.172,65.46,2.019,0.946,95.85,13.512,Shift B,normal
2026-09-13 14:45:00,20.36,29.83,73.37,176.04,11.232,7.014,4.615,33.6,3.948,3.203,64.82,1.889,0.948,95.86,14.045,Shift B,normal
2026-09-13 15:00:00,20.76,29.42,68.36,175.67,10.628,6.986,4.657,33.07,4.072,3.08,64.39,2.076,0.866,96.21,13.529,Shift B,normal
2026-09-13 15:15:00,20.07,29.34,70.25,176.68,11.545,7.078,4.389,35.45,4.001,3.151,66.17,1.964,1.098,95.76,14.392,Shift B,normal
2026-09-13 15:30:00,17.55,30.97,73.81,176.51,10.334,6.964,4.259,34.59,4.325,3.296,66.46,2.029,0.88,96.11,13.049,Shift B,normal
2026-09-13 15:45:00,19.21,29.36,67.25,175.58,10.594,7.023,4.346,33.81,3.968,3.085,66.37,2.073,0.961,95.95,13.408,Shift B,normal
2026-09-13 16:00:00,18.65,31.44,72.12,174.18,10.29,6.938,4.241,34.14,4.054,3.279,68.68,2.116,0.998,96.25,13.233,Shift B,normal
2026-09-13 16:15:00,18.08,31.88,72.05,176.21,10.347,6.906,4.219,33.76,3.981,2.999,62.77,1.937,0.932,96.32,13.072,Shift B,normal
2026-09-13 16:30:00,19.45,31.78,74.86,174.92,11.121,7.017,4.525,33.16,3.978,3.099,66.48,2.113,0.872,96.04,13.878,Shift B,normal
2026-09-13 16:45:00,22.72,31.46,67.66,175.85,11.123,6.91,4.616,35.02,4.166,3.224,69.54,2.027,0.978,96.21,14.197,Shift B,normal
2026-09-13 17:00:00,20.94,32.28,73.91,175.74,11.159,7.08,4.39,34.8,4.113,3.37,70.3,2.016,0.859,96.34,13.964,Shift B,normal
2026-09-13 17:15:00,22.68,32.14,69.4,173.66,10.53,7.059,4.45,32.56,3.837,3.157,66.22,2.067,0.956,96.08,13.442,Shift B,normal
2026-09-13 17:30:00,21.53,31.55,69.42,175.6,11.072,6.923,4.401,34.25,3.908,3.047,69.75,2.058,1.042,96.04,14.001,Shift B,normal
2026-09-13 17:45:00,22.02,33.81,67.63,176.02,10.568,7.021,4.501,34.58,4.006,3.387,65.24,2.182,0.894,96.09,13.568,Shift B,normal
2026-09-13 18:00:00,19.83,32.18,67.62,176.14,10.263,6.923,4.499,33.92,3.961,3.154,64.14,1.908,0.897,96.52,13.083,Shift B,normal
2026-09-13 18:15:00,21.68,33.21,70.29,175.62,10.94,6.84,4.398,35.87,3.866,3.244,66.44,2.059,1.053,95.98,13.708,Shift B,normal
2026-09-13 18:30:00,21.95,30.76,66.92,173.54,11.02,6.94,4.625,35.74,4.019,3.112,69.11,2.091,0.955,96.14,14.034,Shift B,normal
2026-09-13 18:45:00,20.25,33.81,70.25,176.83,10.857,6.995,4.439,33.97,3.831,3.199,62.96,2.082,0.898,95.73,13.643,Shift B,normal
2026-09-13 19:00:00,21.73,34.04,67.04,176.0,11.133,7.052,4.521,34.16,4.033,3.149,64.71,1.924,0.98,96.48,14.079,Shift B,normal
2026-09-13 19:15:00,21.74,32.95,65.51,174.43,11.165,7.015,4.627,34.05,4.089,3.416,65.63,1.988,0.937,96.07,14.221,Shift B,normal
2026-09-13 19:30:00,20.29,33.41,66.42,174.9,11.239,7.091,4.518,33.8,4.105,3.319,66.4,1.922,0.808,95.8,14.008,Shift B,normal
2026-09-13 19:45:00,19.54,33.44,67.67,175.99,10.279,6.902,4.204,33.35,4.003,3.369,62.78,1.698,0.866,95.93,12.939,Shift B,normal
2026-09-13 20:00:00,19.46,32.49,65.95,176.51,11.26,6.962,4.238,34.44,4.165,3.109,66.31,2.111,1.036,95.89,14.077,Shift B,normal
2026-09-13 20:15:00,21.11,33.43,66.05,175.43,11.46,7.164,4.439,35.81,4.051,3.013,65.93,1.885,0.97,95.94,14.335,Shift B,normal
2026-09-13 20:30:00,21.43,32.32,66.84,176.84,10.812,6.807,4.528,35.45,4.098,3.15,69.26,1.828,1.03,96.04,13.623,Shift B,normal
2026-09-13 20:45:00,19.97,32.44,67.06,174.33,10.129,6.955,4.562,34.87,3.94,3.421,66.16,2.069,0.888,95.84,13.097,Shift B,normal
2026-09-13 21:00:00,21.03,33.77,63.71,175.19,10.305,6.893,4.47,32.36,4.171,3.179,72.19,2.029,0.95,95.37,13.147,Shift B,normal
2026-09-13 21:15:00,21.74,33.57,61.67,174.29,10.704,6.98,4.709,32.93,4.018,3.301,67.93,2.083,0.952,96.53,13.753,Shift B,normal
2026-09-13 21:30:00,21.8,32.13,63.33,175.58,11.57,6.957,4.423,34.98,4.17,3.079,63.97,1.984,0.934,96.03,14.349,Shift B,normal
2026-09-13 21:45:00,23.02,32.0,63.53,178.12,11.303,7.06,4.517,35.47,4.148,3.095,68.08,2.3,0.987,96.09,14.195,Shift B,normal
2026-09-13 22:00:00,1.66,31.95,59.08,30.24,0.134,4.012,0.587,32.06,4.038,0.992,4.5,0.112,0.12,92.29,0.567,Idle,normal
2026-09-13 22:15:00,0.0,32.91,59.63,29.27,0.11,3.947,0.529,31.41,4.056,1.211,5.8,0.082,0.12,92.6,0.573,Idle,normal
2026-09-13 22:30:00,2.19,31.37,59.39,29.65,0.1,3.998,0.673,32.71,3.992,1.11,4.51,0.22,0.12,92.31,0.779,Idle,normal
2026-09-13 22:45:00,0.0,32.29,59.83,29.99,0.656,3.993,0.636,32.28,3.931,0.795,6.34,0.108,0.12,92.19,1.105,Idle,normal
2026-09-13 23:00:00,1.36,32.43,58.15,29.48,0.318,3.969,0.638,32.6,4.073,1.067,6.3,0.211,0.12,92.2,0.813,Idle,normal
2026-09-13 23:15:00,0.09,31.57,60.52,30.33,1.085,3.96,0.674,30.16,4.065,0.885,4.68,0.123,0.12,92.75,1.464,Idle,normal
2026-09-13 23:30:00,0.0,32.24,55.35,30.46,0.57,4.02,0.686,31.98,3.851,0.932,5.27,0.138,0.12,92.38,1.08,Idle,normal
2026-09-13 23:45:00,0.0,30.98,54.86,32.17,0.64,3.989,0.555,32.94,4.0,1.051,6.27,0.098,0.12,92.34,1.093,Idle,normal
2026-09-14 00:00:00,0.0,30.83,56.83,30.28,0.265,3.97,0.53,31.91,4.094,1.14,5.3,0.201,0.12,92.15,0.745,Idle,normal
2026-09-14 00:15:00,0.0,29.99,56.65,28.09,0.1,3.957,0.642,32.25,4.151,1.135,4.08,0.196,0.12,92.14,0.624,Idle,normal
2026-09-14 00:30:00,1.26,31.34,53.61,31.16,0.1,3.994,0.587,31.6,4.082,1.033,5.07,0.124,0.12,92.71,0.638,Idle,normal
2026-09-14 00:45:00,1.97,29.67,54.85,29.8,0.1,4.046,0.591,31.52,3.851,1.035,4.25,0.147,0.12,91.97,0.543,Idle,normal
2026-09-14 01:00:00,0.0,30.32,54.83,32.01,0.669,4.01,0.544,32.58,3.9,1.135,5.15,0.176,0.12,92.58,1.2,Idle,normal
2026-09-14 01:15:00,0.39,29.72,54.45,31.47,0.215,3.988,0.629,30.93,3.968,0.842,4.21,0.131,0.12,92.58,0.779,Idle,normal
2026-09-14 01:30:00,0.0,28.68,55.16,29.49,0.683,4.015,0.62,30.76,4.139,1.183,5.37,0.205,0.12,92.36,1.233,Idle,normal
2026-09-14 01:45:00,0.0,28.77,53.19,30.72,0.398,4.068,0.592,30.98,3.938,0.926,3.21,0.146,0.12,92.25,0.821,Idle,normal
2026-09-14 02:00:00,1.01,30.11,57.16,29.41,0.248,4.025,0.531,31.45,4.11,1.026,3.88,0.129,0.12,91.77,0.846,Idle,normal
2026-09-14 02:15:00,0.0,28.9,54.9,30.0,0.1,4.013,0.66,30.13,3.937,0.95,4.21,0.087,0.12,92.53,0.61,Idle,normal
2026-09-14 02:30:00,2.26,27.67,52.07,30.68,0.456,4.032,0.613,31.88,4.048,0.884,4.84,0.098,0.12,91.76,0.933,Idle,normal
2026-09-14 02:45:00,0.0,28.46,53.67,31.11,0.273,3.992,0.656,31.25,3.904,1.046,3.49,0.174,0.12,92.39,0.877,Idle,normal
2026-09-14 03:00:00,1.3,27.85,53.55,30.9,0.666,4.009,0.495,31.91,3.976,1.024,4.12,0.159,0.12,92.34,1.171,Idle,normal
2026-09-14 03:15:00,0.13,30.48,55.6,30.07,0.1,3.976,0.603,29.81,3.893,0.989,5.78,0.183,0.12,92.57,0.642,Idle,normal
2026-09-14 03:30:00,1.03,27.7,51.88,32.48,0.566,3.922,0.564,31.95,4.139,0.985,5.9,0.127,0.12,92.05,0.952,Idle,normal
2026-09-14 03:45:00,0.0,26.93,54.55,29.63,0.924,4.017,0.602,32.29,3.922,1.153,2.47,0.084,0.12,91.96,1.409,Idle,normal
2026-09-14 04:00:00,0.0,28.14,53.08,28.39,0.445,4.017,0.647,31.7,3.842,1.219,4.41,0.13,0.12,92.45,1.186,Idle,normal
2026-09-14 04:15:00,0.0,25.3,56.0,28.59,0.625,3.986,0.618,31.13,3.823,1.125,6.27,0.232,0.12,92.2,1.128,Idle,normal
2026-09-14 04:30:00,0.0,26.64,55.66,31.47,0.55,4.052,0.601,31.89,3.982,1.028,5.39,0.111,0.12,91.63,1.083,Idle,normal
2026-09-14 04:45:00,0.86,27.96,53.57,29.92,1.014,3.964,0.601,32.32,3.95,0.836,5.41,0.149,0.12,92.3,1.643,Idle,normal
2026-09-14 05:00:00,0.85,26.08,52.78,30.16,0.48,3.911,0.522,31.52,4.053,1.063,5.56,0.053,0.12,92.94,1.037,Idle,normal
2026-09-14 05:15:00,0.77,24.61,54.49,29.46,0.595,3.965,0.555,31.49,3.959,1.067,4.04,0.129,0.12,92.48,1.148,Idle,normal
2026-09-14 05:30:00,2.0,25.51,53.32,29.55,0.337,3.923,0.656,32.47,4.103,1.077,5.21,0.133,0.12,91.87,0.832,Idle,normal
2026-09-14 05:45:00,1.88,26.84,57.29,29.21,0.1,4.017,0.575,31.81,3.953,0.886,5.47,0.163,0.12,92.44,0.549,Idle,normal
2026-09-14 06:00:00,20.51,25.84,54.36,180.75,11.477,7.163,4.428,32.98,4.09,3.147,62.25,2.02,0.918,96.28,14.306,Shift A,normal
2026-09-14 06:15:00,21.48,24.74,53.71,180.94,12.504,6.979,4.378,34.52,3.888,3.183,65.53,1.936,0.941,95.32,15.365,Shift A,normal
2026-09-14 06:30:00,20.19,24.76,53.94,180.91,11.586,6.92,4.38,33.41,3.833,2.924,60.82,2.145,0.93,95.83,14.508,Shift A,normal
2026-09-14 06:45:00,21.03,24.76,52.81,179.48,11.75,6.853,4.361,33.52,3.901,3.096,68.01,1.984,0.957,96.42,14.584,Shift A,normal
2026-09-14 07:00:00,20.22,25.43,56.75,178.77,11.361,7.219,4.422,33.67,3.873,2.956,64.91,2.042,0.92,95.45,14.126,Shift A,normal
2026-09-14 07:15:00,23.11,26.15,54.43,180.63,12.395,7.066,4.553,34.51,3.865,3.039,71.06,2.071,0.974,95.84,15.271,Shift A,normal
2026-09-14 07:30:00,21.47,25.88,58.72,179.8,11.453,6.931,4.427,35.03,4.029,2.963,67.42,2.085,0.919,95.88,14.318,Shift A,normal
2026-09-14 07:45:00,20.72,25.37,54.41,182.08,12.239,7.169,4.499,33.65,3.959,3.008,60.25,2.067,1.058,95.75,15.149,Shift A,normal
2026-09-14 08:00:00,22.55,23.93,57.75,182.05,12.789,7.136,4.743,35.06,3.994,2.986,63.32,2.261,1.021,96.38,15.747,Shift A,normal
2026-09-14 08:15:00,18.18,23.95,60.32,182.07,12.192,6.865,4.33,33.54,4.033,3.065,64.61,1.96,0.943,96.33,14.902,Shift A,normal
2026-09-14 08:30:00,18.38,25.46,54.25,179.04,10.704,6.925,4.464,34.74,3.817,3.123,65.94,1.845,0.898,95.87,13.598,Shift A,normal
2026-09-14 08:45:00,22.03,24.0,63.14,180.45,12.591,6.987,4.712,33.82,4.037,3.147,61.18,2.206,1.005,95.58,15.562,Shift A,normal
2026-09-14 09:00:00,21.08,24.96,58.82,180.64,11.628,6.893,4.394,33.14,3.863,2.963,66.72,2.099,0.968,96.38,14.478,Shift A,normal
2026-09-14 09:15:00,21.33,25.46,60.53,180.41,11.488,6.99,4.513,35.19,3.928,3.078,64.14,2.133,0.962,96.21,14.33,Shift A,normal
2026-09-14 09:30:00,19.28,24.39,61.97,179.17,11.162,7.071,4.306,32.96,3.792,2.903,62.02,2.047,0.905,95.96,13.87,Shift A,normal
2026-09-14 09:45:00,20.97,24.59,62.86,180.67,12.345,6.863,4.28,32.91,4.048,3.025,64.91,2.063,0.965,96.16,15.194,Shift A,normal
2026-09-14 10:00:00,23.6,25.46,62.55,179.25,10.88,7.029,4.659,32.74,3.817,3.038,69.61,2.408,1.067,96.2,13.797,Shift A,normal
2026-09-14 10:15:00,22.07,26.08,64.58,179.23,11.913,7.117,4.398,34.64,3.868,2.957,65.74,2.123,0.969,95.66,14.656,Shift A,normal
2026-09-14 10:30:00,21.22,26.68,64.21,177.42,10.69,7.04,4.531,34.96,3.878,3.116,61.14,2.132,0.941,95.78,13.715,Shift A,normal
2026-09-14 10:45:00,20.43,26.48,67.28,179.45,11.522,6.992,4.239,33.85,3.977,3.049,66.73,2.053,0.95,95.97,14.386,Shift A,normal
2026-09-14 11:00:00,20.49,26.23,65.37,178.39,10.906,6.933,4.45,32.88,3.973,3.075,65.39,2.105,0.948,95.31,13.809,Shift A,normal
2026-09-14 11:15:00,18.23,25.77,68.82,178.95,11.794,7.083,4.105,33.4,4.068,3.182,61.59,1.922,0.891,95.86,14.458,Shift A,normal
2026-09-14 11:30:00,21.33,25.71,67.25,178.56,11.301,6.882,4.561,33.46,3.976,3.008,66.28,2.052,0.919,95.71,14.179,Shift A,normal
2026-09-14 11:45:00,22.1,26.37,62.37,178.34,11.022,7.024,4.479,32.88,4.086,3.157,66.85,2.17,1.005,96.05,13.944,Shift A,normal
2026-09-14 12:00:00,18.95,27.33,71.72,177.95,10.811,7.003,4.278,33.26,4.031,3.229,65.19,1.899,0.988,95.6,13.599,Shift A,normal
2026-09-14 12:15:00,20.14,27.5,65.85,178.62,11.203,7.113,4.544,34.24,3.899,3.215,65.38,1.953,1.055,96.13,14.112,Shift A,normal
2026-09-14 12:30:00,19.5,25.79,70.47,177.47,10.934,6.942,4.331,33.07,3.92,3.029,66.04,1.957,0.957,96.06,13.613,Shift A,normal
2026-09-14 12:45:00,19.75,27.09,67.99,176.06,10.871,6.95,4.398,33.94,4.143,2.992,65.62,2.105,0.943,95.92,13.54,Shift A,normal
2026-09-14 13:00:00,21.07,28.93,70.49,177.92,11.089,6.876,4.44,32.46,4.122,3.05,69.42,2.038,0.998,96.16,13.97,Shift A,normal
2026-09-14 13:15:00,18.29,28.28,67.39,176.39,10.14,7.044,4.358,35.12,4.08,2.947,69.22,1.995,0.874,96.17,12.921,Shift A,normal
2026-09-14 13:30:00,21.8,27.34,70.39,175.72,10.752,6.958,4.633,33.57,4.089,3.158,67.57,1.964,0.994,95.86,13.684,Shift A,normal
2026-09-14 13:45:00,21.98,30.62,68.98,175.87,11.107,6.914,4.619,34.83,4.053,3.22,65.92,2.246,1.016,95.96,14.169,Shift A,normal
2026-09-14 14:00:00,20.67,28.98,72.95,177.03,10.667,6.923,4.384,34.0,4.033,3.126,62.3,2.095,0.999,95.74,13.584,Shift B,normal
2026-09-14 14:15:00,17.78,29.57,70.95,176.51,10.827,7.054,4.412,34.24,4.007,2.985,65.94,2.092,0.997,95.72,13.792,Shift B,normal
2026-09-14 14:30:00,19.7,29.84,72.19,174.35,10.701,6.89,4.272,32.94,4.173,3.104,63.03,1.814,0.907,96.46,13.545,Shift B,normal
2026-09-14 14:45:00,22.6,29.49,66.19,175.97,10.878,6.899,4.467,33.33,3.955,3.255,75.39,2.115,0.947,95.88,13.803,Shift B,normal
2026-09-14 15:00:00,17.39,29.45,70.52,177.4,11.098,7.09,4.228,33.19,4.026,3.183,71.99,1.867,0.898,95.98,13.88,Shift B,normal
2026-09-14 15:15:00,20.55,31.98,71.65,175.67,10.154,6.983,4.559,34.22,3.841,3.231,65.85,2.132,0.891,95.91,13.1,Shift B,normal
2026-09-14 15:30:00,19.47,31.33,71.37,175.85,10.444,7.096,4.228,35.0,3.866,3.474,60.52,1.979,0.961,96.08,13.206,Shift B,normal
2026-09-14 15:45:00,22.05,31.43,72.9,176.96,11.44,6.964,4.63,34.55,4.191,3.204,69.8,2.08,0.998,95.78,14.467,Shift B,normal
2026-09-14 16:00:00,20.12,31.46,70.27,176.63,11.444,7.0,4.401,33.34,4.072,2.946,72.41,1.924,0.97,95.81,14.276,Shift B,normal
2026-09-14 16:15:00,21.53,30.42,71.08,176.78,11.741,7.016,4.439,34.07,3.984,3.026,63.44,1.926,0.966,96.3,14.422,Shift B,normal
2026-09-14 16:30:00,21.74,32.46,73.29,172.92,11.017,7.139,4.636,34.23,4.022,3.207,73.26,1.938,1.011,95.35,14.064,Shift B,normal
2026-09-14 16:45:00,23.39,30.96,66.27,177.37,11.344,7.131,4.507,33.81,3.872,3.139,63.5,2.119,1.009,96.05,14.228,Shift B,normal
2026-09-14 17:00:00,20.74,32.06,71.87,176.22,11.101,7.115,4.718,34.3,3.969,3.147,62.3,1.892,0.919,95.67,13.985,Shift B,normal
2026-09-14 17:15:00,21.49,30.7,69.85,178.01,11.59,6.937,4.468,34.65,3.861,3.116,68.27,2.114,0.81,95.3,14.43,Shift B,normal
2026-09-14 17:30:00,19.07,30.54,68.49,174.74,10.733,6.901,4.362,33.38,3.977,3.059,68.21,1.899,0.912,95.89,13.502,Shift B,normal
2026-09-14 17:45:00,22.55,32.58,70.74,173.74,11.296,7.076,4.738,34.09,4.082,3.22,68.09,2.145,0.973,95.49,14.482,Shift B,normal
2026-09-14 18:00:00,20.01,31.82,72.25,175.51,10.871,7.138,4.422,34.89,4.057,3.307,67.36,2.154,0.943,95.47,13.781,Shift B,normal
2026-09-14 18:15:00,20.27,31.0,71.56,175.23,10.908,7.116,4.559,34.5,4.167,3.335,69.56,2.025,0.934,96.84,13.82,Shift B,normal
2026-09-14 18:30:00,20.97,33.13,68.87,176.18,10.509,7.001,4.224,35.1,4.046,3.36,70.53,2.114,0.925,96.14,13.392,Shift B,normal
2026-09-14 18:45:00,18.97,34.48,70.52,176.62,10.589,7.073,4.285,35.37,3.774,3.097,63.2,1.976,0.885,96.16,13.307,Shift B,normal
2026-09-14 19:00:00,21.3,33.98,70.1,175.5,10.636,7.075,4.525,33.25,4.215,3.217,64.58,1.941,0.904,95.92,13.531,Shift B,normal
2026-09-14 19:15:00,22.26,32.72,67.76,175.39,10.481,7.015,4.665,34.56,3.931,3.142,71.19,2.236,0.989,95.52,13.399,Shift B,normal
2026-09-14 19:30:00,21.38,32.97,66.09,176.21,10.291,7.019,4.575,33.89,4.032,3.245,68.61,2.1,1.011,95.9,13.289,Shift B,normal
2026-09-14 19:45:00,18.93,33.7,65.73,175.5,10.47,7.01,4.417,33.29,4.029,3.191,66.81,1.948,0.865,95.81,13.217,Shift B,normal
2026-09-14 20:00:00,20.84,33.9,68.18,175.49,10.688,6.921,4.578,33.74,4.044,3.181,64.77,2.056,0.947,95.26,13.556,Shift B,normal
2026-09-14 20:15:00,21.96,32.72,65.9,176.96,11.038,6.931,4.575,34.03,4.02,3.326,69.68,2.146,1.003,96.6,13.945,Shift B,normal
2026-09-14 20:30:00,18.56,32.99,63.35,177.28,10.953,6.93,4.056,33.72,4.023,3.196,61.42,1.841,0.913,95.95,13.637,Shift B,normal
2026-09-14 20:45:00,19.6,33.16,61.52,177.2,10.902,6.84,4.549,33.8,3.884,3.19,66.38,1.986,0.971,95.69,13.658,Shift B,normal
2026-09-14 21:00:00,22.14,33.31,65.99,176.06,10.832,7.014,4.428,34.21,4.276,3.253,68.26,2.404,1.02,95.99,13.637,Shift B,normal
2026-09-14 21:15:00,21.35,32.68,62.66,174.21,10.516,6.996,4.519,36.19,4.08,3.252,67.57,2.207,0.976,95.42,13.454,Shift B,normal
2026-09-14 21:30:00,21.54,32.6,63.84,176.33,11.199,7.076,4.514,32.84,4.02,3.247,69.73,2.073,0.934,95.63,13.993,Shift B,normal
2026-09-14 21:45:00,23.42,33.69,65.07,175.85,10.98,7.126,4.611,35.28,4.203,3.368,66.01,2.134,1.047,96.48,14.134,Shift B,normal
2026-09-14 22:00:00,0.61,33.43,59.38,30.72,0.198,4.034,0.668,31.77,3.911,0.871,4.55,0.173,0.12,92.14,0.69,Idle,normal
2026-09-14 22:15:00,0.86,32.71,61.32,29.56,0.285,4.009,0.612,31.34,4.102,1.032,5.06,0.132,0.12,92.28,0.878,Idle,normal
2026-09-14 22:30:00,3.52,33.55,60.48,29.36,0.1,4.079,0.578,30.12,3.963,0.99,6.72,0.15,0.12,92.32,0.647,Idle,normal
2026-09-14 22:45:00,0.0,31.7,61.0,29.95,0.164,4.07,0.612,32.22,4.051,0.97,3.49,0.217,0.12,92.24,0.622,Idle,normal
2026-09-14 23:00:00,0.0,33.13,62.15,29.24,0.153,4.017,0.588,30.56,4.059,1.076,5.5,0.135,0.12,92.09,0.662,Idle,normal
2026-09-14 23:15:00,0.56,32.07,56.45,28.95,0.249,4.139,0.56,32.27,3.779,1.13,4.86,0.098,0.12,93.07,0.848,Idle,normal
2026-09-14 23:30:00,0.57,34.05,59.7,27.87,0.58,3.988,0.627,33.2,3.877,0.941,4.78,0.104,0.12,91.99,1.144,Idle,normal
2026-09-14 23:45:00,0.0,30.27,60.08,28.45,0.492,4.055,0.549,30.43,4.164,1.169,3.47,0.157,0.12,91.95,1.123,Idle,normal
2026-09-15 00:00:00,0.0,30.45,57.13,31.99,0.891,3.98,0.583,32.43,3.981,0.857,3.24,0.155,0.12,92.52,1.33,Idle,normal
2026-09-15 00:15:00,3.0,31.1,56.72,29.34,0.774,4.045,0.584,31.57,4.209,1.059,5.34,0.153,0.12,91.83,1.362,Idle,normal
2026-09-15 00:30:00,0.42,30.85,57.36,31.9,1.035,3.988,0.532,29.82,4.138,0.911,3.73,0.099,0.12,92.71,1.464,Idle,normal
2026-09-15 00:45:00,0.0,31.85,56.76,30.4,0.546,4.023,0.633,30.68,3.989,0.936,6.02,0.231,0.12,92.24,1.169,Idle,normal
2026-09-15 01:00:00,1.19,29.5,56.8,29.95,0.54,4.12,0.589,31.57,3.971,1.006,3.98,0.209,0.12,92.34,1.162,Idle,normal
2026-09-15 01:15:00,0.0,30.5,56.36,28.5,0.179,4.048,0.665,31.87,4.171,0.96,5.55,0.155,0.12,92.37,0.607,Idle,normal
2026-09-15 01:30:00,0.0,30.45,52.9,30.0,0.639,4.024,0.588,30.23,4.216,0.714,4.42,0.089,0.12,92.18,1.101,Idle,normal
2026-09-15 01:45:00,0.73,29.83,56.5,31.89,0.12,3.961,0.58,31.47,3.975,1.061,4.38,0.213,0.12,92.67,0.589,Idle,normal
2026-09-15 02:00:00,0.0,28.23,56.54,31.56,0.1,4.009,0.555,31.96,4.151,1.078,4.09,0.195,0.12,92.57,0.716,Idle,normal
2026-09-15 02:15:00,0.46,29.86,54.3,30.27,0.884,3.95,0.602,32.26,4.106,0.984,5.44,0.154,0.12,92.49,1.321,Idle,normal
2026-09-15 02:30:00,2.49,29.46,50.7,28.85,0.1,4.044,0.602,31.1,4.122,0.976,5.72,0.198,0.12,91.74,0.662,Idle,normal
2026-09-15 02:45:00,0.61,28.7,53.25,29.04,0.504,4.043,0.637,31.74,4.009,0.963,4.68,0.13,0.12,92.15,1.088,Idle,normal
2026-09-15 03:00:00,0.0,28.13,53.7,29.15,0.1,3.991,0.603,32.18,3.929,0.829,5.59,0.112,0.12,92.24,0.584,Idle,normal
2026-09-15 03:15:00,0.0,27.9,50.88,31.28,0.744,4.083,0.705,32.05,3.89,0.818,5.01,0.156,0.12,92.94,1.326,Idle,normal
2026-09-15 03:30:00,0.0,27.41,52.36,31.63,0.792,4.076,0.623,31.99,3.863,1.08,3.67,0.088,0.12,91.85,1.356,Idle,normal
2026-09-15 03:45:00,0.0,27.74,50.2,30.2,0.535,4.007,0.551,31.35,4.186,1.106,5.38,0.106,0.12,92.08,1.194,Idle,normal
2026-09-15 04:00:00,0.0,27.02,54.21,29.7,0.786,4.028,0.546,31.12,3.993,1.06,4.7,0.172,0.12,92.67,1.235,Idle,normal
2026-09-15 04:15:00,1.19,26.1,53.35,31.55,0.353,3.971,0.627,31.39,3.874,1.038,2.39,0.16,0.12,92.01,0.87,Idle,normal
2026-09-15 04:30:00,0.0,25.73,49.79,29.02,1.132,3.986,0.549,30.48,4.087,1.078,4.61,0.095,0.12,92.05,1.501,Idle,normal
2026-09-15 04:45:00,1.12,25.76,53.88,30.05,0.611,3.946,0.63,32.04,3.939,1.072,3.31,0.134,0.12,92.89,1.139,Idle,normal
2026-09-15 05:00:00,0.0,26.35,53.19,30.46,0.1,3.976,0.645,29.98,3.924,0.921,3.77,0.096,0.12,92.44,0.513,Idle,normal
2026-09-15 05:15:00,0.49,25.97,54.51,29.14,0.374,3.995,0.646,30.77,4.195,1.022,4.75,0.13,0.12,92.58,0.806,Idle,normal
2026-09-15 05:30:00,0.0,26.0,52.9,29.36,0.297,3.917,0.557,31.09,3.855,0.97,4.92,0.126,0.12,92.54,0.678,Idle,normal
2026-09-15 05:45:00,1.73,26.07,52.33,29.29,0.262,4.029,0.646,31.56,4.012,0.972,4.16,0.19,0.12,92.32,0.769,Idle,normal
2026-09-15 06:00:00,22.62,25.03,52.66,178.81,10.851,6.776,4.798,34.33,3.925,3.149,69.52,2.202,1.029,96.01,13.891,Shift A,normal
2026-09-15 06:15:00,22.25,26.59,53.44,181.26,12.4,7.21,4.523,34.94,3.915,3.219,69.17,2.075,0.971,96.23,15.36,Shift A,normal
2026-09-15 06:30:00,19.03,25.09,54.9,181.34,11.541,6.986,4.341,33.57,3.838,2.794,61.59,2.0,0.911,95.62,14.358,Shift A,normal
2026-09-15 06:45:00,22.08,24.87,55.53,180.26,10.961,6.721,4.444,32.98,3.989,3.011,71.31,1.863,1.022,96.55,13.846,Shift A,normal
2026-09-15 07:00:00,21.53,25.52,55.25,180.82,11.893,6.928,4.371,33.45,3.899,3.011,69.44,2.119,0.909,95.74,14.63,Shift A,normal
2026-09-15 07:15:00,18.91,23.61,55.22,181.11,11.651,6.912,4.32,33.12,4.038,3.134,67.23,2.022,0.948,96.28,14.422,Shift A,normal
2026-09-15 07:30:00,20.97,24.4,55.82,179.5,11.188,6.934,4.461,33.95,3.977,2.882,60.03,2.139,0.921,96.14,14.03,Shift A,normal
2026-09-15 07:45:00,21.47,25.79,62.02,179.54,10.459,6.964,4.478,32.8,3.956,2.752,68.68,2.049,0.975,95.77,13.264,Shift A,normal
2026-09-15 08:00:00,21.72,23.61,55.96,180.35,11.552,6.934,4.702,33.48,3.892,3.088,70.57,2.06,0.974,96.11,14.594,Shift A,normal
2026-09-15 08:15:00,21.23,25.9,56.9,180.98,11.997,6.918,4.459,34.95,4.131,3.163,67.06,2.102,0.963,95.97,14.87,Shift A,normal
2026-09-15 08:30:00,21.38,26.24,65.14,178.82,11.105,6.884,4.472,33.83,4.063,2.889,65.74,2.147,0.956,95.36,14.008,Shift A,normal
2026-09-15 08:45:00,22.92,24.78,59.95,179.68,11.851,7.082,4.673,32.86,3.915,3.017,64.54,2.14,1.002,95.93,14.772,Shift A,normal
2026-09-15 09:00:00,22.59,25.37,56.91,179.52,12.124,7.12,4.535,33.39,3.85,3.188,64.03,1.955,1.006,95.52,15.049,Shift A,normal
2026-09-15 09:15:00,17.27,26.11,61.93,180.07,11.547,6.975,4.301,31.78,3.8,2.936,64.01,1.956,0.837,96.13,14.311,Shift A,normal
2026-09-15 09:30:00,20.59,24.93,59.01,179.51,11.822,6.998,4.282,33.41,4.097,3.057,65.82,1.949,0.945,95.91,14.603,Shift A,normal
2026-09-15 09:45:00,20.79,26.11,63.23,178.84,11.672,6.887,4.295,34.88,4.079,3.117,65.96,2.156,0.929,96.29,14.443,Shift A,normal
2026-09-15 10:00:00,18.72,25.0,61.58,180.5,11.293,7.007,4.338,32.55,4.089,2.904,69.44,2.025,0.934,95.69,14.091,Shift A,normal
2026-09-15 10:15:00,21.12,25.29,61.71,178.57,11.394,7.023,4.44,32.42,3.973,2.987,63.24,2.121,0.933,95.53,14.291,Shift A,normal
2026-09-15 10:30:00,22.62,25.19,66.39,178.66,11.741,6.978,4.46,33.07,4.065,2.88,67.32,2.124,1.035,95.61,14.6,Shift A,normal
2026-09-15 10:45:00,19.59,26.27,64.89,177.21,10.684,7.04,4.39,34.37,4.092,3.054,70.71,2.06,0.932,96.69,13.296,Shift A,normal
2026-09-15 11:00:00,21.44,27.1,66.28,177.93,10.847,7.031,4.511,35.14,3.985,2.997,66.36,2.137,1.007,97.06,13.721,Shift A,normal
2026-09-15 11:15:00,19.81,26.22,65.76,179.0,11.431,6.895,4.303,33.93,3.953,3.079,66.03,2.099,0.89,96.68,14.303,Shift A,normal
2026-09-15 11:30:00,20.13,25.55,64.56,178.65,10.658,7.119,4.345,32.52,3.889,3.104,65.59,1.898,0.927,95.44,13.373,Shift A,normal
2026-09-15 11:45:00,22.92,25.91,67.2,178.76,11.063,6.979,4.601,33.73,4.03,3.198,70.75,1.981,0.944,95.5,14.054,Shift A,normal
2026-09-15 12:00:00,20.29,27.32,68.92,178.55,10.933,7.168,4.295,35.09,4.049,3.319,60.1,1.859,0.963,95.61,13.718,Shift A,normal
2026-09-15 12:15:00,21.6,28.71,67.27,179.92,11.842,7.042,4.424,33.6,3.958,3.124,66.83,2.067,0.9,96.22,14.671,Shift A,normal
2026-09-15 12:30:00,18.57,27.78,71.08,176.93,10.785,7.197,4.378,33.86,3.966,3.056,64.87,1.697,0.837,96.71,13.518,Shift A,normal
2026-09-15 12:45:00,23.42,27.4,69.64,175.89,11.38,7.118,4.602,34.06,3.972,3.044,66.08,2.108,0.95,96.26,14.207,Shift A,normal
2026-09-15 13:00:00,21.78,28.58,68.79,176.3,10.588,7.023,4.45,32.62,4.077,3.014,68.64,2.003,0.989,96.02,13.5,Shift A,normal
2026-09-15 13:15:00,20.76,28.03,69.27,176.49,10.501,6.928,4.337,34.54,3.859,3.128,69.05,2.155,0.909,95.64,13.46,Shift A,normal
2026-09-15 13:30:00,21.75,28.18,69.41,176.07,11.072,6.93,4.383,34.47,3.886,3.039,68.93,1.981,0.974,95.85,13.803,Shift A,normal
2026-09-15 13:45:00,19.17,27.97,66.98,176.99,10.488,7.053,4.334,32.14,3.887,3.136,70.59,1.925,0.898,96.01,13.272,Shift A,normal
2026-09-15 14:00:00,22.54,30.13,69.61,178.0,11.02,7.014,4.795,33.14,3.99,3.038,66.98,2.212,0.883,96.31,14.129,Shift B,normal
2026-09-15 14:15:00,20.58,27.23,70.51,178.15,10.447,6.941,4.503,33.01,4.024,3.035,68.02,1.953,0.99,95.82,13.38,Shift B,normal
2026-09-15 14:30:00,20.73,30.16,69.48,176.98,11.002,7.083,4.284,34.48,3.898,3.168,68.09,2.01,0.981,96.11,13.708,Shift B,normal
2026-09-15 14:45:00,20.36,29.41,71.2,178.49,11.697,7.004,4.507,33.36,4.093,3.114,65.62,1.877,0.942,96.08,14.626,Shift B,normal
2026-09-15 15:00:00,20.25,29.71,70.74,175.88,10.387,7.084,4.324,34.19,4.149,2.945,69.62,2.01,0.945,95.98,12.895,Shift B,normal
2026-09-15 15:15:00,21.9,31.64,72.37,174.49,11.229,6.902,4.514,34.0,4.052,3.162,68.58,2.065,0.952,95.77,14.176,Shift B,normal
2026-09-15 15:30:00,21.33,29.96,72.25,177.07,10.942,7.1,4.409,34.0,4.116,3.058,63.6,1.925,0.904,96.02,13.673,Shift B,normal
2026-09-15 15:45:00,21.85,30.23,71.32,174.08,10.269,7.05,4.754,34.58,3.913,3.245,69.91,2.237,1.027,95.87,13.346,Shift B,normal
2026-09-15 16:00:00,20.99,30.9,68.27,175.08,10.471,7.12,4.323,34.18,3.918,3.237,65.39,1.993,0.947,95.65,13.341,Shift B,normal
2026-09-15 16:15:00,21.67,31.55,74.56,176.28,10.564,7.098,4.538,34.14,4.062,2.935,66.53,1.99,0.978,96.27,13.41,Shift B,normal
2026-09-15 16:30:00,20.46,31.08,70.64,175.59,10.64,6.992,4.345,34.25,4.004,3.23,65.66,1.973,0.921,96.49,13.529,Shift B,normal
2026-09-15 16:45:00,23.9,30.38,70.67,175.44,11.185,6.983,4.723,34.35,3.916,3.169,71.71,2.131,1.009,96.0,14.128,Shift B,normal
2026-09-15 17:00:00,18.96,31.14,70.01,174.4,11.271,7.178,4.373,33.85,4.151,3.014,68.3,1.972,0.985,95.89,14.034,Shift B,normal
2026-09-15 17:15:00,22.64,33.03,69.55,175.54,10.434,6.971,4.709,34.04,4.046,3.276,67.9,2.043,0.98,96.2,13.485,Shift B,normal
2026-09-15 17:30:00,22.78,32.23,73.4,176.53,10.848,7.075,4.653,35.79,4.083,3.049,67.85,2.009,0.991,96.03,13.749,Shift B,normal
2026-09-15 17:45:00,19.89,32.69,72.84,175.53,10.387,6.962,4.31,33.74,3.947,3.289,59.76,2.05,0.983,96.34,13.224,Shift B,normal
2026-09-15 18:00:00,23.9,32.25,70.68,174.67,10.591,6.814,4.984,35.59,4.181,3.12,67.38,2.028,1.022,95.95,13.591,Shift B,normal
2026-09-15 18:15:00,22.29,32.06,69.27,174.26,10.948,6.877,4.604,33.69,3.997,3.015,65.22,2.128,1.02,96.11,13.843,Shift B,normal
2026-09-15 18:30:00,22.26,34.04,70.38,174.71,10.896,7.041,4.47,34.96,4.122,3.425,68.97,2.006,0.983,96.52,13.814,Shift B,normal
2026-09-15 18:45:00,21.04,32.64,68.91,175.94,10.184,7.07,4.487,35.63,3.956,3.019,66.61,2.046,0.968,96.39,13.075,Shift B,normal
2026-09-15 19:00:00,20.72,32.51,67.98,175.93,10.798,7.041,4.519,33.95,4.031,3.097,63.92,2.014,0.961,95.89,13.6,Shift B,normal
2026-09-15 19:15:00,20.73,33.8,68.61,174.83,10.341,7.115,4.515,33.78,4.075,3.143,67.11,2.088,0.992,96.3,13.372,Shift B,normal
2026-09-15 19:30:00,21.51,32.39,66.6,173.48,10.913,7.039,4.55,33.89,4.213,3.144,67.15,2.205,0.937,95.51,13.865,Shift B,normal
2026-09-15 19:45:00,22.82,32.52,67.5,176.18,11.433,6.922,4.685,34.31,3.97,3.243,60.92,2.26,1.0,95.88,14.308,Shift B,normal
2026-09-15 20:00:00,21.24,33.01,66.91,174.94,10.967,7.059,4.578,34.55,4.036,3.193,70.44,2.099,1.07,96.22,13.949,Shift B,normal
2026-09-15 20:15:00,19.82,32.99,67.19,176.61,10.837,7.017,4.287,34.07,4.075,3.29,68.87,1.832,0.956,96.5,13.579,Shift B,normal
2026-09-15 20:30:00,22.07,33.17,64.21,175.26,10.693,6.942,4.777,34.1,3.875,3.214,67.15,1.979,0.905,95.67,13.635,Shift B,normal
2026-09-15 20:45:00,22.2,34.6,66.31,175.13,10.911,7.047,4.768,36.11,3.805,3.03,69.04,2.006,0.952,95.92,13.813,Shift B,normal
2026-09-15 21:00:00,21.85,33.13,62.52,176.39,11.122,7.008,4.607,34.16,3.917,3.235,66.69,2.093,0.993,95.96,14.133,Shift B,normal
2026-09-15 21:15:00,21.97,30.89,62.61,178.71,11.511,6.939,4.523,33.59,4.104,3.178,62.96,2.038,0.93,95.95,14.457,Shift B,normal
2026-09-15 21:30:00,20.65,32.96,62.12,177.23,10.894,6.982,4.446,34.87,4.187,3.136,73.07,1.976,0.899,95.56,13.751,Shift B,normal
2026-09-15 21:45:00,19.79,32.62,60.44,176.75,10.865,7.141,4.349,34.79,3.922,3.378,68.06,1.983,0.869,96.14,13.888,Shift B,normal
2026-09-15 22:00:00,0.0,32.5,64.03,29.23,0.1,4.047,0.611,32.81,3.892,1.061,6.77,0.134,0.12,91.83,0.586,Idle,normal
2026-09-15 22:15:00,0.0,32.52,59.47,30.54,0.1,3.975,0.644,33.24,4.168,1.094,5.22,0.158,0.12,92.71,0.776,Idle,normal
2026-09-15 22:30:00,0.31,32.15,59.43,29.2,0.598,3.948,0.613,31.93,3.956,1.098,4.64,0.18,0.12,92.75,1.274,Idle,normal
2026-09-15 22:45:00,0.0,31.97,62.76,28.9,0.645,3.971,0.649,31.43,3.975,0.958,4.3,0.191,0.12,92.05,1.214,Idle,normal
2026-09-15 23:00:00,0.0,32.32,58.53,31.13,0.383,4.049,0.628,30.15,4.159,1.063,5.84,0.101,0.12,91.88,0.96,Idle,normal
2026-09-15 23:15:00,0.0,31.2,58.73,29.82,0.868,4.059,0.545,30.78,4.138,1.032,4.81,0.166,0.12,92.28,1.472,Idle,normal
2026-09-15 23:30:00,0.0,30.68,56.53,29.85,0.528,4.028,0.637,31.71,4.1,0.944,4.5,0.156,0.12,92.11,1.029,Idle,normal
2026-09-15 23:45:00,1.46,33.64,59.69,30.69,0.268,3.919,0.595,30.81,3.847,0.878,5.95,0.162,0.12,92.24,0.729,Idle,normal
2026-09-16 00:00:00,0.0,30.43,59.19,29.33,0.1,4.038,0.561,30.21,3.88,1.002,6.17,0.152,0.12,92.32,0.585,Idle,normal
2026-09-16 00:15:00,0.47,30.85,58.48,29.53,0.854,4.065,0.635,31.61,4.119,1.059,4.04,0.219,0.12,91.96,1.447,Idle,normal
2026-09-16 00:30:00,0.0,29.33,57.6,30.31,0.62,4.009,0.646,32.07,4.033,1.002,3.5,0.114,0.12,92.89,1.115,Idle,normal
2026-09-16 00:45:00,1.87,30.38,56.21,28.46,0.979,4.099,0.576,31.29,3.928,0.982,4.9,0.112,0.12,92.04,1.432,Idle,normal
2026-09-16 01:00:00,0.0,29.29,54.59,30.22,1.108,3.934,0.582,32.12,3.967,1.003,3.86,0.117,0.12,92.63,1.544,Idle,normal
2026-09-16 01:15:00,0.38,29.43,53.6,29.24,0.1,4.034,0.531,31.87,4.113,0.971,3.72,0.138,0.12,91.97,0.524,Idle,normal
2026-09-16 01:30:00,3.02,30.36,57.44,30.86,0.1,3.949,0.51,32.36,4.158,1.155,3.96,0.162,0.12,92.34,0.598,Idle,normal
2026-09-16 01:45:00,1.97,29.64,56.05,30.55,0.1,4.053,0.588,33.17,4.002,1.027,6.05,0.132,0.12,92.47,0.58,Idle,normal
2026-09-16 02:00:00,0.0,29.45,52.82,30.41,0.671,4.031,0.64,33.54,3.933,0.951,5.65,0.19,0.12,92.36,1.218,Idle,normal
2026-09-16 02:15:00,0.0,27.32,54.01,28.39,0.58,4.09,0.571,31.82,3.966,0.819,7.46,0.15,0.12,92.17,0.995,Idle,normal
2026-09-16 02:30:00,0.0,29.95,53.08,29.9,0.384,4.025,0.671,31.14,4.138,0.98,4.36,0.146,0.12,92.12,0.966,Idle,normal
2026-09-16 02:45:00,0.66,27.27,51.22,28.82,0.1,3.98,0.59,31.29,4.125,0.942,6.33,0.097,0.12,92.13,0.757,Idle,normal
2026-09-16 03:00:00,0.0,29.19,53.66,29.96,0.319,3.975,0.59,32.66,4.02,0.939,5.49,0.223,0.12,92.06,0.949,Idle,normal
2026-09-16 03:15:00,0.0,28.53,52.34,27.68,0.415,3.987,0.586,30.63,3.945,1.094,4.44,0.148,0.12,92.36,0.879,Idle,normal
2026-09-16 03:30:00,1.91,27.93,51.17,28.46,0.624,3.974,0.649,32.49,4.104,1.008,4.85,0.215,0.12,92.9,1.161,Idle,normal
2026-09-16 03:45:00,0.0,26.55,50.06,31.19,0.446,4.067,0.552,31.03,4.152,0.832,4.44,0.125,0.12,92.46,0.814,Idle,normal
2026-09-16 04:00:00,2.99,27.12,49.87,30.37,0.582,4.064,0.594,31.42,3.847,1.062,5.26,0.183,0.12,92.52,1.15,Idle,normal
2026-09-16 04:15:00,0.12,26.4,52.28,29.65,0.307,3.925,0.573,30.52,3.966,0.842,5.99,0.127,0.12,92.67,0.805,Idle,normal
2026-09-16 04:30:00,2.32,26.59,52.91,29.09,0.764,4.002,0.572,30.12,4.106,1.069,4.63,0.223,0.12,92.12,1.336,Idle,normal
2026-09-16 04:45:00,0.46,26.16,51.42,28.92,0.571,4.003,0.602,30.94,3.996,0.952,5.85,0.195,0.12,91.64,1.017,Idle,normal
2026-09-16 05:00:00,1.25,24.54,54.61,30.2,0.1,3.961,0.594,32.07,3.933,1.009,6.27,0.184,0.12,92.31,0.587,Idle,normal
2026-09-16 05:15:00,0.0,26.89,53.35,29.66,0.836,4.022,0.653,30.69,4.01,0.998,6.49,0.121,0.12,92.59,1.448,Idle,normal
2026-09-16 05:30:00,0.0,25.76,54.84,31.55,0.779,4.073,0.599,32.42,4.024,0.985,3.83,0.226,0.12,93.04,1.356,Idle,normal
2026-09-16 05:45:00,0.6,25.29,53.56,29.82,0.513,4.045,0.628,30.65,3.872,1.021,4.95,0.232,0.12,91.95,1.006,Idle,normal
2026-09-16 06:00:00,22.29,25.09,52.63,180.79,12.168,7.042,4.702,32.89,3.993,3.049,69.68,2.16,1.005,96.32,15.019,Shift A,normal
2026-09-16 06:15:00,21.05,25.7,54.75,178.59,11.821,7.199,4.225,33.69,4.024,3.241,68.16,2.09,1.048,96.08,14.691,Shift A,normal
2026-09-16 06:30:00,19.33,24.59,52.33,180.64,11.185,7.01,4.204,33.92,3.933,3.05,65.52,2.107,0.942,95.8,13.976,Shift A,normal
2026-09-16 06:45:00,19.23,23.41,56.31,179.1,11.658,6.851,4.054,33.34,3.9,3.028,65.03,1.905,0.986,95.61,14.273,Shift A,normal
2026-09-16 07:00:00,19.14,25.46,53.76,180.03,11.347,7.164,4.494,33.76,3.932,2.972,67.77,1.926,0.901,95.74,14.121,Shift A,normal
2026-09-16 07:15:00,18.7,25.49,57.9,180.97,12.221,6.878,4.311,34.8,3.889,3.078,65.36,2.112,0.847,96.13,14.994,Shift A,normal
2026-09-16 07:30:00,21.14,24.87,55.84,182.61,12.868,6.944,4.584,33.73,4.069,2.941,69.93,2.124,0.938,96.31,15.693,Shift A,normal
2026-09-16 07:45:00,22.46,24.09,59.12,179.16,11.081,7.027,4.535,33.18,3.882,3.129,69.39,2.017,0.963,95.02,13.933,Shift A,normal
2026-09-16 08:00:00,20.98,25.07,55.25,180.01,11.49,7.042,4.582,32.76,4.003,2.893,68.83,2.103,1.081,96.13,14.402,Shift A,normal
2026-09-16 08:15:00,18.06,23.84,56.66,179.35,11.557,6.855,4.268,34.38,3.942,2.93,67.66,1.937,0.917,95.77,14.302,Shift A,normal
2026-09-16 08:30:00,20.75,24.21,59.32,179.11,11.283,6.925,4.494,33.2,3.91,2.856,65.75,1.916,0.898,95.8,14.149,Shift A,normal
2026-09-16 08:45:00,20.79,24.48,61.45,179.16,11.157,6.852,4.479,33.29,4.119,3.082,70.03,2.016,0.998,96.12,14.041,Shift A,normal
2026-09-16 09:00:00,23.72,25.81,63.0,180.59,11.891,7.062,4.664,34.62,3.974,3.01,68.88,2.092,0.947,96.61,14.859,Shift A,normal
2026-09-16 09:15:00,19.11,24.92,60.33,179.16,11.455,7.118,4.549,35.27,3.917,3.101,60.99,1.934,0.936,95.72,14.203,Shift A,normal
2026-09-16 09:30:00,20.49,24.95,64.5,181.77,12.959,6.878,4.235,33.63,3.907,2.934,65.46,2.168,0.99,95.87,15.778,Shift A,normal
2026-09-16 09:45:00,23.22,26.98,60.83,179.8,11.032,7.1,4.585,33.71,4.026,3.131,66.73,2.223,0.932,95.4,13.945,Shift A,normal
2026-09-16 10:00:00,21.58,25.82,64.2,178.24,12.182,7.093,4.519,33.68,4.07,3.118,68.55,2.056,1.035,96.15,15.147,Shift A,normal
2026-09-16 10:15:00,21.73,25.95,60.7,178.74,11.408,6.934,4.51,33.32,4.115,3.087,66.7,2.134,1.017,95.74,14.34,Shift A,normal
2026-09-16 10:30:00,21.15,25.53,64.02,178.15,11.349,6.802,4.421,33.31,3.969,3.05,67.42,2.047,0.971,96.55,14.323,Shift A,normal
2026-09-16 10:45:00,21.43,25.52,59.07,179.6,11.411,6.893,4.422,33.31,3.963,3.06,70.33,1.91,1.045,96.09,14.17,Shift A,normal
2026-09-16 11:00:00,22.01,24.42,62.09,177.01,11.011,6.94,4.704,34.42,3.995,2.938,72.27,2.087,0.945,95.88,13.848,Shift A,normal
2026-09-16 11:15:00,19.95,27.14,65.83,177.15,10.924,7.154,4.388,33.63,4.009,2.972,66.83,1.974,0.979,95.88,13.755,Shift A,normal
2026-09-16 11:30:00,22.14,26.92,62.82,177.73,10.777,6.988,4.821,35.06,3.914,3.122,71.18,2.171,0.98,96.12,13.765,Shift A,normal
2026-09-16 11:45:00,19.22,26.63,66.83,178.85,10.869,6.899,4.416,33.59,4.137,3.043,64.76,2.041,0.899,96.22,13.618,Shift A,normal
2026-09-16 12:00:00,21.43,26.89,68.31,179.23,11.863,7.015,4.451,33.43,3.994,3.119,62.59,2.141,0.927,95.56,14.777,Shift A,normal
2026-09-16 12:15:00,21.23,27.82,66.0,179.22,10.884,6.87,4.54,34.88,4.049,3.25,63.57,1.869,1.056,95.92,13.748,Shift A,normal
2026-09-16 12:30:00,20.2,26.23,65.54,178.2,11.23,7.051,4.425,33.67,4.031,3.019,65.59,1.841,0.995,95.99,14.061,Shift A,normal
2026-09-16 12:45:00,20.97,27.24,66.99,177.43,10.859,6.902,4.619,33.76,4.033,3.023,69.26,1.981,0.996,96.06,13.603,Shift A,normal
2026-09-16 13:00:00,20.19,27.06,66.43,178.15,10.727,6.917,4.271,33.65,3.892,3.036,65.59,2.036,0.911,96.45,13.492,Shift A,normal
2026-09-16 13:15:00,19.61,29.64,68.56,176.05,11.395,7.038,4.16,34.93,4.002,3.128,69.2,2.243,0.971,95.45,14.258,Shift A,normal
2026-09-16 13:30:00,20.54,29.18,69.34,175.2,10.413,7.175,4.476,34.17,4.229,3.195,71.98,1.863,0.928,96.26,13.267,Shift A,normal
2026-09-16 13:45:00,19.56,26.98,68.87,177.33,10.458,7.22,4.474,34.75,4.151,3.085,62.94,1.912,1.02,96.11,13.361,Shift A,normal
2026-09-16 14:00:00,21.42,27.79,73.14,175.74,10.775,6.896,4.519,33.65,4.011,3.299,73.65,2.02,1.018,95.77,13.694,Shift B,normal
2026-09-16 14:15:00,19.5,29.16,68.63,176.55,10.473,6.94,4.451,34.78,3.964,3.154,60.65,1.918,0.98,96.25,13.359,Shift B,normal
2026-09-16 14:30:00,21.93,29.14,73.1,176.6,10.955,7.052,4.579,34.18,3.779,3.175,73.28,1.975,1.004,95.83,13.858,Shift B,normal
2026-09-16 14:45:00,19.46,28.72,68.44,176.6,10.798,7.117,4.19,34.41,3.949,3.099,65.42,1.961,0.929,95.33,13.627,Shift B,normal
2026-09-16 15:00:00,20.26,31.59,70.84,177.17,10.969,6.784,4.45,34.87,4.003,3.26,65.54,2.098,0.968,94.78,13.765,Shift B,normal
2026-09-16 15:15:00,20.19,30.54,73.19,176.95,10.806,7.009,4.569,33.34,3.974,3.117,66.15,2.058,1.019,95.55,13.513,Shift B,normal
2026-09-16 15:30:00,22.72,30.91,73.19,176.21,10.737,6.951,4.584,34.19,3.983,3.081,66.05,1.982,0.996,95.76,13.723,Shift B,normal
2026-09-16 15:45:00,21.43,30.22,70.14,175.48,11.055,6.808,4.329,34.68,4.067,3.23,71.79,1.944,0.915,96.0,13.839,Shift B,normal
2026-09-16 16:00:00,20.72,31.58,72.11,175.94,10.754,6.866,4.403,34.96,3.91,3.145,64.58,1.94,1.011,96.16,13.467,Shift B,normal
2026-09-16 16:15:00,21.65,30.92,71.82,175.16,10.668,6.943,4.566,35.12,4.035,3.174,65.79,2.216,0.926,95.84,13.6,Shift B,normal
2026-09-16 16:30:00,18.26,31.21,69.84,175.49,11.079,7.006,4.511,34.19,3.998,3.25,60.3,2.044,0.918,95.44,13.943,Shift B,normal
2026-09-16 16:45:00,20.94,32.13,72.06,178.25,11.108,7.101,4.222,35.23,3.924,3.176,64.66,1.928,0.928,95.86,13.926,Shift B,normal
2026-09-16 17:00:00,23.6,30.53,74.42,175.77,11.409,7.035,4.659,33.62,4.174,3.138,67.14,2.17,0.853,95.87,14.378,Shift B,normal
2026-09-16 17:15:00,21.17,33.28,71.47,176.0,11.264,7.095,4.358,32.98,4.092,3.143,64.75,1.917,0.963,96.56,14.051,Shift B,normal
2026-09-16 17:30:00,21.09,32.32,71.45,174.82,11.244,7.003,4.526,33.99,3.935,3.273,66.45,2.016,1.062,96.12,14.263,Shift B,normal
2026-09-16 17:45:00,21.71,33.35,71.42,176.53,11.169,6.93,4.573,35.28,4.069,3.162,64.2,2.021,0.977,95.38,13.98,Shift B,normal
2026-09-16 18:00:00,22.16,31.6,66.87,176.26,10.939,6.982,4.502,33.27,3.871,3.143,72.73,1.948,1.114,95.85,13.653,Shift B,normal
2026-09-16 18:15:00,18.4,31.85,70.4,176.27,10.599,7.07,4.38,32.9,3.945,3.188,64.1,2.058,0.913,96.2,13.47,Shift B,normal
2026-09-16 18:30:00,18.81,31.77,67.11,175.74,10.533,7.103,4.466,32.75,4.144,3.202,66.05,1.988,0.937,95.95,13.385,Shift B,normal
2026-09-16 18:45:00,21.27,32.99,67.59,176.58,10.137,6.985,4.457,34.8,4.051,3.289,69.73,2.032,0.95,95.4,12.893,Shift B,normal
2026-09-16 19:00:00,20.07,32.92,72.69,176.86,11.078,6.907,4.244,32.91,4.043,3.179,72.14,1.952,0.944,96.26,13.932,Shift B,normal
2026-09-16 19:15:00,22.71,32.55,67.43,175.92,11.045,7.034,4.733,34.8,4.113,3.323,71.16,1.951,0.991,96.08,13.883,Shift B,normal
2026-09-16 19:30:00,20.59,32.15,66.0,175.58,11.051,7.048,4.535,33.94,4.074,3.15,65.79,2.027,1.023,95.88,13.95,Shift B,normal
2026-09-16 19:45:00,18.49,31.98,69.31,176.65,10.626,7.123,4.377,33.47,3.985,3.202,61.42,1.743,0.88,95.68,13.462,Shift B,normal
2026-09-16 20:00:00,19.35,32.96,64.6,174.93,10.878,6.932,4.278,33.3,4.109,3.174,66.43,1.735,0.933,96.28,13.653,Shift B,normal
2026-09-16 20:15:00,17.43,32.62,65.09,175.2,10.0,6.933,4.364,34.29,3.846,3.374,66.87,1.835,0.94,95.3,12.87,Shift B,normal
2026-09-16 20:30:00,20.7,32.42,67.94,175.96,10.382,7.076,4.687,33.72,3.947,3.134,67.05,2.005,1.012,95.41,13.279,Shift B,normal
2026-09-16 20:45:00,20.76,34.16,64.98,174.38,9.911,6.959,4.431,34.29,4.011,3.18,66.88,1.801,0.841,95.65,12.713,Shift B,normal
2026-09-16 21:00:00,20.45,32.8,61.21,177.06,10.84,6.955,4.438,34.51,4.07,3.197,67.04,1.877,0.875,96.08,13.702,Shift B,normal
2026-09-16 21:15:00,22.4,33.8,64.84,175.39,10.639,7.125,4.416,34.75,3.987,3.171,62.55,2.026,0.971,95.46,13.459,Shift B,normal
2026-09-16 21:30:00,22.56,32.27,62.38,176.01,10.637,6.863,4.467,34.91,3.835,3.189,68.74,2.049,1.027,95.76,13.454,Shift B,normal
2026-09-16 21:45:00,20.78,32.78,65.67,176.4,10.952,7.206,4.318,34.24,3.823,3.289,68.9,2.091,0.925,95.84,13.896,Shift B,normal
2026-09-16 22:00:00,0.0,32.42,60.79,29.89,0.201,3.975,0.603,30.83,4.007,1.015,4.25,0.146,0.12,92.42,0.883,Idle,normal
2026-09-16 22:15:00,0.8,30.97,63.51,30.77,0.1,3.972,0.547,31.89,3.96,1.018,4.37,0.111,0.12,92.22,0.731,Idle,normal
2026-09-16 22:30:00,0.72,33.32,64.38,28.34,1.241,4.018,0.55,32.23,3.926,0.977,4.94,0.233,0.12,92.16,1.563,Idle,normal
2026-09-16 22:45:00,0.4,31.9,58.54,30.05,0.337,3.959,0.532,31.43,3.904,0.949,4.55,0.151,0.12,92.05,0.938,Idle,normal
2026-09-16 23:00:00,1.28,32.43,59.28,28.9,0.1,3.924,0.551,31.4,4.027,1.01,5.6,0.127,0.12,92.65,0.564,Idle,normal
2026-09-16 23:15:00,0.0,31.04,59.88,29.71,0.116,4.018,0.604,33.54,4.138,1.001,5.67,0.154,0.12,92.52,0.792,Idle,normal
2026-09-16 23:30:00,2.61,31.3,56.84,29.41,0.289,3.995,0.585,30.53,4.023,1.117,5.26,0.171,0.12,92.5,0.767,Idle,normal
2026-09-16 23:45:00,0.0,30.53,58.56,29.36,0.289,3.994,0.587,31.9,4.138,0.904,5.49,0.125,0.12,92.01,0.695,Idle,normal
2026-09-17 00:00:00,0.97,31.99,57.05,30.23,0.806,4.026,0.585,32.46,3.975,1.145,5.12,0.243,0.12,92.13,1.388,Idle,normal
2026-09-17 00:15:00,0.0,31.02,56.51,30.22,0.322,4.033,0.689,31.34,4.052,0.985,1.21,0.089,0.12,92.47,0.823,Idle,normal
2026-09-17 00:30:00,0.0,30.82,56.62,29.78,0.999,3.992,0.543,31.36,4.143,1.015,4.12,0.092,0.12,92.09,1.476,Idle,normal
2026-09-17 00:45:00,1.97,31.37,56.21,30.37,0.199,3.944,0.538,31.22,3.994,0.894,5.71,0.086,0.12,91.98,0.746,Idle,normal
2026-09-17 01:00:00,0.0,30.96,55.96,29.13,0.499,3.968,0.558,31.52,4.01,1.056,4.16,0.15,0.12,92.38,1.132,Idle,normal
2026-09-17 01:15:00,1.09,30.39,54.04,30.68,0.708,4.029,0.596,32.22,3.968,0.904,5.86,0.169,0.12,91.86,1.142,Idle,normal
2026-09-17 01:30:00,0.31,28.38,53.75,29.79,0.768,4.007,0.626,31.2,4.057,1.037,5.91,0.137,0.12,92.22,1.442,Idle,normal
2026-09-17 01:45:00,0.0,28.71,54.28,29.52,0.809,3.973,0.631,33.87,4.089,1.028,4.73,0.169,0.12,92.6,1.26,Idle,normal
2026-09-17 02:00:00,1.77,28.2,54.12,29.21,0.255,3.961,0.647,30.99,4.032,0.967,4.41,0.168,0.12,92.33,0.745,Idle,normal
2026-09-17 02:15:00,0.0,29.32,53.05,29.76,0.348,4.031,0.595,32.51,3.978,0.793,5.01,0.136,0.12,91.93,1.024,Idle,normal
2026-09-17 02:30:00,0.0,28.61,54.33,31.87,0.1,3.989,0.58,31.78,3.848,1.216,4.96,0.167,0.12,92.51,0.713,Idle,normal
2026-09-17 02:45:00,0.0,27.11,49.85,29.94,0.281,4.038,0.682,31.38,3.988,0.895,5.63,0.142,0.12,92.09,0.751,Idle,normal
2026-09-17 03:00:00,0.72,27.81,51.85,28.86,0.732,4.044,0.461,32.38,3.976,1.027,2.66,0.134,0.12,92.57,1.251,Idle,normal
2026-09-17 03:15:00,0.51,26.52,52.61,30.92,0.664,3.984,0.603,29.91,4.014,0.927,4.27,0.13,0.12,92.5,1.228,Idle,normal
2026-09-17 03:30:00,0.0,27.43,51.36,29.53,0.32,4.047,0.622,31.62,4.005,1.105,3.99,0.159,0.12,92.17,0.911,Idle,normal
2026-09-17 03:45:00,0.0,25.91,56.28,30.28,0.945,4.007,0.694,30.63,4.145,0.962,2.48,0.199,0.12,92.04,1.603,Idle,normal
2026-09-17 04:00:00,0.0,27.42,53.04,29.39,0.216,4.013,0.517,30.86,3.924,0.925,4.51,0.102,0.12,91.99,0.625,Idle,normal
2026-09-17 04:15:00,0.0,27.08,53.37,31.28,0.1,3.891,0.579,30.84,3.835,1.06,3.5,0.131,0.12,93.24,0.583,Idle,normal
2026-09-17 04:30:00,0.0,28.09,52.11,29.41,0.186,3.951,0.532,30.5,3.882,0.873,4.61,0.157,0.12,91.48,0.598,Idle,normal
2026-09-17 04:45:00,0.0,27.04,53.14,31.4,0.1,3.954,0.51,29.85,3.929,0.959,4.51,0.22,0.12,91.72,0.548,Idle,normal
2026-09-17 05:00:00,0.0,25.83,50.88,28.95,0.568,3.984,0.59,31.44,4.096,1.069,5.45,0.167,0.12,92.66,1.12,Idle,normal
2026-09-17 05:15:00,1.0,26.65,53.14,29.71,0.451,4.006,0.642,31.18,3.861,1.151,4.75,0.117,0.12,92.6,0.936,Idle,normal
2026-09-17 05:30:00,1.05,24.71,51.81,31.4,0.563,4.008,0.66,30.85,3.866,0.904,3.31,0.113,0.12,92.46,1.099,Idle,normal
2026-09-17 05:45:00,0.0,24.9,53.37,30.17,0.205,4.014,0.573,31.65,4.025,0.939,5.35,0.189,0.12,91.61,0.774,Idle,normal
2026-09-17 06:00:00,20.49,25.8,49.09,179.36,11.385,7.134,4.304,33.9,4.072,3.095,68.75,2.057,0.907,96.15,14.103,Shift A,normal
2026-09-17 06:15:00,21.18,23.69,52.26,181.53,11.531,7.084,4.572,33.33,3.824,2.803,71.29,2.043,1.0,95.57,14.31,Shift A,normal
2026-09-17 06:30:00,19.94,25.27,57.79,179.92,11.675,7.083,4.569,36.11,3.808,3.165,64.91,2.131,0.903,95.92,14.552,Shift A,normal
2026-09-17 06:45:00,19.51,24.4,56.89,178.04,11.016,7.003,4.288,34.23,3.903,2.921,66.88,1.995,0.901,96.14,13.75,Shift A,normal
2026-09-17 07:00:00,19.78,25.22,58.27,182.18,12.1,7.114,4.443,35.54,4.051,3.004,59.36,1.824,0.888,96.07,14.852,Shift A,normal
2026-09-17 07:15:00,20.17,24.21,58.84,179.57,11.408,7.157,4.6,33.28,3.995,3.052,61.42,2.063,0.921,95.73,14.364,Shift A,normal
2026-09-17 07:30:00,19.49,25.37,57.87,180.06,11.463,7.081,4.397,33.77,3.91,3.045,67.04,1.822,0.919,96.4,14.313,Shift A,normal
2026-09-17 07:45:00,21.21,25.02,56.09,181.88,13.079,6.943,4.567,32.66,4.058,2.949,69.05,1.942,0.969,96.19,15.846,Shift A,normal
2026-09-17 08:00:00,21.95,26.12,55.43,180.02,11.377,6.996,4.304,33.3,4.001,3.232,66.59,2.027,0.896,95.61,14.273,Shift A,normal
2026-09-17 08:15:00,18.94,25.01,60.31,179.92,11.571,7.057,4.408,33.08,3.973,2.781,63.22,1.827,0.904,95.78,14.386,Shift A,normal
2026-09-17 08:30:00,21.03,24.42,58.68,178.76,10.9,7.084,4.524,35.97,3.82,2.903,65.86,2.031,0.912,95.72,13.814,Shift A,normal
2026-09-17 08:45:00,20.71,24.88,64.1,178.24,10.934,6.992,4.284,32.9,3.906,2.967,67.22,2.035,0.97,95.97,13.739,Shift A,normal
2026-09-17 09:00:00,21.44,24.06,58.94,179.6,11.661,6.943,4.371,33.26,4.176,2.942,60.36,1.996,0.972,96.18,14.452,Shift A,normal
2026-09-17 09:15:00,20.98,25.54,64.19,180.01,11.589,7.158,4.531,32.51,3.953,3.168,68.28,2.225,0.9,95.3,14.407,Shift A,normal
2026-09-17 09:30:00,19.11,25.78,60.51,179.83,11.438,6.893,4.31,33.97,3.891,2.879,65.3,2.076,0.954,95.26,14.185,Shift A,normal
2026-09-17 09:45:00,19.36,27.39,64.08,178.91,11.296,6.906,4.495,33.07,3.955,3.235,66.17,2.097,0.93,95.69,14.091,Shift A,normal
2026-09-17 10:00:00,21.04,25.04,65.39,179.27,11.254,6.867,4.5,34.34,3.996,3.013,66.56,1.869,0.992,96.44,14.163,Shift A,normal
2026-09-17 10:15:00,22.34,25.46,60.54,177.27,11.388,6.906,4.547,32.24,4.074,2.918,63.95,2.256,0.936,96.06,14.256,Shift A,normal
2026-09-17 10:30:00,18.12,25.37,62.2,179.42,11.116,7.125,4.267,33.39,4.048,2.84,61.01,1.928,0.947,96.52,13.83,Shift A,normal
2026-09-17 10:45:00,21.45,26.16,61.69,178.97,11.339,7.128,4.522,32.24,3.921,3.033,71.87,2.249,1.001,95.92,14.216,Shift A,normal
2026-09-17 11:00:00,22.55,26.48,61.87,180.62,12.149,6.993,4.649,33.43,4.117,3.006,66.36,1.969,0.974,95.64,14.91,Shift A,normal
2026-09-17 11:15:00,20.8,26.32,66.23,178.5,11.275,7.05,4.512,33.49,4.071,3.093,69.14,2.075,1.055,95.4,14.241,Shift A,normal
2026-09-17 11:30:00,21.72,27.43,65.05,177.38,11.27,6.999,4.452,33.29,3.949,3.035,64.3,1.997,0.985,95.69,14.152,Shift A,normal
2026-09-17 11:45:00,20.09,26.28,66.09,178.11,11.157,6.881,4.554,33.34,3.976,3.157,66.03,1.922,1.029,95.78,14.123,Shift A,normal
2026-09-17 12:00:00,20.84,27.79,67.61,177.67,11.186,7.222,4.53,34.62,4.055,3.08,65.44,1.866,1.076,95.14,13.909,Shift A,normal
2026-09-17 12:15:00,18.89,27.66,63.29,178.27,10.867,7.137,4.38,35.48,4.102,3.054,64.14,1.696,0.843,95.7,13.69,Shift A,normal
2026-09-17 12:30:00,17.95,27.46,70.05,177.7,10.407,7.035,4.288,33.94,3.842,3.169,63.14,2.185,0.973,95.7,13.276,Shift A,normal
2026-09-17 12:45:00,22.23,27.46,67.24,176.25,10.444,6.914,4.594,33.17,4.001,3.107,72.33,1.933,0.993,95.96,13.388,Shift A,normal
2026-09-17 13:00:00,19.72,29.91,69.43,175.72,10.109,6.978,4.163,33.83,4.001,3.206,71.53,1.857,0.949,95.93,12.667,Shift A,normal
2026-09-17 13:15:00,20.41,27.57,70.01,177.46,11.563,6.931,4.453,33.5,3.937,3.196,67.08,2.067,0.912,96.1,14.478,Shift A,normal
2026-09-17 13:30:00,19.2,28.72,71.88,178.43,10.268,7.01,4.549,34.65,3.941,3.073,64.04,1.818,0.886,95.42,13.069,Shift A,normal
2026-09-17 13:45:00,19.17,28.14,69.27,176.97,11.183,7.031,4.376,34.01,4.102,3.108,61.26,1.861,0.877,95.58,13.947,Shift A,normal
2026-09-17 14:00:00,20.77,30.43,65.55,177.56,10.708,6.966,4.456,32.75,4.059,3.227,62.5,1.723,1.06,96.31,13.542,Shift B,normal
2026-09-17 14:15:00,20.05,29.97,70.19,177.62,11.361,6.855,4.332,34.77,4.215,2.902,70.39,2.029,0.965,95.9,14.095,Shift B,normal
2026-09-17 14:30:00,21.49,28.98,70.72,176.74,10.162,7.213,4.549,34.73,3.943,3.097,62.94,1.937,0.89,96.27,12.893,Shift B,normal
2026-09-17 14:45:00,21.59,30.19,68.45,175.54,10.763,7.024,4.472,35.2,4.018,3.112,66.11,2.219,0.906,95.89,13.564,Shift B,normal
2026-09-17 15:00:00,21.42,30.24,70.99,176.43,11.401,7.046,4.642,33.7,4.036,3.175,67.74,2.008,0.856,96.03,14.298,Shift B,normal
2026-09-17 15:15:00,21.31,29.87,70.11,177.33,11.251,6.958,4.375,34.15,4.093,3.055,59.37,2.088,1.015,96.17,14.214,Shift B,normal
2026-09-17 15:30:00,23.05,31.14,68.24,176.55,10.925,6.844,4.529,33.17,4.144,3.272,64.99,1.993,0.979,95.77,13.932,Shift B,normal
2026-09-17 15:45:00,19.61,31.08,72.32,176.67,10.085,6.992,4.305,33.92,4.018,3.077,61.64,1.921,0.961,95.73,12.894,Shift B,normal
2026-09-17 16:00:00,20.93,31.17,69.87,175.37,10.321,6.968,4.676,34.53,3.899,3.097,64.84,1.931,0.951,95.7,13.171,Shift B,normal
2026-09-17 16:15:00,22.47,31.19,70.17,175.56,11.407,7.071,4.526,33.61,3.938,3.08,69.0,2.001,1.017,95.91,14.453,Shift B,normal
2026-09-17 16:30:00,22.64,31.78,70.0,175.57,10.814,7.091,4.493,34.42,4.025,3.287,71.46,1.972,0.952,96.14,13.77,Shift B,normal
2026-09-17 16:45:00,19.15,31.82,73.3,175.58,10.615,7.077,4.098,34.02,4.124,2.964,63.25,2.118,0.945,95.8,13.418,Shift B,normal
2026-09-17 17:00:00,20.59,31.88,70.61,176.75,10.957,7.099,4.326,33.68,3.867,3.332,65.15,1.954,0.961,96.37,13.719,Shift B,normal
2026-09-17 17:15:00,22.77,31.49,70.68,173.2,10.592,7.18,4.629,35.33,3.893,3.296,68.13,1.922,0.915,96.49,13.528,Shift B,normal
2026-09-17 17:30:00,21.66,33.53,69.43,175.55,10.994,7.039,4.562,34.14,4.094,3.145,65.08,2.044,0.924,95.63,13.789,Shift B,normal
2026-09-17 17:45:00,21.25,31.49,71.0,175.43,10.666,7.11,4.397,34.16,3.881,3.25,68.38,1.993,0.94,96.35,13.703,Shift B,normal
2026-09-17 18:00:00,20.72,32.81,72.49,174.13,10.89,7.049,4.372,32.97,3.903,3.186,67.99,2.048,0.965,95.9,13.69,Shift B,normal
2026-09-17 18:15:00,20.5,32.33,70.78,176.18,10.589,6.81,4.653,34.71,4.127,3.347,58.29,1.953,1.015,96.09,13.507,Shift B,normal
2026-09-17 18:30:00,21.37,34.1,70.51,174.8,10.268,6.985,4.806,34.15,3.998,3.299,69.16,2.182,0.962,95.87,13.253,Shift B,normal
2026-09-17 18:45:00,20.67,32.06,69.98,175.19,10.609,6.913,4.578,34.99,3.982,3.385,66.99,1.985,0.944,96.36,13.527,Shift B,normal
2026-09-17 19:00:00,20.94,32.28,65.6,177.43,11.212,7.023,4.644,33.23,4.15,3.027,67.63,2.182,0.967,96.11,14.195,Shift B,normal
2026-09-17 19:15:00,21.1,32.15,66.18,176.64,11.026,6.921,4.679,34.64,3.906,3.18,70.53,2.095,0.945,95.84,13.976,Shift B,normal
2026-09-17 19:30:00,20.12,33.22,67.07,176.26,10.777,7.061,4.673,32.63,3.89,3.007,60.75,2.012,0.94,95.81,13.663,Shift B,normal
2026-09-17 19:45:00,21.69,31.89,65.55,176.14,11.204,7.098,4.465,34.63,4.174,3.126,63.76,2.109,1.036,95.53,14.17,Shift B,normal
2026-09-17 20:00:00,24.79,32.62,64.37,175.67,11.051,7.12,4.582,34.13,4.038,3.405,70.1,2.106,0.986,95.74,13.925,Shift B,normal
2026-09-17 20:15:00,18.69,31.27,62.24,177.92,10.907,7.162,4.541,34.45,4.077,3.206,57.86,1.869,0.937,96.43,13.83,Shift B,normal
2026-09-17 20:30:00,21.42,33.16,62.75,176.82,10.769,6.832,4.37,33.69,3.986,3.284,66.64,1.861,0.925,96.35,13.614,Shift B,normal
2026-09-17 20:45:00,20.01,32.52,64.38,175.37,11.041,6.88,4.277,33.3,4.003,3.227,68.55,2.129,1.003,95.71,13.869,Shift B,normal
2026-09-17 21:00:00,21.75,31.67,64.19,174.83,10.952,7.293,4.384,33.72,3.94,3.2,68.77,2.273,0.915,95.54,13.881,Shift B,normal
2026-09-17 21:15:00,21.06,33.66,62.17,176.92,10.724,7.101,4.448,34.42,4.05,3.148,67.19,1.991,0.949,96.31,13.592,Shift B,normal
2026-09-17 21:30:00,21.99,31.65,63.33,176.42,10.419,7.022,4.281,34.46,4.094,3.096,67.09,2.068,1.013,96.11,13.048,Shift B,normal
2026-09-17 21:45:00,22.53,33.23,61.72,175.18,11.303,7.003,4.38,34.43,4.036,3.136,66.99,2.088,0.927,95.24,14.27,Shift B,normal
2026-09-17 22:00:00,0.25,31.9,64.18,29.06,0.1,4.014,0.518,30.82,4.118,0.727,4.27,0.221,0.12,93.28,0.656,Idle,normal
2026-09-17 22:15:00,1.47,33.61,61.09,31.08,0.375,4.02,0.657,33.27,4.085,0.992,4.52,0.146,0.12,92.33,0.812,Idle,normal
2026-09-17 22:30:00,0.0,32.77,62.22,28.9,1.173,4.031,0.644,31.99,3.91,1.024,4.17,0.089,0.12,92.87,1.645,Idle,normal
2026-09-17 22:45:00,2.07,31.2,60.65,32.26,0.631,3.995,0.615,31.08,3.994,0.938,6.63,0.189,0.12,92.42,1.267,Idle,normal
2026-09-17 23:00:00,0.49,31.09,56.87,29.39,0.914,3.949,0.603,31.9,3.964,0.987,2.7,0.101,0.12,91.92,1.482,Idle,normal
2026-09-17 23:15:00,1.4,32.12,58.93,31.72,0.162,4.09,0.693,31.9,4.088,1.053,4.44,0.204,0.12,92.41,0.773,Idle,normal
2026-09-17 23:30:00,0.0,31.23,56.08,29.82,0.725,4.046,0.724,31.51,4.055,1.088,4.13,0.149,0.12,91.78,1.343,Idle,normal
2026-09-17 23:45:00,0.0,31.09,57.8,31.58,0.359,4.081,0.59,31.32,4.021,0.88,3.28,0.099,0.12,92.3,0.874,Idle,normal
2026-09-18 00:00:00,0.19,32.02,56.01,29.27,0.478,4.052,0.608,32.42,4.113,0.921,6.1,0.183,0.12,91.9,0.913,Idle,normal
2026-09-18 00:15:00,0.0,30.17,57.76,30.02,1.057,3.977,0.572,32.85,3.818,1.075,3.2,0.171,0.12,92.23,1.559,Idle,normal
2026-09-18 00:30:00,0.37,30.6,53.84,30.8,0.252,3.883,0.542,29.85,3.946,1.059,4.54,0.065,0.12,92.41,0.841,Idle,normal
2026-09-18 00:45:00,1.41,31.05,56.1,30.66,0.357,3.939,0.623,32.55,3.956,1.134,4.92,0.147,0.12,92.42,0.978,Idle,normal
2026-09-18 01:00:00,0.0,30.68,56.78,31.1,0.1,4.032,0.612,31.55,4.032,1.13,4.25,0.162,0.12,91.82,0.691,Idle,normal
2026-09-18 01:15:00,1.27,29.65,57.05,29.51,0.661,3.995,0.519,31.58,4.058,1.241,3.27,0.16,0.12,92.06,1.182,Idle,normal
2026-09-18 01:30:00,0.01,29.29,53.33,30.08,0.154,3.979,0.623,32.51,4.001,0.971,4.83,0.143,0.12,91.61,0.759,Idle,normal
2026-09-18 01:45:00,0.0,27.87,54.55,31.25,0.708,3.875,0.614,29.18,3.864,1.158,4.24,0.18,0.12,92.55,1.211,Idle,normal
2026-09-18 02:00:00,0.0,28.16,54.57,29.29,0.1,3.999,0.57,31.95,4.037,0.908,5.81,0.173,0.12,92.35,0.724,Idle,normal
2026-09-18 02:15:00,0.65,28.99,57.02,30.57,0.542,3.946,0.567,32.39,4.013,1.239,5.52,0.151,0.12,91.9,1.066,Idle,normal
2026-09-18 02:30:00,0.0,28.37,50.72,29.78,0.125,3.964,0.621,30.8,3.851,1.045,6.94,0.141,0.12,92.79,0.599,Idle,normal
2026-09-18 02:45:00,0.84,28.28,51.66,30.21,0.606,4.043,0.68,30.27,3.968,1.054,5.11,0.156,0.12,92.47,1.173,Idle,normal
2026-09-18 03:00:00,0.0,28.8,58.92,30.08,0.345,3.949,0.62,32.7,4.037,1.099,5.59,0.126,0.12,92.27,0.916,Idle,normal
2026-09-18 03:15:00,0.07,26.76,52.63,29.21,0.163,3.953,0.639,29.83,4.156,0.864,4.64,0.109,0.12,92.11,0.666,Idle,normal
2026-09-18 03:30:00,0.0,27.28,49.3,29.74,0.215,4.009,0.558,31.56,3.884,0.893,6.71,0.105,0.12,92.07,0.59,Idle,normal
2026-09-18 03:45:00,1.52,27.38,51.85,30.14,0.1,4.044,0.579,32.07,4.073,1.012,5.01,0.146,0.12,92.03,0.66,Idle,normal
2026-09-18 04:00:00,0.0,26.44,47.46,29.9,0.643,3.98,0.63,31.52,3.882,1.035,4.9,0.116,0.12,92.71,1.259,Idle,normal
2026-09-18 04:15:00,0.0,27.92,53.5,31.57,0.1,4.073,0.532,31.71,3.869,1.208,5.54,0.144,0.12,92.44,0.657,Idle,normal
2026-09-18 04:30:00,0.0,27.29,54.7,31.01,0.257,3.936,0.61,31.05,3.872,0.905,4.36,0.203,0.12,91.96,0.655,Idle,normal
2026-09-18 04:45:00,1.65,26.59,51.35,30.29,0.471,3.927,0.625,31.58,4.051,1.154,4.5,0.142,0.12,92.76,1.027,Idle,normal
2026-09-18 05:00:00,0.7,27.61,52.37,29.24,0.915,3.923,0.598,30.71,4.007,0.973,5.54,0.156,0.12,92.25,1.348,Idle,normal
2026-09-18 05:15:00,0.0,24.79,55.32,29.18,0.347,3.917,0.616,30.6,3.952,0.972,5.73,0.141,0.12,91.96,0.717,Idle,normal
2026-09-18 05:30:00,0.0,25.82,50.18,31.97,0.265,4.017,0.603,31.17,4.033,0.984,5.6,0.202,0.12,93.04,0.761,Idle,normal
2026-09-18 05:45:00,0.0,25.97,51.29,28.99,0.446,3.951,0.569,29.9,3.992,0.969,4.92,0.216,0.12,91.89,1.107,Idle,normal
2026-09-18 06:00:00,21.51,24.8,53.75,180.12,11.018,7.095,4.744,34.21,3.994,3.085,73.85,2.178,0.932,95.66,13.971,Shift A,normal
2026-09-18 06:15:00,18.71,25.65,53.01,179.36,10.836,6.969,4.341,31.57,3.956,3.009,65.78,1.884,0.877,95.97,13.567,Shift A,normal
2026-09-18 06:30:00,21.98,24.42,54.27,179.67,11.501,7.041,4.554,33.88,3.879,2.879,67.9,2.029,0.985,96.07,14.394,Shift A,normal
2026-09-18 06:45:00,21.17,25.76,52.71,180.21,11.5,6.938,4.516,34.04,4.156,3.039,63.27,1.847,0.93,95.68,14.357,Shift A,normal
2026-09-18 07:00:00,24.1,25.98,56.06,181.08,11.781,7.111,4.67,33.16,4.128,3.114,65.99,2.245,0.99,95.15,14.643,Shift A,normal
2026-09-18 07:15:00,19.57,25.29,55.77,181.63,12.5,6.839,4.656,32.74,4.144,2.917,64.97,1.843,0.95,95.92,15.466,Shift A,normal
2026-09-18 07:30:00,20.87,23.55,57.62,178.95,11.412,7.082,4.351,33.07,3.924,3.066,70.17,2.079,0.881,95.61,14.247,Shift A,normal
2026-09-18 07:45:00,23.34,24.24,57.4,179.64,11.788,7.002,4.484,34.05,3.913,3.137,68.41,2.09,1.01,95.83,14.766,Shift A,normal
2026-09-18 08:00:00,22.55,25.45,57.91,179.81,11.483,7.097,4.514,33.93,3.944,3.192,67.82,2.201,0.981,95.67,14.382,Shift A,normal
2026-09-18 08:15:00,20.09,25.03,55.13,180.87,11.943,6.922,4.615,32.79,4.092,3.082,63.85,2.126,0.952,95.55,14.705,Shift A,normal
2026-09-18 08:30:00,21.29,22.88,59.54,179.46,11.685,7.009,4.408,33.46,3.975,2.819,61.94,1.971,0.949,95.87,14.437,Shift A,normal
2026-09-18 08:45:00,21.0,26.07,58.45,179.45,11.386,7.006,4.512,33.91,3.934,3.119,68.21,1.968,0.939,95.74,14.157,Shift A,normal
2026-09-18 09:00:00,21.37,25.25,59.34,178.36,11.366,7.043,4.611,33.87,4.021,3.143,66.47,2.14,0.959,95.7,14.398,Shift A,normal
2026-09-18 09:15:00,20.09,24.56,62.34,180.13,11.351,6.895,4.499,32.78,3.909,2.955,67.42,1.932,0.946,96.28,14.046,Shift A,normal
2026-09-18 09:30:00,20.88,26.1,59.39,179.36,11.475,7.064,4.575,33.87,3.853,3.041,67.26,2.078,0.892,95.62,14.348,Shift A,normal
2026-09-18 09:45:00,18.92,24.87,64.11,178.73,11.497,6.815,4.506,34.33,3.996,3.086,62.14,1.811,1.006,95.89,14.372,Shift A,normal
2026-09-18 10:00:00,21.18,24.99,64.89,178.99,11.788,6.933,4.508,34.04,3.932,3.213,67.73,2.12,0.919,95.96,14.738,Shift A,normal
2026-09-18 10:15:00,21.59,25.96,64.09,180.23,12.258,6.844,4.44,33.97,3.986,3.031,63.55,2.005,0.962,95.35,15.052,Shift A,normal
2026-09-18 10:30:00,20.7,27.25,61.21,177.95,11.165,7.083,4.46,35.07,3.725,3.148,67.29,2.026,1.007,95.61,13.907,Shift A,normal
2026-09-18 10:45:00,18.9,27.29,59.38,177.96,10.925,7.04,4.293,33.79,3.904,3.105,64.82,1.878,0.91,95.99,13.576,Shift A,normal
2026-09-18 11:00:00,22.29,26.46,66.49,179.9,11.577,7.046,4.84,33.27,3.985,3.085,72.68,2.266,0.979,95.93,14.534,Shift A,normal
2026-09-18 11:15:00,21.47,26.73,65.12,178.56,10.637,7.147,4.425,33.02,3.839,3.191,64.73,2.015,0.848,95.71,13.369,Shift A,normal
2026-09-18 11:30:00,20.06,27.2,63.95,179.0,10.793,6.968,4.461,33.9,3.845,2.984,62.07,2.248,0.842,95.97,13.646,Shift A,normal
2026-09-18 11:45:00,20.64,25.77,68.33,178.57,11.14,7.061,4.258,32.36,3.991,3.076,65.33,2.039,0.946,96.08,13.884,Shift A,normal
2026-09-18 12:00:00,19.05,27.52,64.78,177.96,10.889,7.007,4.359,33.47,4.064,3.093,66.97,1.829,0.938,96.2,13.565,Shift A,normal
2026-09-18 12:15:00,19.67,26.64,66.15,177.49,11.383,6.991,4.346,34.01,3.901,2.911,57.31,1.775,0.991,96.22,14.0,Shift A,normal
2026-09-18 12:30:00,20.3,27.72,68.53,178.51,11.616,7.131,4.499,34.76,3.969,3.21,68.9,2.09,0.984,96.41,14.409,Shift A,normal
2026-09-18 12:45:00,22.6,27.53,65.71,178.67,11.153,7.208,4.64,32.66,3.97,3.166,67.71,2.024,0.892,96.02,14.054,Shift A,normal
2026-09-18 13:00:00,20.17,28.37,68.14,178.44,11.414,6.957,4.58,34.01,3.841,3.091,62.73,2.08,1.005,95.5,14.27,Shift A,normal
2026-09-18 13:15:00,21.83,28.31,70.94,176.01,10.725,7.083,4.67,33.93,4.116,3.083,66.55,2.281,0.902,95.85,13.686,Shift A,normal
2026-09-18 13:30:00,20.3,26.02,69.56,178.35,11.357,7.032,4.41,33.66,3.97,3.056,64.05,2.089,0.987,95.55,14.211,Shift A,normal
2026-09-18 13:45:00,21.32,28.88,71.98,176.54,11.177,7.033,4.366,33.94,3.982,3.179,63.51,2.017,0.933,96.26,14.01,Shift A,normal
2026-09-18 14:00:00,20.82,29.51,72.06,175.99,11.239,7.025,4.35,33.84,4.039,3.13,60.92,2.141,1.086,96.43,14.192,Shift B,normal
2026-09-18 14:15:00,22.13,29.62,70.09,176.44,10.782,6.967,4.564,35.13,3.846,3.044,70.11,2.136,0.936,95.96,13.559,Shift B,normal
2026-09-18 14:30:00,20.3,29.44,65.64,177.31,11.268,6.642,4.437,34.91,4.094,3.076,64.6,1.892,0.94,96.39,14.131,Shift B,normal
2026-09-18 14:45:00,18.96,31.09,68.31,176.89,10.081,7.153,4.368,35.72,4.113,3.158,63.89,2.107,0.935,96.36,12.979,Shift B,normal
2026-09-18 15:00:00,19.2,30.28,72.22,175.98,11.119,6.931,4.288,33.88,4.019,3.043,67.82,1.974,0.918,96.06,13.884,Shift B,normal
2026-09-18 15:15:00,20.31,30.64,67.73,176.96,10.852,6.976,4.591,33.79,4.053,3.179,66.45,2.125,0.894,96.16,13.709,Shift B,normal
2026-09-18 15:30:00,19.38,31.37,70.27,176.16,10.692,6.978,4.186,33.14,3.977,3.073,60.76,2.03,1.043,96.29,13.504,Shift B,normal
2026-09-18 15:45:00,21.53,31.06,71.66,175.35,10.121,6.922,4.421,33.62,4.095,3.061,69.4,2.152,0.928,95.45,13.023,Shift B,normal
2026-09-18 16:00:00,20.39,30.28,73.94,175.13,10.598,7.024,4.294,34.47,3.923,3.448,70.81,2.044,0.912,96.01,13.386,Shift B,normal
2026-09-18 16:15:00,24.09,29.27,69.83,176.17,11.57,6.996,4.62,34.72,3.998,3.311,71.19,1.996,0.984,96.15,14.571,Shift B,normal
2026-09-18 16:30:00,18.74,31.05,69.64,175.61,10.457,6.928,4.474,34.61,4.011,3.164,62.27,2.015,0.935,95.44,13.468,Shift B,normal
2026-09-18 16:45:00,21.26,32.25,70.72,174.26,11.077,7.015,4.441,33.61,4.009,3.256,62.72,2.091,0.921,96.58,13.974,Shift B,normal
2026-09-18 17:00:00,19.53,31.55,71.4,176.43,10.744,6.997,4.384,33.53,4.117,3.269,62.88,1.904,0.982,96.34,13.709,Shift B,normal
2026-09-18 17:15:00,20.36,32.65,70.21,175.07,11.103,7.093,4.501,35.78,4.233,3.189,66.63,2.003,0.952,96.31,14.027,Shift B,normal
2026-09-18 17:30:00,21.18,32.29,72.41,177.11,11.024,6.866,4.431,33.48,4.002,3.2,71.34,1.817,0.955,96.12,13.871,Shift B,normal
2026-09-18 17:45:00,17.98,33.36,68.47,174.1,10.23,6.919,4.325,35.29,4.064,3.169,61.9,1.91,0.944,95.57,12.986,Shift B,normal
2026-09-18 18:00:00,21.31,32.23,70.03,175.32,10.834,7.073,4.509,34.51,3.933,3.29,65.23,1.851,0.913,95.49,13.673,Shift B,normal
2026-09-18 18:15:00,23.47,32.96,70.37,174.81,11.557,6.936,4.473,33.64,4.119,3.32,72.19,2.141,0.952,95.89,14.425,Shift B,normal
2026-09-18 18:30:00,20.41,33.1,68.34,174.55,10.916,6.91,4.369,33.22,3.965,3.339,65.07,2.037,0.944,96.16,13.889,Shift B,normal
2026-09-18 18:45:00,21.34,33.99,70.45,175.06,10.773,6.941,4.523,33.79,4.334,3.255,72.35,2.096,1.003,96.12,13.658,Shift B,normal
2026-09-18 19:00:00,22.33,31.5,68.66,177.36,11.882,6.99,4.694,34.58,3.843,3.361,67.65,2.138,0.956,96.58,15.035,Shift B,normal
2026-09-18 19:15:00,20.79,32.56,69.51,175.78,11.194,6.99,4.601,33.55,4.229,3.187,70.21,2.01,0.934,95.84,14.137,Shift B,normal
2026-09-18 19:30:00,20.24,33.64,67.87,174.9,11.007,6.979,4.666,35.65,4.118,3.41,67.37,1.952,0.838,95.8,13.98,Shift B,normal
2026-09-18 19:45:00,18.04,34.23,67.75,173.93,10.685,6.897,4.341,34.07,3.909,3.152,66.36,1.977,0.882,95.9,13.392,Shift B,normal
2026-09-18 20:00:00,21.83,33.19,65.24,174.11,11.139,7.077,4.46,34.79,4.249,3.078,67.12,2.053,0.879,95.5,14.035,Shift B,normal
2026-09-18 20:15:00,20.85,32.76,64.72,175.38,11.045,7.133,4.443,34.68,3.922,3.376,66.43,2.143,0.88,96.46,13.963,Shift B,normal
2026-09-18 20:30:00,19.68,33.57,67.89,175.38,9.914,6.809,4.367,35.5,3.987,3.259,66.97,1.92,0.954,95.85,12.719,Shift B,normal
2026-09-18 20:45:00,21.16,33.62,66.16,175.9,10.965,6.845,4.421,33.89,3.889,3.238,69.44,2.042,1.12,96.04,13.843,Shift B,normal
2026-09-18 21:00:00,20.24,32.58,62.28,173.96,10.702,7.1,4.46,34.27,4.0,3.14,67.8,2.145,0.953,96.18,13.502,Shift B,normal
2026-09-18 21:15:00,20.31,33.05,64.12,176.26,10.607,7.157,4.47,33.11,4.011,3.101,60.98,1.877,0.96,95.69,13.435,Shift B,normal
2026-09-18 21:30:00,21.79,33.64,58.43,177.51,11.003,6.787,4.366,34.29,4.102,3.129,68.38,1.931,0.923,96.08,13.802,Shift B,normal
2026-09-18 21:45:00,19.26,34.1,61.44,178.23,10.459,7.082,4.486,35.24,4.264,3.239,63.36,1.89,0.879,95.99,13.202,Shift B,normal
2026-09-18 22:00:00,1.36,33.06,63.92,29.65,0.1,4.029,0.667,31.93,3.965,0.985,6.14,0.138,0.12,92.63,0.681,Idle,normal
2026-09-18 22:15:00,0.0,32.36,61.16,28.68,0.786,3.945,0.609,33.52,3.738,0.806,5.82,0.183,0.12,92.27,1.449,Idle,normal
2026-09-18 22:30:00,0.0,32.13,61.06,29.27,0.512,4.059,0.626,32.07,4.077,1.169,4.59,0.143,0.12,91.28,0.975,Idle,normal
2026-09-18 22:45:00,2.5,32.45,54.21,30.01,0.1,3.878,0.652,31.27,3.959,0.958,4.89,0.161,0.12,91.97,0.626,Idle,normal
2026-09-18 23:00:00,1.47,31.74,58.89,29.47,0.148,4.084,0.645,32.0,4.193,1.124,3.53,0.226,0.12,91.76,0.872,Idle,normal
2026-09-18 23:15:00,0.13,31.79,59.78,31.14,0.658,3.918,0.621,30.46,4.008,0.929,4.33,0.17,0.12,93.0,1.118,Idle,normal
2026-09-18 23:30:00,0.0,30.59,59.49,30.23,0.252,3.94,0.67,30.92,3.93,1.015,4.66,0.12,0.12,92.8,0.831,Idle,normal
2026-09-18 23:45:00,0.0,32.26,59.94,29.54,0.786,4.015,0.597,30.67,3.912,1.097,5.63,0.131,0.12,91.54,1.366,Idle,normal
2026-09-19 00:00:00,0.1,30.09,57.08,29.87,0.717,4.031,0.626,31.51,4.067,1.083,4.29,0.185,0.12,91.94,1.336,Idle,normal
2026-09-19 00:15:00,0.05,30.42,56.67,31.22,0.1,3.986,0.591,31.45,3.978,0.973,3.96,0.192,0.12,91.85,0.778,Idle,normal
2026-09-19 00:30:00,0.0,30.61,53.86,30.91,0.3,4.045,0.651,32.52,4.153,1.051,5.76,0.149,0.12,92.4,0.712,Idle,normal
2026-09-19 00:45:00,0.0,31.88,55.66,28.86,0.193,3.96,0.565,31.52,3.99,1.068,4.58,0.089,0.12,91.94,0.731,Idle,normal
2026-09-19 01:00:00,0.0,29.7,53.11,29.32,0.1,3.98,0.516,30.59,4.144,0.985,4.16,0.112,0.12,92.19,0.556,Idle,normal
2026-09-19 01:15:00,0.0,29.25,51.54,30.47,0.1,3.985,0.633,32.68,3.863,0.889,5.81,0.157,0.12,91.83,0.609,Idle,normal
2026-09-19 01:30:00,0.0,29.08,52.69,30.35,0.1,3.973,0.549,29.01,3.826,0.938,5.46,0.173,0.12,92.46,0.611,Idle,normal
2026-09-19 01:45:00,1.19,30.59,57.53,28.95,0.126,3.903,0.544,31.51,4.089,0.962,4.79,0.19,0.12,91.69,0.619,Idle,normal
2026-09-19 02:00:00,0.0,26.75,53.66,30.75,0.449,3.999,0.663,31.43,3.945,1.003,4.65,0.069,0.12,93.19,0.888,Idle,normal
2026-09-19 02:15:00,0.0,27.94,54.37,29.11,0.715,3.994,0.648,31.33,3.969,1.159,5.38,0.185,0.12,92.8,1.225,Idle,normal
2026-09-19 02:30:00,0.0,30.66,52.66,31.3,0.53,4.054,0.583,31.91,3.905,1.091,5.54,0.207,0.12,93.2,1.263,Idle,normal
2026-09-19 02:45:00,0.14,28.69,49.9,30.53,0.613,3.936,0.448,31.35,3.89,0.918,5.21,0.054,0.12,92.53,0.95,Idle,normal
2026-09-19 03:00:00,0.0,27.08,55.18,28.87,0.257,3.968,0.627,31.65,4.056,1.184,5.12,0.15,0.12,92.82,0.937,Idle,normal
2026-09-19 03:15:00,1.92,27.68,48.83,29.47,0.561,4.06,0.633,30.82,3.993,0.992,4.39,0.18,0.12,92.6,1.022,Idle,normal
2026-09-19 03:30:00,0.66,27.52,51.97,29.45,0.298,4.015,0.626,30.12,3.888,1.067,4.45,0.094,0.12,91.93,0.845,Idle,normal
2026-09-19 03:45:00,0.0,27.91,52.91,30.16,0.195,4.027,0.624,31.28,4.075,0.906,4.83,0.13,0.12,92.17,0.86,Idle,normal
2026-09-19 04:00:00,0.87,28.47,53.46,29.8,1.014,4.023,0.591,30.52,4.115,0.955,4.04,0.172,0.12,92.44,1.6,Idle,normal
2026-09-19 04:15:00,0.0,27.09,51.57,28.85,0.1,4.023,0.579,30.64,3.981,1.104,3.92,0.129,0.12,92.67,0.531,Idle,normal
2026-09-19 04:30:00,0.0,26.13,49.4,28.61,0.1,4.091,0.545,32.05,4.089,0.912,4.91,0.135,0.12,92.26,0.564,Idle,normal
2026-09-19 04:45:00,0.41,26.99,51.57,30.55,0.484,4.005,0.565,32.45,3.892,1.006,5.99,0.159,0.12,92.51,1.007,Idle,normal
2026-09-19 05:00:00,0.0,25.61,51.81,30.29,0.257,3.949,0.616,32.04,4.044,1.047,2.93,0.103,0.12,92.19,0.874,Idle,normal
2026-09-19 05:15:00,1.16,25.17,51.93,30.11,0.1,4.032,0.617,31.86,4.001,0.898,4.61,0.107,0.12,92.16,0.602,Idle,normal
2026-09-19 05:30:00,0.0,24.42,55.63,30.27,0.1,3.972,0.639,31.1,3.903,0.822,5.27,0.169,0.12,91.79,0.587,Idle,normal
2026-09-19 05:45:00,0.0,24.42,51.5,29.38,0.1,3.995,0.53,31.79,4.187,1.091,6.07,0.188,0.12,92.44,0.782,Idle,normal
2026-09-19 06:00:00,20.15,24.82,54.81,181.06,12.308,7.005,4.324,33.76,4.007,3.324,67.68,2.035,0.975,95.75,15.324,Shift A,normal
2026-09-19 06:15:00,20.26,24.47,54.83,179.79,11.951,7.041,4.437,35.08,3.923,3.07,64.78,2.025,0.907,95.51,14.842,Shift A,normal
2026-09-19 06:30:00,22.43,25.56,56.78,181.02,12.747,6.882,4.539,32.94,3.988,3.114,69.75,2.303,0.93,95.72,15.643,Shift A,normal
2026-09-19 06:45:00,21.82,24.25,54.97,179.94,11.154,7.081,4.679,34.2,3.894,2.93,67.31,2.179,0.985,96.05,13.86,Shift A,normal
2026-09-19 07:00:00,23.22,22.62,57.22,180.87,11.703,7.217,4.532,32.42,3.859,3.133,68.09,2.094,0.998,96.16,14.515,Shift A,normal
2026-09-19 07:15:00,23.95,24.24,55.72,180.75,11.689,6.874,4.569,34.13,3.936,2.984,69.39,2.327,0.952,95.87,14.498,Shift A,normal
2026-09-19 07:30:00,19.66,24.66,57.39,180.38,12.135,7.035,4.296,32.07,3.944,3.146,71.01,1.969,0.986,96.31,14.954,Shift A,normal
2026-09-19 07:45:00,21.09,24.52,53.99,181.04,12.214,6.921,4.693,32.72,3.902,3.084,68.91,2.068,0.982,96.45,15.221,Shift A,normal
2026-09-19 08:00:00,19.47,26.22,52.22,178.59,11.135,6.819,5.591,39.54,4.114,3.134,64.63,2.021,1.0,95.88,14.455,Shift A,compressor_degradation
2026-09-19 08:15:00,19.99,24.52,58.77,179.01,11.343,6.674,5.855,40.8,3.905,3.083,68.67,1.998,0.937,96.32,14.639,Shift A,compressor_degradation
2026-09-19 08:30:00,20.18,25.74,59.42,179.71,11.473,6.578,5.587,40.81,3.894,3.101,68.74,1.973,0.983,95.72,14.552,Shift A,compressor_degradation
2026-09-19 08:45:00,19.63,25.06,60.06,178.44,10.689,6.427,5.738,42.53,3.866,3.059,66.44,2.153,0.924,95.53,13.903,Shift A,compressor_degradation
2026-09-19 09:00:00,19.63,25.1,58.62,179.36,11.514,6.451,5.709,40.48,3.856,3.127,64.68,1.997,0.963,95.64,14.72,Shift A,compressor_degradation
2026-09-19 09:15:00,20.81,24.54,63.22,179.27,11.343,6.625,5.897,41.25,4.085,2.966,65.55,2.127,0.968,95.67,14.433,Shift A,compressor_degradation
2026-09-19 09:30:00,19.42,25.26,59.91,180.83,11.421,6.414,5.796,40.75,4.011,3.022,62.25,1.935,0.975,95.78,14.508,Shift A,compressor_degradation
2026-09-19 09:45:00,22.09,24.8,62.25,179.53,11.798,6.417,5.836,41.16,4.052,3.187,68.43,2.121,0.991,96.66,15.022,Shift A,compressor_degradation
2026-09-19 10:00:00,19.81,25.67,63.19,180.28,11.51,6.551,5.624,40.66,4.089,3.076,64.0,2.058,0.843,95.76,14.806,Shift A,compressor_degradation
2026-09-19 10:15:00,24.65,25.49,66.03,179.41,11.855,6.563,6.174,41.77,3.953,3.012,68.88,2.185,0.965,95.83,15.195,Shift A,compressor_degradation
2026-09-19 10:30:00,20.41,25.07,62.54,178.42,11.101,6.588,5.648,39.67,4.132,3.155,68.24,1.988,0.949,96.04,14.156,Shift A,compressor_degradation
2026-09-19 10:45:00,21.09,26.79,62.45,178.94,11.648,6.506,5.493,38.59,3.928,3.15,72.05,2.126,0.976,95.51,14.775,Shift A,compressor_degradation
2026-09-19 11:00:00,19.32,26.51,61.33,179.38,11.389,6.642,5.436,40.82,3.88,2.928,66.51,2.042,0.973,96.02,14.495,Shift A,compressor_degradation
2026-09-19 11:15:00,23.22,26.0,68.0,179.68,11.431,6.464,5.699,39.18,4.025,3.133,68.58,1.822,1.006,96.19,14.551,Shift A,compressor_degradation
2026-09-19 11:30:00,22.46,26.68,66.29,178.19,11.378,6.613,5.919,41.87,4.005,3.084,68.15,1.975,0.934,96.51,14.553,Shift A,compressor_degradation
2026-09-19 11:45:00,21.39,26.71,66.89,176.52,11.022,6.571,6.049,40.47,4.005,3.142,70.66,2.123,1.003,96.42,14.385,Shift A,compressor_degradation
2026-09-19 12:00:00,19.25,26.31,72.73,176.28,10.873,6.61,5.41,39.63,4.091,3.072,66.49,2.016,0.891,96.08,14.057,Shift A,compressor_degradation
2026-09-19 12:15:00,21.27,27.29,67.65,177.51,11.391,6.668,5.683,42.87,4.004,3.128,67.73,2.151,1.018,95.91,14.709,Shift A,compressor_degradation
2026-09-19 12:30:00,19.54,26.97,64.87,175.34,10.449,6.504,5.683,40.67,4.023,2.894,66.38,2.121,1.001,95.88,13.575,Shift A,compressor_degradation
2026-09-19 12:45:00,22.9,26.96,67.54,179.31,11.83,6.484,6.06,40.76,4.128,2.996,64.33,2.182,0.974,96.11,15.095,Shift A,compressor_degradation
2026-09-19 13:00:00,22.05,26.67,66.41,177.95,10.575,6.381,5.729,41.29,4.017,3.145,69.02,1.882,0.932,95.98,13.697,Shift A,compressor_degradation
2026-09-19 13:15:00,21.12,27.93,67.97,176.56,10.839,6.348,5.838,41.52,4.045,3.359,64.39,2.118,0.919,95.93,14.207,Shift A,compressor_degradation
2026-09-19 13:30:00,17.83,28.93,68.34,175.93,10.45,6.532,5.54,41.66,3.858,3.136,65.23,2.072,0.859,95.62,13.546,Shift A,compressor_degradation
2026-09-19 13:45:00,19.72,28.18,68.31,177.92,11.482,6.539,5.996,39.92,4.369,3.057,63.54,2.036,0.891,96.23,14.548,Shift A,compressor_degradation
2026-09-19 14:00:00,21.89,31.02,67.01,175.64,10.82,6.441,5.831,41.54,3.849,3.15,69.48,2.065,0.954,96.05,14.084,Shift B,compressor_degradation
2026-09-19 14:15:00,22.58,29.97,73.26,175.59,11.144,6.463,5.897,40.83,3.95,3.036,67.86,2.089,0.943,95.68,14.403,Shift B,compressor_degradation
2026-09-19 14:30:00,22.44,30.57,70.91,175.71,10.309,6.702,5.857,40.35,3.949,3.261,64.76,2.129,0.889,96.46,13.535,Shift B,compressor_degradation
2026-09-19 14:45:00,18.93,30.42,70.07,176.47,10.561,6.638,5.586,40.94,4.216,3.16,64.17,1.904,0.903,96.03,13.823,Shift B,compressor_degradation
2026-09-19 15:00:00,21.39,31.52,72.21,176.85,10.642,6.424,5.898,39.74,3.95,3.259,73.87,2.119,0.961,95.47,13.883,Shift B,compressor_degradation
2026-09-19 15:15:00,22.32,29.66,71.77,177.31,11.951,6.506,5.7,41.65,4.047,3.112,61.27,2.078,0.951,96.31,15.25,Shift B,compressor_degradation
2026-09-19 15:30:00,18.84,28.48,71.47,177.06,10.517,6.591,5.39,40.38,3.942,3.212,65.46,1.928,0.881,95.74,13.488,Shift B,compressor_degradation
2026-09-19 15:45:00,20.99,30.41,72.35,175.92,10.84,6.487,5.741,40.62,3.902,2.967,63.86,2.046,0.832,95.8,13.983,Shift B,compressor_degradation
2026-09-19 16:00:00,21.36,31.45,71.27,176.86,10.98,6.469,5.879,41.06,4.067,3.164,71.35,2.083,1.014,95.91,14.175,Shift B,compressor_degradation
2026-09-19 16:15:00,20.61,31.34,72.32,175.09,10.196,6.516,5.667,40.89,3.937,3.203,69.0,2.143,0.945,96.23,13.404,Shift B,compressor_degradation
2026-09-19 16:30:00,18.59,31.66,72.43,173.87,10.441,6.659,5.638,41.94,4.031,3.135,65.29,2.057,0.939,95.88,13.669,Shift B,compressor_degradation
2026-09-19 16:45:00,20.58,32.69,71.15,174.96,10.891,6.668,5.588,40.21,4.077,3.221,69.27,2.199,0.956,96.14,14.061,Shift B,compressor_degradation
2026-09-19 17:00:00,20.57,32.13,70.25,174.78,10.781,6.476,5.862,40.91,4.203,3.219,67.25,1.955,0.972,95.37,13.952,Shift B,compressor_degradation
2026-09-19 17:15:00,20.81,32.65,73.58,174.92,9.964,6.596,5.827,41.06,3.888,3.274,66.75,1.925,0.962,95.54,13.168,Shift B,compressor_degradation
2026-09-19 17:30:00,20.27,31.42,69.36,174.56,10.531,6.549,5.718,40.21,3.994,3.217,64.44,2.03,0.948,95.93,14.035,Shift B,compressor_degradation
2026-09-19 17:45:00,20.42,31.45,70.85,175.04,11.093,6.449,5.746,41.21,3.999,3.195,65.3,2.054,0.983,95.67,14.329,Shift B,compressor_degradation
2026-09-19 18:00:00,20.95,33.76,70.62,176.12,11.03,6.52,5.59,40.59,4.019,3.287,65.46,2.084,1.0,95.88,14.257,Shift B,compressor_degradation
2026-09-19 18:15:00,21.58,32.67,68.26,177.22,11.433,6.424,5.633,39.99,4.272,3.064,67.45,2.078,1.028,96.24,14.643,Shift B,compressor_degradation
2026-09-19 18:30:00,20.6,32.2,67.52,173.8,10.457,6.666,5.722,41.55,3.995,3.094,60.87,2.091,0.906,95.61,13.498,Shift B,compressor_degradation
2026-09-19 18:45:00,20.47,32.29,68.06,174.26,11.207,6.705,5.79,42.42,3.761,3.014,69.51,1.966,0.958,95.65,14.438,Shift B,compressor_degradation
2026-09-19 19:00:00,21.12,32.34,67.38,174.79,10.781,6.509,5.835,41.25,3.994,3.227,72.85,2.1,0.873,95.96,14.072,Shift B,compressor_degradation
2026-09-19 19:15:00,18.5,32.36,65.02,176.4,11.198,6.485,5.567,40.96,4.002,3.214,63.36,1.96,0.898,95.22,14.19,Shift B,compressor_degradation
2026-09-19 19:30:00,21.62,31.94,66.18,175.49,10.847,6.655,5.887,41.12,3.988,3.302,70.98,2.053,0.95,96.29,14.312,Shift B,compressor_degradation
2026-09-19 19:45:00,21.0,31.79,67.53,175.03,10.068,6.672,5.93,40.82,3.939,3.193,66.5,1.931,0.989,95.97,13.304,Shift B,compressor_degradation
2026-09-19 20:00:00,21.05,32.84,69.03,176.55,11.171,6.439,5.752,42.14,3.883,3.109,65.14,2.043,0.947,96.0,14.269,Shift B,compressor_degradation
2026-09-19 20:15:00,22.25,32.52,67.09,176.88,10.859,6.535,5.872,41.33,4.23,3.207,66.88,2.033,1.001,95.78,14.138,Shift B,compressor_degradation
2026-09-19 20:30:00,18.46,33.85,60.25,176.0,10.472,6.544,5.583,39.43,4.051,3.016,64.87,1.903,0.904,96.19,13.476,Shift B,compressor_degradation
2026-09-19 20:45:00,18.43,33.16,66.18,175.3,10.062,6.473,5.591,42.08,3.997,3.146,62.43,2.045,0.892,95.88,13.076,Shift B,compressor_degradation
2026-09-19 21:00:00,21.36,33.08,63.21,176.5,11.462,6.589,5.802,42.02,4.229,2.969,69.04,2.132,0.916,96.39,14.62,Shift B,compressor_degradation
2026-09-19 21:15:00,20.99,32.19,64.66,176.12,10.646,6.48,5.964,41.77,3.926,3.196,65.33,2.047,0.986,95.35,13.901,Shift B,compressor_degradation
2026-09-19 21:30:00,21.22,32.6,63.15,176.24,11.409,6.496,5.883,39.06,4.075,3.155,63.88,2.094,0.936,95.98,14.525,Shift B,compressor_degradation
2026-09-19 21:45:00,20.4,32.88,62.2,176.1,10.625,6.54,5.823,41.25,3.891,3.16,66.3,1.967,0.823,95.97,13.731,Shift B,compressor_degradation
2026-09-19 22:00:00,0.86,33.04,61.8,28.81,0.1,3.948,0.6,32.43,4.091,0.907,5.25,0.24,0.12,92.38,0.546,Idle,normal
2026-09-19 22:15:00,1.21,32.25,61.37,28.19,0.812,3.902,0.565,31.93,3.9,0.933,5.94,0.206,0.12,92.75,1.302,Idle,normal
2026-09-19 22:30:00,0.63,33.04,63.51,30.63,0.324,4.009,0.624,31.89,4.063,1.069,4.88,0.175,0.12,91.84,0.936,Idle,normal
2026-09-19 22:45:00,0.0,32.01,60.2,29.31,0.328,4.026,0.637,32.37,4.207,0.856,5.97,0.129,0.12,91.79,0.837,Idle,normal
2026-09-19 23:00:00,0.0,32.46,61.84,29.51,0.1,4.05,0.615,31.79,4.023,1.051,4.95,0.14,0.12,92.16,0.641,Idle,normal
2026-09-19 23:15:00,1.0,31.25,60.99,29.78,0.19,3.982,0.608,32.54,3.79,0.919,5.12,0.162,0.12,91.63,0.559,Idle,normal
2026-09-19 23:30:00,1.59,29.98,59.89,30.38,0.5,4.039,0.674,31.65,4.008,0.832,5.08,0.164,0.12,93.12,1.008,Idle,normal
2026-09-19 23:45:00,0.84,31.44,54.45,28.51,0.1,4.024,0.668,31.69,4.058,1.123,5.66,0.122,0.12,92.59,0.584,Idle,normal
2026-09-20 00:00:00,0.0,31.58,59.73,28.74,0.161,4.066,0.594,32.31,4.1,1.133,5.54,0.095,0.12,92.45,0.572,Idle,normal
2026-09-20 00:15:00,0.61,31.23,56.08,30.0,0.203,3.997,0.568,31.23,4.156,0.946,3.89,0.227,0.12,92.57,0.801,Idle,normal
2026-09-20 00:30:00,0.78,30.87,57.95,31.2,0.373,3.914,0.621,30.68,4.16,0.945,5.22,0.151,0.12,92.77,0.789,Idle,normal
2026-09-20 00:45:00,1.42,30.01,54.12,29.97,0.868,3.997,0.568,31.45,3.991,0.975,5.54,0.167,0.12,92.08,1.395,Idle,normal
2026-09-20 01:00:00,0.0,29.39,53.27,29.21,0.245,4.004,0.644,31.92,3.936,0.919,6.46,0.116,0.12,92.15,0.718,Idle,normal
2026-09-20 01:15:00,0.0,30.22,59.19,27.85,0.108,4.026,0.621,32.24,3.893,0.937,3.99,0.205,0.12,92.37,0.565,Idle,normal
2026-09-20 01:30:00,0.68,29.86,52.95,30.95,1.311,3.923,0.734,32.29,3.949,1.045,5.54,0.192,0.12,92.15,1.994,Idle,normal
2026-09-20 01:45:00,0.05,28.81,56.81,29.26,0.198,3.984,0.674,31.37,4.047,1.207,4.65,0.152,0.12,91.96,0.751,Idle,normal
2026-09-20 02:00:00,0.0,29.89,54.44,28.85,0.283,4.043,0.546,31.29,3.869,0.965,5.19,0.158,0.12,92.09,0.75,Idle,normal
2026-09-20 02:15:00,0.38,28.03,53.09,28.28,0.225,3.995,0.574,30.82,3.903,1.102,3.93,0.161,0.12,92.39,0.718,Idle,normal
2026-09-20 02:30:00,0.53,28.01,53.6,28.56,0.253,3.985,0.504,31.45,4.052,1.035,4.99,0.154,0.12,92.58,0.783,Idle,normal
2026-09-20 02:45:00,0.08,29.53,50.88,29.04,0.377,4.095,0.493,30.05,3.937,0.833,5.32,0.172,0.12,91.83,0.832,Idle,normal
2026-09-20 03:00:00,0.2,28.66,53.28,29.76,0.672,3.946,0.606,31.38,4.036,0.998,4.03,0.165,0.12,92.23,1.151,Idle,normal
2026-09-20 03:15:00,0.0,27.43,51.01,28.79,0.491,4.062,0.54,33.51,3.912,0.985,6.45,0.143,0.12,92.25,0.927,Idle,normal
2026-09-20 03:30:00,1.35,27.7,52.29,30.19,0.727,4.051,0.682,30.14,4.024,1.146,3.46,0.103,0.12,91.82,1.299,Idle,normal
2026-09-20 03:45:00,0.0,27.35,54.87,29.75,0.715,3.989,0.658,31.42,3.916,1.151,5.54,0.149,0.12,92.45,1.245,Idle,normal
2026-09-20 04:00:00,0.0,24.8,53.51,32.22,0.423,3.998,0.586,31.35,3.793,1.038,2.57,0.18,0.12,92.32,1.104,Idle,normal
2026-09-20 04:15:00,0.01,26.05,50.05,28.3,0.482,3.998,0.584,31.55,4.084,1.121,4.75,0.177,0.12,91.93,1.003,Idle,normal
2026-09-20 04:30:00,0.8,26.52,54.78,30.16,0.738,4.009,0.674,30.47,3.921,0.985,5.48,0.202,0.12,92.14,1.323,Idle,normal
2026-09-20 04:45:00,0.0,26.08,53.16,30.17,0.1,3.97,0.686,31.62,3.963,1.112,5.71,0.207,0.12,92.49,0.686,Idle,normal
2026-09-20 05:00:00,0.0,26.37,52.22,28.97,1.224,3.979,0.553,30.72,3.92,1.01,4.89,0.178,0.12,92.62,1.729,Idle,normal
2026-09-20 05:15:00,0.0,26.9,54.97,30.1,0.171,3.982,0.547,30.05,4.046,1.11,4.76,0.157,0.12,92.42,0.789,Idle,normal
2026-09-20 05:30:00,0.03,25.57,53.35,30.77,0.227,3.984,0.585,31.87,4.02,1.12,5.57,0.164,0.12,92.99,0.833,Idle,normal
2026-09-20 05:45:00,0.0,24.83,51.6,30.1,0.1,3.984,0.622,31.6,4.038,1.072,5.95,0.127,0.12,92.69,0.692,Idle,normal
2026-09-20 06:00:00,14.35,25.8,57.9,181.88,11.465,6.649,5.415,39.65,3.932,2.975,61.0,1.727,0.884,96.1,14.484,Shift A,compressor_degradation
2026-09-20 06:15:00,15.3,25.15,54.48,180.08,11.546,6.602,5.447,39.95,3.98,2.999,59.91,1.912,0.774,95.7,14.425,Shift A,compressor_degradation
2026-09-20 06:30:00,14.12,25.18,54.7,180.9,12.214,6.212,5.346,39.86,4.026,3.121,58.38,1.94,0.816,96.32,15.28,Shift A,compressor_degradation
2026-09-20 06:45:00,14.91,24.98,54.42,180.5,11.126,6.524,5.432,39.05,4.138,3.14,62.72,1.901,0.865,95.67,14.166,Shift A,compressor_degradation
2026-09-20 07:00:00,14.43,26.93,58.0,179.26,10.982,6.423,5.246,41.01,4.022,3.092,65.75,1.764,0.889,96.23,13.914,Shift A,compressor_degradation
2026-09-20 07:15:00,15.31,23.28,55.02,180.18,11.318,6.662,5.512,40.92,3.877,2.968,58.96,1.85,0.835,95.09,14.611,Shift A,compressor_degradation
2026-09-20 07:30:00,15.13,24.72,53.43,180.9,11.854,6.655,5.509,40.13,4.01,3.055,58.57,1.988,0.831,95.75,14.807,Shift A,compressor_degradation
2026-09-20 07:45:00,14.07,25.01,55.64,179.74,11.76,6.589,5.302,40.26,3.968,3.01,57.26,1.704,0.853,95.47,14.695,Shift A,compressor_degradation
2026-09-20 08:00:00,14.55,24.38,60.15,179.84,11.589,6.43,5.425,40.4,3.782,2.984,63.59,1.877,0.941,95.85,14.607,Shift A,compressor_degradation
2026-09-20 08:15:00,15.65,25.73,59.68,179.91,11.089,6.699,5.233,40.49,3.802,3.233,61.96,1.832,0.78,95.41,14.077,Shift A,compressor_degradation
2026-09-20 08:30:00,15.06,25.68,58.05,182.09,12.227,6.524,5.425,39.34,3.98,3.003,63.22,1.767,0.748,95.91,15.106,Shift A,compressor_degradation
2026-09-20 08:45:00,13.43,25.04,61.85,178.05,10.686,6.731,5.29,40.67,3.986,3.09,58.56,1.946,0.948,96.16,13.747,Shift A,compressor_degradation
2026-09-20 09:00:00,15.3,24.92,61.17,180.27,11.265,6.577,5.569,39.51,3.954,3.05,63.62,2.143,0.807,95.72,14.292,Shift A,compressor_degradation
2026-09-20 09:15:00,13.71,25.12,59.71,179.4,10.458,6.601,5.299,40.83,4.073,2.925,59.48,1.89,0.844,95.85,13.445,Shift A,compressor_degradation
2026-09-20 09:30:00,15.99,25.22,60.49,178.88,10.606,6.504,5.563,39.62,3.891,2.909,57.75,1.971,0.817,96.05,13.659,Shift A,compressor_degradation
2026-09-20 09:45:00,15.63,25.35,62.07,179.11,11.322,6.691,5.391,39.33,3.847,3.026,64.84,1.641,0.872,95.96,14.26,Shift A,compressor_degradation
2026-09-20 10:00:00,21.38,25.39,60.34,179.92,12.101,6.611,5.508,40.42,3.903,2.844,67.13,1.985,0.95,96.42,15.142,Shift A,compressor_degradation
2026-09-20 10:15:00,21.2,25.88,62.6,179.83,11.546,6.694,5.745,40.6,3.927,3.233,66.15,2.001,1.035,95.71,14.902,Shift A,compressor_degradation
2026-09-20 10:30:00,20.73,26.43,63.79,179.14,11.454,6.568,5.767,40.78,3.984,3.028,67.5,2.041,0.985,96.16,14.681,Shift A,compressor_degradation
2026-09-20 10:45:00,21.88,25.01,60.38,179.9,12.118,6.545,5.831,39.91,3.904,2.988,63.36,2.099,0.898,96.04,15.311,Shift A,compressor_degradation
2026-09-20 11:00:00,20.52,25.33,63.95,179.92,10.993,6.61,5.751,40.76,3.771,3.15,67.76,1.771,0.851,95.4,14.133,Shift A,compressor_degradation
2026-09-20 11:15:00,21.31,24.96,64.29,179.3,11.303,6.694,5.718,40.79,3.727,3.003,65.39,2.105,0.981,96.0,14.483,Shift A,compressor_degradation
2026-09-20 11:30:00,22.13,27.26,67.5,177.78,11.858,6.652,5.789,41.71,4.005,3.146,67.45,2.035,0.94,95.96,15.105,Shift A,compressor_degradation
2026-09-20 11:45:00,20.27,26.98,62.29,178.66,11.296,6.564,5.581,40.77,3.879,3.009,69.66,1.996,0.907,95.81,14.346,Shift A,compressor_degradation
2026-09-20 12:00:00,20.2,27.4,65.74,178.5,10.75,6.364,5.472,40.1,3.793,3.071,68.11,2.251,1.002,96.61,14.101,Shift A,compressor_degradation
2026-09-20 12:15:00,19.45,26.09,66.04,177.02,10.837,6.631,5.654,39.52,4.051,3.16,64.97,1.942,0.846,96.43,13.978,Shift A,compressor_degradation
2026-09-20 12:30:00,19.62,28.9,69.4,176.1,11.068,6.406,5.588,39.55,4.154,3.036,65.35,1.824,0.917,95.69,14.36,Shift A,compressor_degradation
2026-09-20 12:45:00,18.62,27.23,67.85,175.49,9.7,6.554,5.747,41.01,3.983,3.132,57.08,1.981,0.955,96.16,13.056,Shift A,compressor_degradation
2026-09-20 13:00:00,21.95,28.1,71.96,177.42,11.133,6.538,5.555,41.33,4.023,2.856,65.29,2.115,0.904,96.25,14.175,Shift A,compressor_degradation
2026-09-20 13:15:00,23.35,28.9,70.09,177.49,11.072,6.408,5.936,40.29,4.027,3.239,69.52,2.056,1.045,96.04,14.386,Shift A,compressor_degradation
2026-09-20 13:30:00,22.85,27.69,68.32,175.86,10.394,6.587,6.126,41.24,3.763,3.014,66.28,2.227,0.924,95.56,13.721,Shift A,compressor_degradation
2026-09-20 13:45:00,18.89,28.3,69.96,177.94,10.937,6.765,5.611,40.61,4.086,3.098,61.02,1.907,0.923,95.67,14.121,Shift A,compressor_degradation
2026-09-20 14:00:00,21.94,29.14,69.09,176.9,10.944,6.519,5.816,41.52,4.125,3.115,69.19,2.161,0.929,96.16,14.185,Shift B,compressor_degradation
2026-09-20 14:15:00,22.85,31.55,71.79,177.96,11.24,6.627,5.922,41.9,4.194,3.076,72.48,2.089,0.837,96.18,14.543,Shift B,compressor_degradation
2026-09-20 14:30:00,20.41,29.76,67.65,176.85,10.732,6.786,5.785,39.16,3.959,3.017,64.2,2.137,0.924,95.87,13.782,Shift B,compressor_degradation
2026-09-20 14:45:00,21.13,31.07,68.87,175.29,10.442,6.636,5.719,41.86,3.895,3.193,69.64,1.986,0.993,96.39,13.591,Shift B,compressor_degradation
2026-09-20 15:00:00,18.39,31.0,71.6,176.69,10.154,6.486,5.482,41.08,4.144,3.216,66.73,1.809,0.869,96.49,13.208,Shift B,compressor_degradation
2026-09-20 15:15:00,21.35,30.58,73.28,176.79,10.685,6.574,5.859,40.66,4.056,3.056,64.28,2.098,0.925,96.49,13.841,Shift B,compressor_degradation
2026-09-20 15:30:00,19.62,29.74,66.52,175.47,10.976,6.598,5.448,40.35,4.09,3.187,63.47,2.055,0.91,96.46,13.962,Shift B,compressor_degradation
2026-09-20 15:45:00,21.26,31.62,73.73,174.48,10.898,6.693,5.875,41.21,3.946,3.211,72.54,2.133,0.982,95.91,14.244,Shift B,compressor_degradation
2026-09-20 16:00:00,18.97,29.8,70.72,175.94,10.619,6.671,5.591,40.45,4.03,3.091,61.72,1.965,0.91,95.48,13.645,Shift B,compressor_degradation
2026-09-20 16:15:00,21.71,32.5,67.21,174.76,10.483,6.273,5.803,40.46,3.909,3.038,65.71,2.112,0.962,95.81,13.633,Shift B,compressor_degradation
2026-09-20 16:30:00,22.33,31.6,64.92,176.81,10.882,6.464,5.777,40.55,4.01,3.156,74.0,1.846,0.97,95.93,14.105,Shift B,compressor_degradation
2026-09-20 16:45:00,19.98,29.52,67.77,175.23,10.958,6.543,5.871,40.18,3.967,3.155,64.28,1.91,0.914,95.71,14.243,Shift B,compressor_degradation
2026-09-20 17:00:00,19.52,31.56,70.65,177.31,11.023,6.448,5.701,42.14,4.245,3.172,69.63,1.917,1.019,95.85,14.155,Shift B,compressor_degradation
2026-09-20 17:15:00,18.2,32.53,70.39,173.42,10.467,6.18,5.553,41.09,4.069,3.122,61.31,1.996,0.867,95.48,13.493,Shift B,compressor_degradation
2026-09-20 17:30:00,20.65,31.98,71.58,175.66,9.857,6.477,5.697,42.9,3.797,3.196,67.0,1.951,0.983,96.19,12.973,Shift B,compressor_degradation
2026-09-20 17:45:00,20.24,32.9,68.97,176.93,10.616,6.55,5.697,41.47,4.015,3.31,69.48,1.839,1.007,96.54,13.893,Shift B,compressor_degradation
2026-09-20 18:00:00,18.98,31.78,67.58,174.61,10.45,6.497,5.927,41.7,4.048,3.089,63.68,1.883,0.921,96.75,13.724,Shift B,compressor_degradation
2026-09-20 18:15:00,21.59,31.54,68.66,175.35,10.522,6.45,5.637,40.17,3.963,3.125,67.73,2.11,0.962,96.02,13.732,Shift B,compressor_degradation
2026-09-20 18:30:00,20.42,32.64,69.21,175.12,10.591,6.554,5.855,41.08,3.904,3.444,68.61,2.026,0.971,95.87,13.91,Shift B,compressor_degradation
2026-09-20 18:45:00,19.6,32.81,69.23,174.86,10.953,6.584,5.744,41.25,4.081,3.216,62.94,1.868,0.917,95.91,14.008,Shift B,compressor_degradation
2026-09-20 19:00:00,20.28,32.58,66.79,175.83,10.735,6.503,5.902,40.77,3.918,3.043,72.97,2.104,0.849,96.42,13.971,Shift B,compressor_degradation
2026-09-20 19:15:00,22.39,33.9,69.74,174.34,11.265,6.687,5.919,41.02,4.077,3.159,71.27,2.25,0.956,96.38,14.624,Shift B,compressor_degradation
2026-09-20 19:30:00,21.78,32.29,66.24,175.58,10.335,6.556,5.807,41.53,3.909,3.088,66.53,2.149,1.044,95.86,13.596,Shift B,compressor_degradation
2026-09-20 19:45:00,20.83,33.24,65.26,176.27,10.721,6.463,5.872,41.66,3.964,3.223,66.04,1.771,0.978,96.38,13.923,Shift B,compressor_degradation
2026-09-20 20:00:00,21.8,33.05,65.42,175.62,10.188,6.438,5.836,40.2,4.112,3.225,73.36,2.114,0.966,96.0,13.366,Shift B,compressor_degradation
2026-09-20 20:15:00,19.49,31.75,68.13,174.92,10.508,6.529,5.76,41.35,4.06,3.103,64.48,2.021,0.972,95.67,13.79,Shift B,compressor_degradation
2026-09-20 20:30:00,21.04,31.91,65.18,177.05,10.569,6.661,5.934,41.69,4.015,3.351,65.52,1.815,0.945,95.92,13.697,Shift B,compressor_degradation
2026-09-20 20:45:00,21.19,32.93,63.5,176.85,11.37,6.468,5.783,40.76,4.013,3.192,70.51,1.888,0.956,96.57,14.548,Shift B,compressor_degradation
2026-09-20 21:00:00,20.39,34.45,66.18,175.19,10.878,6.61,5.672,40.72,4.031,3.167,62.15,2.112,0.923,96.18,14.108,Shift B,compressor_degradation
2026-09-20 21:15:00,21.57,33.25,68.04,175.06,11.188,6.559,5.717,41.56,3.938,3.061,67.17,2.027,0.983,95.75,14.452,Shift B,compressor_degradation
2026-09-20 21:30:00,19.99,31.32,63.59,175.53,10.558,6.749,5.753,39.02,3.858,3.053,66.24,1.956,0.913,96.27,13.786,Shift B,compressor_degradation
2026-09-20 21:45:00,21.66,30.1,65.06,177.16,10.647,6.589,5.694,40.95,4.061,3.012,65.39,1.967,0.944,96.23,13.868,Shift B,compressor_degradation
2026-09-20 22:00:00,0.72,33.05,64.07,29.42,0.1,3.998,0.59,33.01,4.169,0.981,5.89,0.162,0.12,92.18,0.602,Idle,normal
2026-09-20 22:15:00,0.0,32.25,60.2,30.9,0.443,3.961,0.521,29.52,4.073,0.912,4.28,0.115,0.12,92.06,1.108,Idle,normal
2026-09-20 22:30:00,1.55,33.09,60.88,30.41,0.984,4.055,0.575,32.36,4.042,1.078,5.13,0.149,0.12,91.92,1.614,Idle,normal
2026-09-20 22:45:00,0.0,31.3,57.68,28.26,0.494,3.976,0.627,32.03,3.888,0.942,6.86,0.07,0.12,91.68,0.968,Idle,normal
2026-09-20 23:00:00,0.0,32.11,59.26,30.27,0.219,4.006,0.526,30.44,4.1,1.084,3.19,0.175,0.12,92.08,0.734,Idle,normal
2026-09-20 23:15:00,1.33,32.31,57.85,30.21,0.284,3.897,0.671,32.12,4.061,1.049,6.09,0.208,0.12,92.24,0.919,Idle,normal
2026-09-20 23:30:00,0.0,31.08,57.75,30.36,0.339,3.989,0.623,32.37,4.084,1.065,5.38,0.114,0.12,92.75,0.845,Idle,normal
2026-09-20 23:45:00,0.0,30.88,56.52,30.58,1.059,3.945,0.617,30.61,4.111,1.09,6.27,0.168,0.12,92.6,1.518,Idle,normal
2026-09-21 00:00:00,0.0,31.02,56.93,31.5,0.782,3.951,0.6,30.99,4.167,1.199,5.97,0.142,0.12,92.41,1.366,Idle,normal
2026-09-21 00:15:00,1.33,31.2,58.06,30.41,0.441,4.121,0.545,31.55,3.897,0.915,4.34,0.154,0.12,91.65,0.755,Idle,normal
2026-09-21 00:30:00,0.0,30.52,56.28,30.02,0.388,4.012,0.568,32.27,3.877,1.085,5.0,0.14,0.12,92.4,0.958,Idle,normal
2026-09-21 00:45:00,1.47,31.06,52.34,31.15,0.455,4.061,0.618,31.13,4.023,1.04,3.54,0.138,0.12,91.75,1.047,Idle,normal
2026-09-21 01:00:00,0.0,29.67,54.14,32.24,0.523,4.043,0.567,31.39,3.91,1.106,4.48,0.117,0.12,92.66,1.042,Idle,normal
2026-09-21 01:15:00,0.0,28.72,52.19,30.92,0.205,4.049,0.609,30.84,3.889,1.011,5.03,0.106,0.12,92.64,0.822,Idle,normal
2026-09-21 01:30:00,0.0,31.1,55.35,30.21,0.1,3.99,0.555,31.55,4.13,1.118,5.3,0.194,0.12,92.32,0.727,Idle,normal
2026-09-21 01:45:00,0.0,28.78,55.52,30.43,0.711,4.08,0.623,32.22,3.898,0.871,5.79,0.083,0.12,92.6,1.116,Idle,normal
2026-09-21 02:00:00,1.13,28.55,54.72,30.26,0.358,4.042,0.626,31.46,3.997,0.9,6.58,0.149,0.12,92.66,0.873,Idle,normal
2026-09-21 02:15:00,0.95,28.69,52.35,30.02,0.682,4.002,0.519,31.03,3.836,0.943,4.56,0.147,0.12,92.34,1.135,Idle,normal
2026-09-21 02:30:00,0.0,28.53,54.18,32.17,0.926,4.013,0.603,31.33,4.004,0.993,6.14,0.148,0.12,92.3,1.429,Idle,normal
2026-09-21 02:45:00,0.0,27.91,52.54,29.25,0.532,3.993,0.524,30.61,4.114,1.005,5.27,0.177,0.12,91.82,1.143,Idle,normal
2026-09-21 03:00:00,0.0,27.95,51.03,31.15,0.475,4.003,0.507,30.45,4.117,0.926,3.69,0.135,0.12,92.2,1.01,Idle,normal
2026-09-21 03:15:00,1.68,27.68,54.66,29.87,1.47,3.998,0.57,32.23,4.099,0.901,4.85,0.176,0.12,91.95,1.917,Idle,normal
2026-09-21 03:30:00,0.0,27.61,54.71,28.52,0.422,4.019,0.74,32.68,3.987,0.934,5.12,0.229,0.12,91.91,1.009,Idle,normal
2026-09-21 03:45:00,2.09,25.34,54.92,29.81,0.1,4.087,0.639,29.69,4.097,0.829,4.16,0.144,0.12,92.04,0.535,Idle,normal
2026-09-21 04:00:00,0.0,28.5,51.78,29.45,0.252,3.94,0.67,31.86,4.041,0.971,3.96,0.069,0.12,91.6,0.733,Idle,normal
2026-09-21 04:15:00,0.0,26.66,55.38,30.58,0.893,4.057,0.63,31.91,3.947,0.994,3.93,0.144,0.12,92.66,1.551,Idle,normal
2026-09-21 04:30:00,0.0,27.03,52.09,30.09,0.1,3.982,0.61,30.27,4.03,1.044,4.46,0.14,0.12,92.38,0.845,Idle,normal
2026-09-21 04:45:00,0.0,25.26,54.48,28.98,0.1,4.063,0.645,30.74,4.074,1.017,4.14,0.166,0.12,92.68,0.792,Idle,normal
2026-09-21 05:00:00,0.0,25.79,52.28,31.47,0.737,3.983,0.568,30.65,3.854,1.179,6.23,0.07,0.12,92.62,1.306,Idle,normal
2026-09-21 05:15:00,0.12,25.45,53.03,31.09,0.255,4.021,0.624,32.64,3.88,1.081,2.55,0.163,0.12,92.5,0.829,Idle,normal
2026-09-21 05:30:00,0.0,27.0,48.84,31.59,0.311,3.992,0.659,32.59,3.978,1.074,5.11,0.133,0.12,92.62,0.952,Idle,normal
2026-09-21 05:45:00,0.0,25.21,53.32,30.24,0.726,3.913,0.635,30.37,3.863,1.036,5.53,0.182,0.12,92.36,1.29,Idle,normal
2026-09-21 06:00:00,20.51,26.14,54.39,181.82,12.118,6.447,5.761,39.5,3.865,3.103,67.72,1.894,0.882,96.36,15.139,Shift A,compressor_degradation
2026-09-21 06:15:00,18.66,24.89,53.7,181.17,11.405,6.561,5.429,40.97,3.942,3.011,64.9,1.821,0.959,95.74,14.581,Shift A,compressor_degradation
2026-09-21 06:30:00,20.02,24.94,58.37,179.64,10.968,6.656,5.699,40.97,4.083,3.056,65.22,1.823,0.956,95.95,13.981,Shift A,compressor_degradation
2026-09-21 06:45:00,19.82,25.02,52.91,179.43,11.576,6.697,5.514,41.42,4.081,3.239,65.81,1.813,1.045,95.87,14.8,Shift A,compressor_degradation
2026-09-21 07:00:00,19.87,26.16,54.51,180.09,11.686,6.435,5.753,39.82,4.021,3.056,63.89,2.018,0.903,96.65,14.904,Shift A,compressor_degradation
2026-09-21 07:15:00,23.6,23.56,54.26,180.43,11.795,6.398,5.782,41.06,3.996,2.881,71.2,2.146,1.017,95.72,15.125,Shift A,compressor_degradation
2026-09-21 07:30:00,21.07,23.98,55.39,178.54,10.825,6.556,5.784,39.93,4.189,3.106,63.03,2.07,0.941,96.44,14.094,Shift A,compressor_degradation
2026-09-21 07:45:00,21.32,23.45,59.06,180.74,11.869,6.661,5.817,40.99,3.924,3.094,68.17,1.871,0.998,95.45,14.992,Shift A,compressor_degradation
2026-09-21 08:00:00,18.69,24.13,60.46,181.45,12.437,6.586,5.631,40.4,4.005,3.04,62.79,2.056,0.963,95.95,15.671,Shift A,compressor_degradation
2026-09-21 08:15:00,20.15,24.36,56.62,180.66,11.54,6.618,5.633,41.97,3.923,2.834,64.85,2.004,0.94,95.87,14.588,Shift A,compressor_degradation
2026-09-21 08:30:00,21.28,23.74,57.11,179.31,11.226,6.414,5.752,40.83,3.85,3.134,65.95,1.97,0.918,95.61,14.317,Shift A,compressor_degradation
2026-09-21 08:45:00,19.67,24.49,56.79,179.09,10.839,6.493,5.822,40.33,4.1,3.062,65.21,2.101,0.919,95.74,13.894,Shift A,compressor_degradation
2026-09-21 09:00:00,22.18,23.52,62.28,180.07,11.656,6.33,5.78,40.58,3.948,2.978,69.47,2.061,0.911,96.12,14.803,Shift A,compressor_degradation
2026-09-21 09:15:00,19.44,24.4,62.49,179.5,11.478,6.536,5.669,40.39,4.051,3.152,65.39,2.075,0.951,95.84,14.529,Shift A,compressor_degradation
2026-09-21 09:30:00,20.63,26.26,60.61,179.96,12.356,6.334,5.671,39.7,3.964,2.857,69.36,1.964,0.807,95.61,15.521,Shift A,compressor_degradation
2026-09-21 09:45:00,20.24,25.74,58.62,179.99,11.668,6.683,5.837,42.23,4.112,3.073,69.35,1.819,0.914,96.26,14.678,Shift A,compressor_degradation
2026-09-21 10:00:00,21.21,25.69,59.39,180.34,11.783,6.705,5.782,41.93,3.887,2.989,68.02,1.918,1.0,95.93,14.9,Shift A,compressor_degradation
2026-09-21 10:15:00,20.17,24.87,62.93,177.97,11.326,6.564,5.618,40.34,4.1,3.195,68.2,2.195,0.986,96.12,14.522,Shift A,compressor_degradation
2026-09-21 10:30:00,20.65,24.6,64.27,179.18,11.61,6.399,5.74,41.09,4.072,3.063,72.66,1.891,0.867,96.35,14.739,Shift A,compressor_degradation
2026-09-21 10:45:00,20.69,25.08,59.62,178.44,10.971,6.588,5.713,42.2,3.805,2.939,62.38,2.002,0.977,96.53,14.034,Shift A,compressor_degradation
2026-09-21 11:00:00,20.05,26.14,63.69,178.55,11.95,6.736,5.87,41.73,3.937,3.169,69.27,1.997,0.883,95.19,15.246,Shift A,compressor_degradation
2026-09-21 11:15:00,21.63,27.06,68.13,179.35,11.493,6.598,5.792,40.52,4.094,2.839,72.1,2.093,0.941,95.93,14.647,Shift A,compressor_degradation
2026-09-21 11:30:00,21.31,27.29,65.01,179.3,11.541,6.668,5.613,40.6,4.157,3.145,68.48,1.995,0.994,95.38,14.701,Shift A,compressor_degradation
2026-09-21 11:45:00,20.88,27.28,68.96,179.56,11.697,6.501,5.813,39.42,4.065,2.96,72.51,2.065,0.902,96.92,14.804,Shift A,compressor_degradation
2026-09-21 12:00:00,20.44,26.41,67.8,178.43,11.269,6.463,5.941,41.43,3.95,3.015,71.72,2.069,1.017,96.04,14.549,Shift A,compressor_degradation
2026-09-21 12:15:00,22.04,27.25,64.83,177.73,11.667,6.543,5.966,41.89,3.896,3.048,66.82,1.951,0.977,96.33,14.989,Shift A,compressor_degradation
2026-09-21 12:30:00,20.69,27.21,66.89,177.42,10.758,6.357,5.609,41.66,4.05,3.175,65.84,1.96,0.971,95.77,14.127,Shift A,compressor_degradation
2026-09-21 12:45:00,20.6,27.55,67.68,175.78,11.046,6.776,5.704,41.31,3.952,3.302,68.13,1.861,1.001,95.82,14.163,Shift A,compressor_degradation
2026-09-21 13:00:00,21.14,29.59,66.46,178.69,11.331,6.564,5.764,41.23,3.964,2.942,65.15,1.854,0.998,96.37,14.435,Shift A,compressor_degradation
2026-09-21 13:15:00,23.21,26.81,66.83,176.87,11.439,6.637,5.89,40.01,3.969,3.115,77.02,1.962,1.019,96.15,14.508,Shift A,compressor_degradation
2026-09-21 13:30:00,19.26,28.29,72.15,177.55,10.789,6.504,5.701,41.06,4.085,3.326,67.7,2.094,0.898,96.58,14.073,Shift A,compressor_degradation
2026-09-21 13:45:00,22.0,29.71,67.53,177.57,10.979,6.396,5.779,40.46,4.183,3.082,67.94,2.066,0.908,95.7,14.054,Shift A,compressor_degradation
2026-09-21 14:00:00,18.54,27.83,71.95,175.5,10.841,6.693,5.502,41.06,4.098,3.035,60.45,1.979,0.908,95.86,13.944,Shift B,compressor_degradation
2026-09-21 14:15:00,21.28,28.75,69.2,175.69,10.951,6.438,5.891,40.35,4.0,3.131,67.91,2.084,0.979,96.12,14.296,Shift B,compressor_degradation
2026-09-21 14:30:00,23.05,29.1,70.26,178.03,10.992,6.585,5.748,41.31,3.91,3.19,65.19,2.06,0.912,96.23,14.162,Shift B,compressor_degradation
2026-09-21 14:45:00,21.64,29.6,71.65,176.64,11.404,6.594,5.702,41.97,4.069,3.194,69.75,1.961,0.989,96.11,14.516,Shift B,compressor_degradation
2026-09-21 15:00:00,21.22,28.76,69.5,175.65,11.075,6.557,5.638,41.1,4.166,3.085,59.59,2.063,0.973,95.48,14.345,Shift B,compressor_degradation
2026-09-21 15:15:00,20.27,30.76,71.96,175.99,10.732,6.472,5.79,41.32,4.107,3.072,70.4,2.053,0.934,95.62,13.976,Shift B,compressor_degradation
2026-09-21 15:30:00,21.04,31.06,66.83,177.1,10.779,6.535,5.775,41.8,4.029,3.283,65.66,2.217,0.956,96.1,13.972,Shift B,compressor_degradation
2026-09-21 15:45:00,20.67,31.18,71.86,176.86,11.005,6.455,5.846,42.55,3.96,3.07,61.53,1.959,0.951,95.43,14.198,Shift B,compressor_degradation
2026-09-21 16:00:00,19.98,30.3,66.06,174.37,10.943,6.631,5.604,40.82,4.04,2.947,65.93,2.082,0.962,95.6,13.999,Shift B,compressor_degradation
2026-09-21 16:15:00,20.62,31.29,70.53,177.39,10.395,6.607,5.587,41.39,4.125,3.018,66.61,2.059,0.985,96.0,13.617,Shift B,compressor_degradation
2026-09-21 16:30:00,21.26,30.72,72.63,176.66,11.034,6.548,5.722,42.22,4.03,3.088,66.94,1.977,1.099,95.69,14.241,Shift B,compressor_degradation
2026-09-21 16:45:00,20.0,31.37,72.07,175.48,10.937,6.493,5.678,41.57,3.999,3.304,70.14,2.065,0.948,96.02,14.283,Shift B,compressor_degradation
2026-09-21 17:00:00,19.95,33.55,68.1,174.39,9.885,6.761,5.722,39.64,3.949,3.071,67.1,2.226,0.907,95.88,13.018,Shift B,compressor_degradation
2026-09-21 17:15:00,19.23,32.08,68.18,176.6,10.793,6.42,5.452,40.37,4.271,3.341,67.7,2.004,0.835,95.69,13.945,Shift B,compressor_degradation
2026-09-21 17:30:00,21.51,31.22,68.94,176.0,11.106,6.396,5.848,41.73,3.92,3.276,66.61,1.992,0.888,95.68,14.331,Shift B,compressor_degradation
2026-09-21 17:45:00,21.71,32.47,70.44,174.05,11.08,6.542,5.695,40.81,3.916,3.19,68.82,2.138,0.923,96.35,14.312,Shift B,compressor_degradation
2026-09-21 18:00:00,21.3,31.38,65.73,175.27,11.094,6.524,5.7,42.2,4.026,2.902,63.25,2.07,0.99,96.07,14.189,Shift B,compressor_degradation
2026-09-21 18:15:00,22.25,31.63,69.46,178.63,11.239,6.66,5.976,42.74,3.99,3.04,68.8,2.263,0.947,96.07,14.34,Shift B,compressor_degradation
2026-09-21 18:30:00,21.11,31.86,69.76,175.54,10.441,6.615,5.505,40.49,4.114,3.109,64.73,2.107,0.974,95.96,13.644,Shift B,compressor_degradation
2026-09-21 18:45:00,21.51,32.43,68.2,174.81,10.2,6.553,5.829,40.39,4.119,3.356,71.32,2.004,0.922,95.6,13.457,Shift B,compressor_degradation
2026-09-21 19:00:00,21.39,33.61,69.41,174.58,11.207,6.6,5.822,41.02,3.897,3.13,67.48,2.252,0.98,95.72,14.411,Shift B,compressor_degradation
2026-09-21 19:15:00,20.88,33.39,68.38,177.4,11.223,6.598,5.655,40.85,3.942,3.109,68.78,2.06,0.994,95.14,14.363,Shift B,compressor_degradation
2026-09-21 19:30:00,20.31,33.38,66.4,176.54,11.218,6.76,5.665,42.42,3.93,3.204,67.07,2.17,0.924,95.74,14.34,Shift B,compressor_degradation
2026-09-21 19:45:00,23.88,32.11,63.13,177.17,10.94,6.575,6.079,40.53,4.091,3.034,74.91,2.166,1.008,95.76,14.088,Shift B,compressor_degradation
2026-09-21 20:00:00,20.41,32.57,66.77,176.08,11.057,6.482,5.96,41.91,4.057,3.178,61.69,2.116,0.923,96.14,14.41,Shift B,compressor_degradation
2026-09-21 20:15:00,20.13,33.21,64.07,177.18,10.351,6.57,5.836,42.4,3.98,3.106,65.78,2.117,0.88,95.77,13.607,Shift B,compressor_degradation
2026-09-21 20:30:00,21.56,32.46,64.29,175.17,10.53,6.288,6.02,42.0,4.035,3.446,64.53,2.013,0.986,96.2,13.763,Shift B,compressor_degradation
2026-09-21 20:45:00,21.33,32.7,65.85,176.28,10.915,6.547,5.697,41.5,3.902,3.079,61.05,2.049,0.977,95.87,14.292,Shift B,compressor_degradation
2026-09-21 21:00:00,19.17,33.22,67.16,176.52,10.943,6.659,5.461,40.91,3.943,3.376,62.18,1.934,0.96,96.01,14.01,Shift B,compressor_degradation
2026-09-21 21:15:00,22.46,32.51,63.68,177.73,11.758,6.61,5.841,42.71,3.884,3.052,71.73,2.122,1.017,95.98,15.049,Shift B,compressor_degradation
2026-09-21 21:30:00,20.88,32.88,64.28,176.8,10.804,6.58,5.849,41.07,4.03,3.21,66.7,2.051,0.938,96.21,14.041,Shift B,compressor_degradation
2026-09-21 21:45:00,19.56,33.86,59.7,175.99,10.393,6.615,5.451,41.85,4.034,3.252,64.94,1.926,0.926,96.37,13.406,Shift B,compressor_degradation
2026-09-21 22:00:00,1.55,32.33,62.49,30.53,0.1,4.061,0.532,31.48,3.915,1.014,5.56,0.208,0.12,91.97,0.659,Idle,normal
2026-09-21 22:15:00,0.81,33.27,61.29,29.48,0.109,3.997,0.618,30.27,4.059,1.008,4.87,0.12,0.12,92.9,0.623,Idle,normal
2026-09-21 22:30:00,0.0,32.62,63.28,30.33,1.127,4.093,0.628,31.48,4.12,1.086,6.58,0.17,0.12,92.01,1.64,Idle,normal
2026-09-21 22:45:00,2.31,30.83,59.16,30.97,0.615,3.971,0.567,31.39,3.904,1.042,5.52,0.151,0.12,92.26,1.253,Idle,normal
2026-09-21 23:00:00,0.86,30.95,59.19,29.91,0.739,4.011,0.683,31.48,3.975,0.983,3.33,0.2,0.12,92.11,1.348,Idle,normal
2026-09-21 23:15:00,0.0,30.97,61.22,32.63,0.266,3.978,0.617,31.03,4.059,0.933,5.99,0.118,0.12,92.89,0.833,Idle,normal
2026-09-21 23:30:00,2.07,30.75,58.37,29.48,0.349,4.104,0.55,32.0,4.006,0.983,4.34,0.173,0.12,91.92,0.851,Idle,normal
2026-09-21 23:45:00,0.21,31.15,55.8,31.0,0.595,4.009,0.681,32.2,3.871,0.982,5.8,0.247,0.12,92.58,1.193,Idle,normal
2026-09-22 00:00:00,0.0,31.49,62.6,30.76,0.173,4.106,0.574,31.33,3.966,0.98,5.3,0.092,0.12,91.55,0.675,Idle,normal
2026-09-22 00:15:00,0.0,31.77,54.84,29.3,0.248,3.979,0.609,31.37,3.964,1.008,2.36,0.114,0.12,92.57,0.813,Idle,normal
2026-09-22 00:30:00,0.76,30.78,56.39,29.58,0.114,4.076,0.576,30.68,3.99,0.859,5.6,0.233,0.12,92.22,0.546,Idle,normal
2026-09-22 00:45:00,0.62,29.93,56.76,31.02,0.193,4.006,0.631,31.69,3.991,0.897,4.78,0.145,0.12,92.19,0.514,Idle,normal
2026-09-22 01:00:00,0.02,28.37,56.17,30.14,0.367,4.042,0.576,32.43,4.154,1.083,4.54,0.155,0.12,92.06,1.022,Idle,normal
2026-09-22 01:15:00,0.0,29.84,54.85,30.34,0.1,3.939,0.579,32.55,3.982,0.775,4.58,0.137,0.12,92.29,0.564,Idle,normal
2026-09-22 01:30:00,0.17,29.54,54.49,28.36,0.45,4.017,0.592,30.95,3.83,1.12,5.79,0.216,0.12,92.13,1.07,Idle,normal
2026-09-22 01:45:00,0.0,29.41,54.05,30.66,0.45,3.947,0.575,33.0,4.011,0.944,4.08,0.085,0.12,91.79,0.888,Idle,normal
2026-09-22 02:00:00,0.0,30.68,51.97,30.29,0.287,4.013,0.654,31.27,4.182,1.167,6.11,0.199,0.12,92.03,0.867,Idle,normal
2026-09-22 02:15:00,0.0,29.73,58.23,29.94,0.1,3.924,0.537,30.59,3.986,1.123,3.48,0.091,0.12,92.58,0.752,Idle,normal
2026-09-22 02:30:00,0.73,29.11,53.25,30.36,0.387,3.995,0.598,30.31,3.957,0.967,5.3,0.087,0.12,92.17,0.922,Idle,normal
2026-09-22 02:45:00,0.0,27.45,54.67,29.59,0.173,4.055,0.604,30.41,3.963,0.978,5.77,0.107,0.12,92.01,0.864,Idle,normal
2026-09-22 03:00:00,0.27,27.55,52.64,29.41,0.366,4.027,0.594,31.54,4.053,1.159,5.75,0.145,0.12,92.3,1.005,Idle,normal
2026-09-22 03:15:00,0.0,27.64,52.46,29.76,0.734,3.938,0.648,31.11,3.964,1.127,5.18,0.121,0.12,92.46,1.248,Idle,normal
2026-09-22 03:30:00,1.7,26.85,52.17,29.54,0.1,3.905,0.525,30.66,3.84,1.097,4.79,0.119,0.12,92.52,0.663,Idle,normal
2026-09-22 03:45:00,0.0,27.63,49.92,32.18,1.111,4.025,0.628,30.62,3.927,1.114,4.45,0.113,0.12,92.47,1.802,Idle,normal
2026-09-22 04:00:00,0.86,27.29,52.68,30.91,0.325,4.079,0.538,30.34,3.987,0.891,3.78,0.114,0.12,92.75,0.82,Idle,normal
2026-09-22 04:15:00,0.0,25.91,52.21,29.03,0.494,3.952,0.575,30.41,4.041,1.021,4.31,0.113,0.12,92.29,1.065,Idle,normal
2026-09-22 04:30:00,0.15,27.52,55.42,32.04,0.1,4.105,0.533,32.04,3.936,0.923,4.04,0.159,0.12,92.27,0.709,Idle,normal
2026-09-22 04:45:00,0.96,26.44,50.78,29.57,0.75,4.0,0.583,32.62,3.96,0.889,3.87,0.125,0.12,92.59,1.054,Idle,normal
2026-09-22 05:00:00,0.0,24.79,52.15,30.03,0.306,3.902,0.571,32.53,3.988,1.016,6.8,0.043,0.12,92.05,0.862,Idle,normal
2026-09-22 05:15:00,1.3,25.95,51.68,30.9,0.212,3.922,0.682,31.75,3.91,0.959,3.28,0.149,0.12,92.18,0.86,Idle,normal
2026-09-22 05:30:00,0.0,26.05,56.57,28.03,0.149,4.038,0.612,30.77,3.979,0.983,6.13,0.18,0.12,91.69,0.624,Idle,normal
2026-09-22 05:45:00,0.38,26.45,52.19,29.76,0.256,4.006,0.622,30.67,4.037,0.95,3.76,0.139,0.12,92.93,0.86,Idle,normal
2026-09-22 06:00:00,22.2,25.27,55.33,180.13,11.954,6.392,5.866,41.27,3.866,2.909,65.51,1.975,0.872,96.68,15.084,Shift A,compressor_degradation
2026-09-22 06:15:00,21.86,26.07,56.46,182.48,12.877,6.571,5.821,40.51,4.019,3.231,70.12,2.14,0.981,95.83,16.01,Shift A,compressor_degradation
2026-09-22 06:30:00,23.49,25.45,54.57,180.49,12.036,6.688,5.766,40.95,3.877,3.054,62.45,2.016,0.949,96.21,15.27,Shift A,compressor_degradation
2026-09-22 06:45:00,20.01,24.16,52.48,181.17,11.785,6.608,5.682,42.01,3.874,2.871,64.37,1.975,1.05,96.17,14.903,Shift A,compressor_degradation
2026-09-22 07:00:00,19.21,24.0,52.91,179.88,11.195,6.443,5.648,40.6,3.914,3.033,67.13,1.827,0.907,96.02,14.268,Shift A,compressor_degradation
2026-09-22 07:15:00,19.71,25.97,57.79,181.06,11.798,6.66,5.716,42.45,4.124,3.22,69.41,2.039,0.999,96.35,15.068,Shift A,compressor_degradation
2026-09-22 07:30:00,21.86,25.99,54.0,178.85,11.539,6.519,5.85,39.82,3.816,3.139,69.09,1.995,1.02,95.54,14.689,Shift A,compressor_degradation
2026-09-22 07:45:00,21.65,25.27,57.78,179.78,11.872,6.341,5.712,40.93,3.939,2.988,65.47,2.064,0.947,95.89,15.086,Shift A,compressor_degradation
2026-09-22 08:00:00,21.13,26.2,57.73,178.96,11.623,6.652,5.86,40.99,3.986,3.011,66.87,1.968,0.917,95.25,14.714,Shift A,compressor_degradation
2026-09-22 08:15:00,19.54,25.85,58.77,179.47,11.361,6.455,5.735,39.84,4.104,2.968,66.46,1.936,0.928,95.61,14.599,Shift A,compressor_degradation
2026-09-22 08:30:00,22.0,25.58,59.5,181.23,12.364,6.728,5.733,41.25,4.181,2.991,72.48,2.223,1.021,95.35,15.672,Shift A,compressor_degradation
2026-09-22 08:45:00,19.41,24.35,57.24,179.27,11.228,6.665,5.527,41.6,3.939,2.957,68.23,1.797,1.047,95.33,14.408,Shift A,compressor_degradation
2026-09-22 09:00:00,22.51,26.52,57.72,180.49,11.357,6.527,5.773,42.47,4.044,2.924,71.04,2.052,0.908,95.76,14.533,Shift A,compressor_degradation
2026-09-22 09:15:00,24.71,25.64,61.67,181.17,12.356,6.596,5.806,40.99,3.977,3.005,70.44,2.21,0.997,96.05,15.551,Shift A,compressor_degradation
2026-09-22 09:30:00,21.48,25.0,59.57,179.49,11.401,6.792,5.814,39.09,3.974,3.072,64.12,2.158,0.927,95.73,14.561,Shift A,compressor_degradation
2026-09-22 09:45:00,21.76,24.88,55.91,180.38,11.5,6.65,5.948,41.07,4.011,2.997,63.36,2.162,0.943,95.75,14.675,Shift A,compressor_degradation
2026-09-22 10:00:00,20.36,25.74,63.3,179.78,11.332,6.574,5.892,41.32,3.828,3.061,65.42,1.988,1.03,95.7,14.536,Shift A,compressor_degradation
2026-09-22 10:15:00,18.65,24.34,60.52,179.22,11.256,6.839,5.488,40.16,3.977,3.188,66.88,1.905,0.885,96.02,14.293,Shift A,compressor_degradation
2026-09-22 10:30:00,20.22,26.39,64.11,179.71,11.097,6.562,5.807,40.89,4.035,3.251,64.69,2.009,0.862,95.75,14.331,Shift A,compressor_degradation
2026-09-22 10:45:00,19.58,25.23,66.54,180.64,11.53,6.608,5.685,40.16,3.899,3.029,67.34,1.92,0.945,95.58,14.586,Shift A,compressor_degradation
2026-09-22 11:00:00,19.12,26.47,64.36,178.01,11.484,6.456,5.36,40.33,4.036,3.157,62.82,1.743,0.948,96.33,14.461,Shift A,compressor_degradation
2026-09-22 11:15:00,23.24,25.95,66.88,177.53,10.638,6.383,5.854,41.53,3.815,3.026,66.99,2.026,0.958,95.68,13.799,Shift A,compressor_degradation
2026-09-22 11:30:00,21.35,26.35,65.75,177.31,10.938,6.521,5.728,41.78,3.999,3.015,71.44,2.165,0.922,95.54,14.058,Shift A,compressor_degradation
2026-09-22 11:45:00,21.49,26.17,69.16,179.16,11.024,6.554,5.935,39.77,4.123,2.959,69.64,2.061,0.966,96.23,14.202,Shift A,compressor_degradation
2026-09-22 12:00:00,20.6,26.87,64.38,179.13,11.085,6.583,5.631,40.24,3.97,3.08,65.62,2.193,0.88,95.38,14.302,Shift A,compressor_degradation
2026-09-22 12:15:00,20.78,28.74,66.98,177.3,10.882,6.408,5.814,39.64,3.901,3.208,64.21,2.175,0.97,96.41,14.078,Shift A,compressor_degradation
2026-09-22 12:30:00,22.25,28.58,68.83,175.54,10.556,6.616,5.822,42.38,3.856,2.965,70.88,2.011,0.95,95.58,13.622,Shift A,compressor_degradation
2026-09-22 12:45:00,20.96,28.0,67.55,176.84,11.1,6.467,5.584,41.4,4.035,3.068,69.49,2.021,1.021,96.0,14.235,Shift A,compressor_degradation
2026-09-22 13:00:00,21.69,27.94,70.67,177.9,11.611,6.611,5.735,39.2,4.089,3.067,69.44,2.093,0.976,95.65,14.713,Shift A,compressor_degradation
2026-09-22 13:15:00,20.75,28.89,67.9,177.13,11.217,6.643,5.929,40.95,3.994,3.134,66.14,2.038,0.941,95.98,14.559,Shift A,compressor_degradation
2026-09-22 13:30:00,20.56,29.38,73.28,177.22,11.279,6.51,5.713,40.67,3.955,3.142,63.22,2.082,0.935,95.8,14.416,Shift A,compressor_degradation
2026-09-22 13:45:00,19.17,28.07,73.73,176.37,10.212,6.454,5.759,40.22,3.803,3.133,65.21,1.968,0.833,95.62,13.365,Shift A,compressor_degradation
2026-09-22 14:00:00,18.43,28.94,70.36,177.76,10.749,6.704,5.708,41.69,4.012,3.302,68.81,1.933,0.915,95.43,13.974,Shift B,compressor_degradation
2026-09-22 14:15:00,20.66,27.8,71.18,176.95,11.053,6.637,5.686,41.57,3.926,2.998,63.87,2.016,0.938,95.78,14.087,Shift B,compressor_degradation
2026-09-22 14:30:00,21.07,30.42,72.7,177.06,11.245,6.565,5.61,41.13,3.943,3.04,67.11,2.032,0.955,96.14,14.312,Shift B,compressor_degradation
2026-09-22 14:45:00,19.33,31.43,68.15,176.51,11.336,6.697,5.521,40.43,4.171,3.194,70.3,1.952,0.922,96.2,14.409,Shift B,compressor_degradation
2026-09-22 15:00:00,20.96,30.1,68.07,176.76,11.263,6.558,5.932,40.59,3.824,3.263,65.95,2.048,1.023,95.72,14.617,Shift B,compressor_degradation
2026-09-22 15:15:00,21.07,28.59,73.34,176.58,11.192,6.488,5.782,40.92,3.832,2.945,66.58,1.98,0.939,95.71,14.475,Shift B,compressor_degradation
2026-09-22 15:30:00,18.2,31.02,71.47,175.09,11.469,6.45,5.384,40.45,4.031,3.184,60.33,1.927,0.876,95.87,14.685,Shift B,compressor_degradation
2026-09-22 15:45:00,19.81,30.05,70.53,176.29,10.776,6.539,5.789,41.0,3.966,3.108,67.7,2.038,0.854,95.96,14.05,Shift B,compressor_degradation
2026-09-22 16:00:00,21.53,30.47,71.02,176.63,10.821,6.627,5.577,41.34,3.954,3.22,65.15,1.929,0.936,95.96,13.863,Shift B,compressor_degradation
2026-09-22 16:15:00,21.5,31.72,66.21,176.91,11.018,6.689,5.691,39.85,4.038,3.227,62.69,2.067,0.906,95.82,14.145,Shift B,compressor_degradation
2026-09-22 16:30:00,19.5,31.64,70.54,176.11,10.38,6.552,5.68,40.45,4.036,3.167,62.69,1.943,0.869,95.82,13.631,Shift B,compressor_degradation
2026-09-22 16:45:00,21.21,31.25,69.32,174.67,10.83,6.671,6.075,41.26,3.912,3.194,67.71,1.987,0.939,95.82,14.226,Shift B,compressor_degradation
2026-09-22 17:00:00,22.33,31.31,72.53,174.77,10.295,6.529,5.938,42.45,3.95,3.084,63.36,1.978,1.025,95.07,13.59,Shift B,compressor_degradation
2026-09-22 17:15:00,22.01,32.11,72.51,175.11,10.686,6.472,5.763,41.83,4.017,3.249,63.65,2.102,1.011,95.79,14.007,Shift B,compressor_degradation
2026-09-22 17:30:00,20.88,31.85,71.47,175.71,10.752,6.419,5.756,41.12,4.028,3.304,68.47,1.936,0.886,96.22,13.913,Shift B,compressor_degradation
2026-09-22 17:45:00,20.39,31.44,70.86,175.38,11.071,6.499,5.834,41.46,4.058,3.171,66.14,1.98,0.947,96.42,14.416,Shift B,compressor_degradation
2026-09-22 18:00:00,20.18,32.2,66.8,174.38,11.118,6.873,4.582,34.15,3.954,3.125,63.42,1.982,0.963,96.32,13.948,Shift B,normal
2026-09-22 18:15:00,21.61,32.86,70.66,174.38,10.513,7.201,4.467,35.07,4.05,3.171,66.48,1.932,0.989,95.94,13.249,Shift B,normal
2026-09-22 18:30:00,21.25,32.55,70.4,173.42,11.62,7.044,4.449,34.52,4.109,3.264,72.34,2.016,1.035,95.47,14.6,Shift B,normal
2026-09-22 18:45:00,21.82,31.66,71.26,172.43,11.138,6.99,4.409,35.1,4.015,3.157,71.48,1.9,0.903,95.67,13.909,Shift B,normal
2026-09-22 19:00:00,21.17,33.65,72.6,175.45,10.891,7.172,4.55,33.25,4.008,3.076,66.73,2.032,0.91,95.67,13.654,Shift B,normal
2026-09-22 19:15:00,22.06,30.73,64.55,177.95,10.614,6.87,4.647,33.51,3.983,3.237,70.31,1.966,0.932,95.51,13.605,Shift B,normal
2026-09-22 19:30:00,21.12,32.61,66.7,177.49,10.795,6.986,4.235,34.26,3.953,3.075,67.37,2.181,0.972,95.66,13.489,Shift B,normal
2026-09-22 19:45:00,22.02,32.5,65.52,174.78,11.241,7.2,4.474,34.58,3.92,3.211,62.5,2.137,0.828,95.66,14.165,Shift B,normal
2026-09-22 20:00:00,22.13,33.12,66.85,175.98,10.975,6.986,4.382,36.1,3.987,2.998,62.06,2.067,0.954,95.46,13.764,Shift B,normal
2026-09-22 20:15:00,19.95,33.44,66.01,174.46,10.744,7.245,4.415,32.78,4.063,3.208,63.23,1.856,0.85,96.24,13.68,Shift B,normal
2026-09-22 20:30:00,18.65,33.87,64.98,174.7,10.668,7.079,4.17,34.07,3.931,3.187,60.06,1.965,0.924,96.13,13.491,Shift B,normal
2026-09-22 20:45:00,23.01,32.35,66.95,174.92,10.451,7.131,4.422,34.08,4.006,2.976,69.52,2.051,1.08,95.91,13.394,Shift B,normal
2026-09-22 21:00:00,21.33,33.33,62.13,176.01,10.815,7.133,4.615,34.54,3.998,3.223,65.55,2.016,1.001,96.08,13.667,Shift B,normal
2026-09-22 21:15:00,18.77,32.94,61.67,176.17,11.136,7.0,4.306,35.5,4.194,3.088,66.17,2.032,0.864,96.06,13.798,Shift B,normal
2026-09-22 21:30:00,20.07,31.33,61.13,176.73,11.191,6.951,4.397,34.75,4.082,3.169,67.39,2.075,0.92,95.71,14.028,Shift B,normal
2026-09-22 21:45:00,22.0,34.11,61.87,177.27,11.008,6.988,4.572,33.1,4.091,3.17,69.87,2.114,0.92,96.61,13.975,Shift B,normal
2026-09-22 22:00:00,0.0,31.31,59.54,30.85,0.897,4.07,0.558,32.77,4.101,0.852,5.05,0.112,0.12,92.05,1.376,Idle,normal
2026-09-22 22:15:00,0.0,32.66,61.31,29.97,0.1,3.98,0.595,32.88,3.96,0.895,4.28,0.139,0.12,91.72,0.692,Idle,normal
2026-09-22 22:30:00,1.82,32.49,60.49,28.3,0.1,4.078,0.562,31.85,4.152,0.903,3.78,0.124,0.12,92.31,0.634,Idle,normal
2026-09-22 22:45:00,0.0,32.23,58.67,29.77,1.002,3.917,0.622,30.37,4.029,1.098,4.49,0.148,0.12,92.49,1.478,Idle,normal
2026-09-22 23:00:00,0.0,31.43,61.42,29.98,0.552,3.94,0.603,31.47,4.005,1.084,5.52,0.179,0.12,92.19,1.148,Idle,normal
2026-09-22 23:15:00,0.27,32.3,58.99,30.29,0.249,3.993,0.608,32.03,3.892,1.219,4.67,0.149,0.12,92.74,0.849,Idle,normal
2026-09-22 23:30:00,0.51,30.19,60.68,29.26,0.331,3.981,0.586,32.27,3.965,0.949,6.17,0.15,0.12,92.34,0.946,Idle,normal
2026-09-22 23:45:00,0.65,31.17,57.63,31.14,0.1,3.967,0.603,30.15,3.832,0.946,4.86,0.129,0.12,92.04,0.538,Idle,normal
2026-09-23 00:00:00,1.18,30.55,57.45,30.01,0.447,4.007,0.588,30.89,3.981,1.013,5.6,0.177,0.12,92.09,0.931,Idle,normal
2026-09-23 00:15:00,0.26,30.23,55.87,29.08,0.419,3.974,0.639,32.39,3.947,0.964,5.28,0.165,0.12,92.33,0.985,Idle,normal
2026-09-23 00:30:00,0.64,30.87,56.51,29.54,0.357,3.982,0.578,32.73,3.968,0.942,4.6,0.076,0.12,92.32,0.962,Idle,normal
2026-09-23 00:45:00,0.0,31.15,57.49,31.93,0.1,4.014,0.619,31.92,3.87,1.005,5.83,0.079,0.12,92.77,0.602,Idle,normal
2026-09-23 01:00:00,0.08,29.76,54.81,30.66,0.443,3.967,0.535,32.33,4.073,1.07,3.78,0.137,0.12,92.61,1.018,Idle,normal
2026-09-23 01:15:00,0.14,30.4,56.27,31.05,0.165,3.995,0.636,31.89,4.065,0.789,4.45,0.189,0.12,91.78,0.663,Idle,normal
2026-09-23 01:30:00,0.28,29.56,53.23,28.96,0.1,3.968,0.572,32.19,4.171,0.943,4.59,0.197,0.12,92.21,0.617,Idle,normal
2026-09-23 01:45:00,1.0,28.55,56.03,29.31,0.793,3.94,0.554,31.44,4.164,0.86,5.38,0.181,0.12,91.85,1.377,Idle,normal
2026-09-23 02:00:00,0.72,28.79,53.05,29.32,1.109,4.038,0.543,31.72,4.015,0.985,5.63,0.144,0.12,92.79,1.629,Idle,normal
2026-09-23 02:15:00,0.06,28.5,55.63,30.18,1.03,4.085,0.539,30.33,4.1,1.043,4.18,0.209,0.12,91.96,1.535,Idle,normal
2026-09-23 02:30:00,0.0,27.92,53.81,29.83,0.578,4.053,0.576,31.87,4.022,1.112,4.04,0.121,0.12,92.37,1.082,Idle,normal
2026-09-23 02:45:00,0.09,28.56,56.52,29.51,0.257,4.017,0.675,30.4,3.956,0.957,5.08,0.136,0.12,92.04,0.767,Idle,normal
2026-09-23 03:00:00,0.0,28.15,51.0,29.64,0.325,3.968,0.568,31.88,3.969,1.011,3.46,0.093,0.12,91.6,0.78,Idle,normal
2026-09-23 03:15:00,0.25,26.44,50.22,29.21,0.492,3.986,0.49,30.76,4.054,0.832,6.01,0.136,0.12,91.84,0.93,Idle,normal
2026-09-23 03:30:00,2.87,26.15,51.84,29.82,0.203,4.053,0.618,31.47,4.397,0.914,4.78,0.116,0.12,92.21,0.712,Idle,normal
2026-09-23 03:45:00,0.0,27.57,50.25,31.11,0.812,3.886,0.544,30.48,4.111,1.021,3.83,0.212,0.12,92.53,1.371,Idle,normal
2026-09-23 04:00:00,0.55,26.35,50.23,28.49,0.1,3.982,0.641,30.8,4.014,0.864,3.81,0.204,0.12,92.45,0.541,Idle,normal
2026-09-23 04:15:00,1.39,27.02,54.26,30.35,0.246,4.037,0.579,31.51,4.04,1.124,5.31,0.153,0.12,91.84,0.769,Idle,normal
2026-09-23 04:30:00,0.13,27.19,53.07,31.38,0.63,3.943,0.586,31.84,4.04,1.052,5.29,0.169,0.12,92.44,1.145,Idle,normal
2026-09-23 04:45:00,3.04,25.35,52.21,29.82,0.1,4.021,0.66,32.01,3.976,0.91,4.23,0.126,0.12,92.63,0.555,Idle,normal
2026-09-23 05:00:00,0.0,25.04,52.53,29.47,0.266,4.019,0.631,30.17,4.06,0.852,4.89,0.049,0.12,92.47,0.695,Idle,normal
2026-09-23 05:15:00,0.42,27.33,52.28,30.92,0.558,3.927,0.538,30.02,3.978,0.928,3.87,0.12,0.12,92.2,1.119,Idle,normal
2026-09-23 05:30:00,0.0,26.11,56.99,29.02,0.881,4.004,0.545,30.34,3.887,0.91,4.74,0.18,0.12,92.29,1.492,Idle,normal
2026-09-23 05:45:00,0.0,25.34,52.46,29.98,0.1,3.969,0.511,30.19,4.034,0.878,6.48,0.168,0.12,92.35,0.557,Idle,normal
2026-09-23 06:00:00,21.32,24.79,51.56,180.01,11.212,7.048,4.358,34.75,4.045,2.899,69.43,1.875,0.892,96.44,13.886,Shift A,normal
2026-09-23 06:15:00,22.1,25.0,56.11,179.16,11.153,6.914,4.395,34.61,3.969,3.015,65.48,1.985,0.976,96.57,13.964,Shift A,normal
2026-09-23 06:30:00,21.41,24.35,54.43,180.97,11.53,7.199,4.621,32.83,4.012,3.103,69.32,2.132,0.961,96.15,14.466,Shift A,normal
2026-09-23 06:45:00,22.64,25.92,59.31,180.25,11.374,6.807,4.631,35.13,4.084,2.992,65.3,2.121,1.042,95.96,14.351,Shift A,normal
2026-09-23 07:00:00,20.88,24.51,54.58,179.21,11.054,7.058,4.511,34.6,3.977,3.074,65.87,1.972,0.953,95.96,13.874,Shift A,normal
2026-09-23 07:15:00,20.57,25.95,57.76,180.87,12.385,7.037,4.456,32.35,3.943,3.02,64.92,2.005,0.908,95.95,15.164,Shift A,normal
2026-09-23 07:30:00,24.52,24.71,58.69,181.74,12.565,7.064,4.588,32.82,3.912,3.089,69.23,2.28,1.064,95.98,15.741,Shift A,normal
2026-09-23 07:45:00,21.51,24.17,55.96,178.61,11.296,6.929,4.46,32.19,3.955,2.943,69.3,1.77,0.973,95.8,13.954,Shift A,normal
2026-09-23 08:00:00,20.06,24.66,56.01,181.19,11.711,7.117,4.394,33.44,4.136,3.073,64.85,2.157,0.947,96.61,14.651,Shift A,normal
2026-09-23 08:15:00,20.1,22.91,59.5,177.54,11.156,6.989,4.507,33.46,3.956,3.011,65.07,2.133,0.937,95.71,14.147,Shift A,normal
2026-09-23 08:30:00,19.77,24.94,59.71,179.58,12.073,6.881,4.438,33.57,4.02,3.177,68.03,2.093,0.942,96.41,14.939,Shift A,normal
2026-09-23 08:45:00,22.22,24.94,56.29,181.72,12.158,6.891,4.422,31.93,3.951,3.091,68.18,2.189,0.92,95.14,15.074,Shift A,normal
2026-09-23 09:00:00,20.53,25.8,57.41,179.44,12.038,7.012,4.526,32.54,3.946,3.076,64.7,1.826,0.939,95.87,14.721,Shift A,normal
2026-09-23 09:15:00,21.17,23.7,55.17,179.74,11.712,6.84,4.269,33.56,3.891,2.861,67.77,2.025,0.939,95.84,14.463,Shift A,normal
2026-09-23 09:30:00,20.92,26.23,62.02,180.28,11.761,7.18,4.417,34.15,3.999,3.01,69.8,2.098,0.965,96.02,14.702,Shift A,normal
2026-09-23 09:45:00,21.95,26.07,60.89,177.67,11.256,7.105,4.38,32.0,3.937,2.974,70.92,2.053,1.016,95.86,14.096,Shift A,normal
2026-09-23 10:00:00,19.9,26.54,61.68,179.32,11.482,7.183,4.291,32.57,4.118,2.995,61.94,2.08,0.984,96.45,14.297,Shift A,normal
2026-09-23 10:15:00,19.6,25.63,59.21,179.17,11.925,7.172,4.607,34.54,3.976,3.051,61.82,2.151,0.957,95.89,14.98,Shift A,normal
2026-09-23 10:30:00,21.29,26.64,60.98,180.82,12.177,6.965,4.301,32.63,3.986,3.092,70.16,2.113,0.866,95.57,15.061,Shift A,normal
2026-09-23 10:45:00,21.78,24.82,62.8,177.57,11.272,6.913,4.409,33.52,3.965,3.062,66.74,2.014,0.936,95.65,14.158,Shift A,normal
2026-09-23 11:00:00,21.43,26.74,62.98,178.27,11.047,6.732,4.547,32.72,4.028,3.2,60.69,2.054,0.863,95.83,13.874,Shift A,normal
2026-09-23 11:15:00,19.95,25.75,65.13,177.56,11.218,6.959,4.34,34.23,4.136,3.113,63.76,1.861,0.99,96.24,13.824,Shift A,normal
2026-09-23 11:30:00,21.88,25.24,66.61,177.29,10.709,7.177,4.532,32.03,3.881,2.912,66.38,2.141,0.953,96.3,13.598,Shift A,normal
2026-09-23 11:45:00,20.03,25.88,70.52,179.29,11.385,6.917,4.574,33.48,4.015,3.077,65.09,2.116,0.929,95.55,14.285,Shift A,normal
2026-09-23 12:00:00,20.32,27.0,66.46,178.03,12.057,6.979,4.498,34.52,3.835,3.121,68.58,1.983,0.906,95.72,14.97,Shift A,normal
2026-09-23 12:15:00,19.77,26.57,69.23,177.28,9.986,6.945,4.33,34.11,4.113,3.204,63.01,2.113,0.997,95.61,12.882,Shift A,normal
2026-09-23 12:30:00,22.69,27.77,65.82,177.16,11.173,7.037,4.545,33.48,3.984,3.073,71.23,2.094,0.974,95.88,14.073,Shift A,normal
2026-09-23 12:45:00,21.82,26.27,64.58,176.95,11.083,7.129,4.573,33.19,3.84,3.036,68.5,2.08,0.953,96.31,13.971,Shift A,normal
2026-09-23 13:00:00,21.79,26.26,67.66,176.88,10.896,6.846,4.583,33.57,3.861,3.16,63.75,2.362,0.964,96.03,13.799,Shift A,normal
2026-09-23 13:15:00,22.62,29.32,65.57,175.93,10.882,6.865,4.56,32.96,4.083,3.142,67.4,2.032,0.978,96.14,13.637,Shift A,normal
2026-09-23 13:30:00,24.66,29.2,69.17,176.78,11.239,7.149,4.723,34.01,3.834,2.943,71.67,2.272,0.986,96.23,14.124,Shift A,normal
2026-09-23 13:45:00,18.78,27.9,67.92,176.54,10.59,7.073,4.37,33.69,4.023,2.913,65.02,2.078,0.985,95.76,13.314,Shift A,normal
2026-09-23 14:00:00,20.04,29.0,65.89,175.99,10.816,6.974,4.391,33.52,3.957,3.293,67.17,2.071,1.0,95.5,13.726,Shift B,normal
2026-09-23 14:15:00,20.2,30.08,73.54,176.77,10.655,7.171,4.339,34.71,3.985,2.959,64.42,1.971,0.944,95.76,13.303,Shift B,normal
2026-09-23 14:30:00,19.89,29.86,69.24,176.72,11.502,6.863,4.483,33.13,3.936,3.106,67.57,1.97,0.896,96.26,14.303,Shift B,normal
2026-09-23 14:45:00,19.6,29.9,67.25,175.79,10.6,7.093,4.411,32.58,3.908,3.209,64.44,1.918,0.948,96.16,13.601,Shift B,normal
2026-09-23 15:00:00,20.61,30.91,72.49,176.09,10.993,6.993,4.187,33.45,3.959,2.967,74.19,1.88,0.914,95.98,13.699,Shift B,normal
2026-09-23 15:15:00,19.42,29.7,69.37,178.28,10.793,7.061,4.266,33.93,4.06,3.021,61.52,1.926,1.001,96.33,13.575,Shift B,normal
2026-09-23 15:30:00,21.44,30.56,73.1,178.14,11.493,6.761,4.428,33.92,3.977,3.013,75.39,2.042,1.032,96.05,14.348,Shift B,normal
2026-09-23 15:45:00,21.07,30.75,69.51,174.87,11.048,6.974,4.44,33.91,4.049,3.328,64.11,2.0,0.985,95.81,13.978,Shift B,normal
2026-09-23 16:00:00,21.63,30.78,69.92,174.92,10.985,7.074,4.642,33.26,3.983,3.345,71.28,2.004,0.898,95.37,13.89,Shift B,normal
2026-09-23 16:15:00,21.66,30.91,71.67,174.7,10.485,6.994,4.884,33.54,4.069,3.078,69.98,2.091,0.933,96.36,13.443,Shift B,normal
2026-09-23 16:30:00,21.78,31.49,72.11,176.75,10.695,7.126,4.212,33.55,4.051,3.219,64.88,2.142,0.948,95.94,13.507,Shift B,normal
2026-09-23 16:45:00,20.51,31.66,72.36,175.23,11.336,7.122,4.467,33.66,3.957,3.187,68.26,2.196,0.901,95.77,14.129,Shift B,normal
2026-09-23 17:00:00,23.76,30.99,70.51,175.82,10.776,6.904,4.634,35.05,3.913,3.113,67.89,2.136,0.966,95.91,13.807,Shift B,normal
2026-09-23 17:15:00,21.3,32.65,71.58,177.55,11.262,7.082,4.457,34.4,4.11,3.024,68.0,1.903,0.964,96.51,14.003,Shift B,normal
2026-09-23 17:30:00,18.58,31.39,71.81,175.51,10.258,6.901,4.38,33.61,3.928,3.38,65.16,2.016,0.946,96.29,13.291,Shift B,normal
2026-09-23 17:45:00,19.7,32.15,70.47,176.21,11.079,7.005,4.4,34.99,4.063,2.992,64.68,2.085,0.997,95.83,13.861,Shift B,normal
2026-09-23 18:00:00,18.74,32.23,69.51,176.02,10.389,7.066,4.281,34.4,4.016,3.193,63.57,1.951,0.92,96.11,13.091,Shift B,normal
2026-09-23 18:15:00,21.02,32.87,66.59,174.92,10.45,6.916,4.465,33.13,3.969,3.115,67.94,2.114,0.934,96.35,13.487,Shift B,normal
2026-09-23 18:30:00,20.84,31.0,70.34,176.58,10.61,7.079,4.517,31.5,4.051,3.253,64.05,2.058,0.882,96.09,13.394,Shift B,normal
2026-09-23 18:45:00,20.39,33.5,68.85,174.7,10.543,6.949,4.479,33.21,4.155,3.29,63.75,1.871,0.959,95.96,13.236,Shift B,normal
2026-09-23 19:00:00,23.61,32.32,67.54,176.93,11.279,6.942,4.639,34.76,4.076,3.08,72.12,2.196,0.957,95.24,14.106,Shift B,normal
2026-09-23 19:15:00,21.71,33.9,70.49,175.05,10.87,7.071,4.433,34.99,4.033,3.124,68.83,1.955,0.947,96.36,13.699,Shift B,normal
2026-09-23 19:30:00,21.94,32.58,64.62,175.21,10.484,6.916,4.855,33.11,4.176,3.036,63.83,2.052,0.932,95.57,13.32,Shift B,normal
2026-09-23 19:45:00,19.79,32.95,70.29,174.67,10.676,6.911,4.431,34.72,3.848,3.19,62.8,1.946,0.907,95.26,13.475,Shift B,normal
2026-09-23 20:00:00,19.7,34.53,66.46,174.91,10.275,7.104,4.474,34.85,3.911,3.276,59.32,2.162,0.969,95.29,13.057,Shift B,normal
2026-09-23 20:15:00,21.05,32.77,66.62,175.49,11.023,7.011,4.402,35.28,3.969,3.133,69.67,2.055,0.946,95.64,13.969,Shift B,normal
2026-09-23 20:30:00,21.22,33.96,64.65,173.59,11.164,6.855,4.496,35.08,4.162,3.19,69.17,2.089,1.029,96.06,14.123,Shift B,normal
2026-09-23 20:45:00,18.59,32.95,61.56,175.89,10.599,7.086,4.337,35.22,4.11,3.383,61.46,2.133,0.864,96.35,13.402,Shift B,normal
2026-09-23 21:00:00,20.77,33.2,64.05,175.72,10.879,6.959,4.217,34.47,3.845,3.269,68.64,1.947,1.008,96.06,13.528,Shift B,normal
2026-09-23 21:15:00,21.02,32.84,64.43,177.14,11.56,6.86,4.375,34.52,3.972,3.314,72.87,2.119,0.924,96.59,14.396,Shift B,normal
2026-09-23 21:30:00,20.72,33.37,64.53,176.9,10.833,6.749,4.355,33.91,3.885,2.957,62.03,2.109,0.943,95.83,13.7,Shift B,normal
2026-09-23 21:45:00,19.94,32.04,62.19,175.9,10.393,7.09,4.325,34.71,4.008,3.222,64.1,2.047,0.961,95.87,13.343,Shift B,normal
2026-09-23 22:00:00,0.0,31.68,57.61,29.47,0.553,3.914,0.584,30.53,4.101,1.025,4.3,0.111,0.12,91.63,1.056,Idle,normal
2026-09-23 22:15:00,0.0,31.82,58.33,30.22,0.1,3.995,0.543,31.47,4.109,0.875,4.78,0.134,0.12,92.1,0.54,Idle,normal
2026-09-23 22:30:00,0.12,32.25,64.93,31.26,0.276,4.081,0.536,32.04,4.04,0.896,2.36,0.115,0.12,91.62,0.709,Idle,normal
2026-09-23 22:45:00,0.79,31.83,58.06,29.76,0.14,4.035,0.692,32.8,3.969,0.978,4.68,0.147,0.12,91.82,0.711,Idle,normal
2026-09-23 23:00:00,1.41,32.4,62.52,29.98,0.104,4.021,0.598,31.28,4.004,0.866,5.59,0.142,0.12,92.52,0.669,Idle,normal
2026-09-23 23:15:00,0.0,32.68,57.24,28.97,0.262,3.948,0.603,32.46,4.083,0.92,4.37,0.129,0.12,91.68,0.756,Idle,normal
2026-09-23 23:30:00,0.0,30.65,58.19,31.86,0.665,3.963,0.559,31.34,4.241,0.954,5.56,0.175,0.12,91.79,1.15,Idle,normal
2026-09-23 23:45:00,0.57,30.64,59.27,30.15,0.737,4.067,0.609,32.32,3.888,1.057,4.98,0.107,0.12,91.69,1.336,Idle,normal
2026-09-24 00:00:00,0.79,29.85,55.86,31.08,0.674,4.024,0.525,30.77,4.162,0.929,6.09,0.064,0.12,92.6,1.266,Idle,normal
2026-09-24 00:15:00,0.0,32.39,60.18,30.03,0.468,4.045,0.561,32.22,4.038,0.955,4.27,0.127,0.12,92.87,0.948,Idle,normal
2026-09-24 00:30:00,1.03,30.77,56.67,30.09,0.26,4.004,0.54,31.42,4.089,1.102,4.76,0.236,0.12,92.28,0.829,Idle,normal
2026-09-24 00:45:00,1.27,30.67,56.99,28.5,0.1,3.986,0.665,30.62,4.025,0.824,3.53,0.17,0.12,92.59,0.547,Idle,normal
2026-09-24 01:00:00,1.68,28.96,55.1,27.85,0.479,4.038,0.517,31.21,4.14,1.023,4.91,0.116,0.12,91.84,0.992,Idle,normal
2026-09-24 01:15:00,2.31,29.78,56.55,31.25,0.1,4.013,0.541,32.47,4.036,1.039,4.58,0.168,0.12,92.76,0.555,Idle,normal
2026-09-24 01:30:00,0.0,29.93,58.02,30.08,0.1,3.992,0.498,30.58,3.939,1.042,5.96,0.145,0.12,92.05,0.727,Idle,normal
2026-09-24 01:45:00,0.02,29.06,54.25,30.21,0.293,3.929,0.555,30.18,4.045,0.95,4.38,0.166,0.12,92.54,0.875,Idle,normal
2026-09-24 02:00:00,0.01,29.86,57.67,28.75,0.443,4.048,0.577,31.76,4.116,0.894,4.58,0.185,0.12,92.26,1.088,Idle,normal
2026-09-24 02:15:00,0.0,30.59,52.7,29.1,0.192,4.022,0.649,30.21,4.006,1.152,4.32,0.158,0.12,91.61,0.729,Idle,normal
2026-09-24 02:30:00,0.0,27.72,55.21,31.06,0.887,3.97,0.589,32.53,3.787,0.914,5.03,0.155,0.12,92.02,1.56,Idle,normal
2026-09-24 02:45:00,0.0,27.4,54.46,31.74,0.512,4.059,0.579,32.48,3.982,0.888,6.99,0.209,0.12,92.4,1.043,Idle,normal
2026-09-24 03:00:00,0.12,27.26,51.17,29.38,0.263,4.012,0.615,32.09,4.003,1.002,1.5,0.172,0.12,91.64,0.792,Idle,normal
2026-09-24 03:15:00,0.0,29.0,53.6,30.67,0.835,4.013,0.578,31.37,3.996,0.926,4.95,0.158,0.12,92.42,1.444,Idle,normal
2026-09-24 03:30:00,0.11,28.3,53.09,30.19,0.898,4.044,0.72,32.74,3.948,1.105,6.17,0.152,0.12,91.81,1.403,Idle,normal
2026-09-24 03:45:00,0.0,27.12,51.31,29.88,0.529,4.033,0.57,32.3,4.125,0.973,4.49,0.127,0.12,92.49,1.042,Idle,normal
2026-09-24 04:00:00,0.0,27.03,53.72,31.85,0.1,4.015,0.621,30.82,3.755,1.118,5.53,0.1,0.12,91.87,0.64,Idle,normal
2026-09-24 04:15:00,0.3,26.12,53.31,29.55,0.157,3.991,0.641,32.34,3.998,1.045,6.18,0.177,0.12,92.44,0.749,Idle,normal
2026-09-24 04:30:00,0.2,27.28,52.93,31.24,0.1,4.099,0.569,30.5,4.004,0.961,4.72,0.201,0.12,92.62,0.59,Idle,normal
2026-09-24 04:45:00,0.75,26.06,53.04,30.38,0.335,3.963,0.608,31.0,4.198,1.111,4.35,0.167,0.12,92.25,0.856,Idle,normal
2026-09-24 05:00:00,2.84,25.96,53.13,29.98,0.1,4.037,0.575,29.7,3.986,0.935,5.94,0.173,0.12,92.27,0.583,Idle,normal
2026-09-24 05:15:00,0.36,26.48,52.74,31.37,0.235,3.996,0.614,31.31,4.034,0.968,5.5,0.115,0.12,92.85,0.728,Idle,normal
2026-09-24 05:30:00,0.63,25.68,53.96,30.29,0.441,4.023,0.605,30.89,3.999,1.053,4.94,0.126,0.12,92.03,0.986,Idle,normal
2026-09-24 05:45:00,0.0,25.49,52.64,29.9,0.1,4.062,0.593,30.74,3.995,1.023,5.61,0.099,0.12,92.11,0.724,Idle,normal
2026-09-24 06:00:00,19.33,25.54,59.52,180.28,11.178,6.892,4.364,33.43,4.412,4.095,65.38,1.948,0.973,96.17,14.075,Shift A,refrigeration_inefficiency
2026-09-24 06:15:00,23.06,26.05,51.7,181.33,12.186,7.039,4.616,33.3,4.127,3.995,67.11,2.36,0.992,96.06,15.464,Shift A,refrigeration_inefficiency
2026-09-24 06:30:00,19.8,26.62,53.69,178.62,11.124,7.055,4.391,33.7,4.174,4.161,64.96,1.774,0.89,95.9,14.115,Shift A,refrigeration_inefficiency
2026-09-24 06:45:00,19.64,25.68,54.22,180.09,11.404,7.069,4.322,34.57,4.312,4.085,66.12,1.92,0.843,95.52,14.407,Shift A,refrigeration_inefficiency
2026-09-24 07:00:00,20.95,25.78,59.72,179.9,11.527,6.928,4.398,32.75,4.263,4.158,64.5,1.943,0.92,96.29,14.519,Shift A,refrigeration_inefficiency
2026-09-24 07:15:00,20.88,24.92,53.43,181.95,12.218,7.092,4.494,34.28,4.205,4.093,65.24,2.164,0.965,95.47,15.375,Shift A,refrigeration_inefficiency
2026-09-24 07:30:00,19.83,24.47,57.37,180.74,11.332,6.868,4.37,33.65,4.225,4.057,61.51,1.818,0.916,96.73,14.316,Shift A,refrigeration_inefficiency
2026-09-24 07:45:00,20.6,25.53,57.5,179.06,11.142,6.957,4.298,33.82,4.328,4.129,64.08,2.114,0.893,95.55,14.208,Shift A,refrigeration_inefficiency
2026-09-24 08:00:00,22.6,25.14,58.17,179.69,11.617,6.972,4.328,33.48,4.283,4.138,69.04,2.141,0.94,95.57,14.776,Shift A,refrigeration_inefficiency
2026-09-24 08:15:00,19.95,23.87,60.49,181.63,12.128,6.874,4.326,32.83,4.158,4.182,69.08,1.992,1.029,96.03,15.286,Shift A,refrigeration_inefficiency
2026-09-24 08:30:00,19.19,24.77,60.99,180.7,11.806,6.971,4.185,33.74,4.257,4.179,68.01,1.956,0.872,96.12,14.943,Shift A,refrigeration_inefficiency
2026-09-24 08:45:00,22.23,25.01,58.21,178.96,11.585,7.022,4.433,33.98,4.229,4.348,69.29,1.906,0.949,95.64,14.672,Shift A,refrigeration_inefficiency
2026-09-24 09:00:00,21.64,24.73,60.06,179.5,11.787,6.817,4.448,32.91,4.28,4.152,62.89,2.114,0.932,96.55,14.978,Shift A,refrigeration_inefficiency
2026-09-24 09:15:00,20.19,26.4,56.52,179.41,11.176,6.961,4.394,32.58,4.207,4.094,63.59,1.968,1.038,96.08,14.326,Shift A,refrigeration_inefficiency
2026-09-24 09:30:00,18.94,25.69,61.02,178.98,10.614,6.825,4.257,33.57,4.116,4.125,64.46,2.008,0.852,95.89,13.657,Shift A,refrigeration_inefficiency
2026-09-24 09:45:00,20.03,26.51,59.82,177.68,11.399,7.204,4.665,34.44,4.307,4.229,68.92,2.142,0.899,96.13,14.742,Shift A,refrigeration_inefficiency
2026-09-24 10:00:00,20.93,25.75,61.63,178.57,11.361,7.021,4.304,34.34,4.292,4.257,65.17,2.013,0.952,96.41,14.416,Shift A,refrigeration_inefficiency
2026-09-24 10:15:00,22.52,25.74,59.22,180.49,11.636,7.013,4.696,34.75,4.378,4.298,64.6,2.235,0.977,96.5,14.925,Shift A,refrigeration_inefficiency
2026-09-24 10:30:00,19.65,25.08,63.98,178.58,11.215,7.023,4.36,33.82,4.103,4.028,70.03,1.952,0.99,96.05,14.297,Shift A,refrigeration_inefficiency
2026-09-24 10:45:00,20.89,26.0,60.36,178.7,11.629,7.06,4.375,33.39,4.231,4.285,64.6,2.129,1.0,95.54,14.705,Shift A,refrigeration_inefficiency
2026-09-24 11:00:00,21.88,26.18,64.63,178.79,11.967,7.098,4.583,33.75,4.216,4.154,64.31,1.973,0.925,95.54,15.202,Shift A,refrigeration_inefficiency
2026-09-24 11:15:00,17.9,25.27,62.44,180.71,11.749,6.844,4.22,32.45,4.195,4.048,64.8,1.838,0.929,95.44,14.724,Shift A,refrigeration_inefficiency
2026-09-24 11:30:00,22.34,26.13,63.74,178.34,11.659,7.131,4.444,33.11,4.084,4.127,67.96,2.09,0.958,95.77,14.824,Shift A,refrigeration_inefficiency
2026-09-24 11:45:00,19.46,26.52,68.29,179.26,10.865,7.125,4.583,33.74,4.133,4.279,64.02,2.144,0.909,95.98,14.195,Shift A,refrigeration_inefficiency
2026-09-24 12:00:00,21.43,27.33,67.68,177.4,11.011,6.993,4.223,33.4,4.27,4.229,67.29,2.038,1.006,96.06,14.127,Shift A,refrigeration_inefficiency
2026-09-24 12:15:00,21.32,27.6,69.3,177.58,10.927,6.988,4.45,33.85,4.194,4.061,64.41,2.147,0.967,96.38,14.062,Shift A,refrigeration_inefficiency
2026-09-24 12:30:00,22.41,27.0,70.6,177.69,11.277,6.69,4.567,32.71,4.159,4.048,66.63,2.046,1.047,95.27,14.435,Shift A,refrigeration_inefficiency
2026-09-24 12:45:00,21.72,28.09,66.39,176.74,11.516,6.876,4.672,33.04,4.389,4.084,67.44,2.02,0.982,95.96,14.6,Shift A,refrigeration_inefficiency
2026-09-24 13:00:00,17.91,27.82,71.36,177.15,10.771,7.052,4.227,34.27,4.483,4.136,58.01,1.814,0.959,96.14,13.75,Shift A,refrigeration_inefficiency
2026-09-24 13:15:00,19.98,25.92,65.84,178.08,10.703,7.12,4.718,33.15,4.232,4.163,68.85,1.787,0.802,95.02,13.783,Shift A,refrigeration_inefficiency
2026-09-24 13:30:00,21.18,28.09,70.63,176.24,10.412,7.073,4.562,33.35,4.096,4.071,62.94,2.003,0.957,96.11,13.543,Shift A,refrigeration_inefficiency
2026-09-24 13:45:00,20.75,29.6,68.5,176.89,11.465,6.992,4.161,33.83,4.292,4.183,63.86,2.032,0.969,96.93,14.637,Shift A,refrigeration_inefficiency
2026-09-24 14:00:00,21.62,27.65,67.93,177.46,11.229,7.193,4.323,32.96,4.036,4.311,70.46,1.991,0.984,96.26,14.431,Shift B,refrigeration_inefficiency
2026-09-24 14:15:00,22.03,29.35,71.3,175.79,11.051,7.101,4.55,34.87,4.116,4.369,69.53,2.096,1.04,96.05,14.243,Shift B,refrigeration_inefficiency
2026-09-24 14:30:00,21.79,30.79,72.2,177.57,10.964,6.961,4.37,32.98,4.299,4.403,67.87,2.272,0.991,95.89,14.196,Shift B,refrigeration_inefficiency
2026-09-24 14:45:00,20.72,29.17,72.35,176.42,10.926,7.218,4.509,33.95,4.112,4.025,61.52,2.178,0.886,96.04,14.163,Shift B,refrigeration_inefficiency
2026-09-24 15:00:00,18.6,30.04,71.12,176.07,10.275,6.89,4.262,33.25,4.225,4.396,62.92,1.994,0.948,96.49,13.262,Shift B,refrigeration_inefficiency
2026-09-24 15:15:00,20.41,29.24,71.09,174.11,10.898,6.853,4.281,33.93,4.103,4.214,65.72,2.11,0.985,95.78,14.002,Shift B,refrigeration_inefficiency
2026-09-24 15:30:00,21.54,31.83,71.98,175.64,10.434,6.958,4.377,33.67,4.267,4.272,66.96,2.136,0.926,96.36,13.483,Shift B,refrigeration_inefficiency
2026-09-24 15:45:00,19.58,30.7,71.59,176.29,10.597,6.924,4.477,34.03,4.369,4.355,69.05,2.067,0.913,96.12,13.971,Shift B,refrigeration_inefficiency
2026-09-24 16:00:00,21.82,31.04,72.08,177.58,10.863,6.964,4.266,34.91,4.197,4.315,73.62,2.117,1.0,96.56,14.074,Shift B,refrigeration_inefficiency
2026-09-24 16:15:00,22.18,32.31,71.39,176.33,9.807,7.08,4.656,33.74,4.261,4.086,69.81,2.083,0.965,96.34,12.939,Shift B,refrigeration_inefficiency
2026-09-24 16:30:00,21.16,31.96,72.61,176.82,10.793,6.997,4.599,33.67,4.18,4.199,65.45,2.025,1.007,96.04,13.973,Shift B,refrigeration_inefficiency
2026-09-24 16:45:00,17.02,30.94,67.57,174.42,10.143,6.999,4.181,33.62,4.183,4.205,66.96,1.8,0.912,95.95,13.077,Shift B,refrigeration_inefficiency
2026-09-24 17:00:00,19.34,31.31,70.43,175.46,10.577,7.006,4.192,35.09,4.176,4.115,63.64,2.006,0.822,95.83,13.745,Shift B,refrigeration_inefficiency
2026-09-24 17:15:00,23.45,32.4,67.75,176.77,11.104,6.769,4.674,34.24,4.342,4.38,61.24,1.935,0.983,96.31,14.138,Shift B,refrigeration_inefficiency
2026-09-24 17:30:00,20.29,31.67,70.87,174.63,11.348,6.848,4.359,35.03,4.119,4.394,62.51,2.081,0.922,95.71,14.538,Shift B,refrigeration_inefficiency
2026-09-24 17:45:00,18.42,30.63,73.36,176.47,10.748,6.961,4.123,33.67,4.223,4.238,57.46,1.722,0.951,96.0,13.726,Shift B,refrigeration_inefficiency
2026-09-24 18:00:00,22.61,32.42,68.85,176.23,11.092,6.916,4.785,35.34,4.305,4.308,67.19,2.11,0.991,95.89,14.283,Shift B,refrigeration_inefficiency
2026-09-24 18:15:00,21.02,31.4,69.74,175.78,10.981,6.977,4.355,34.35,4.351,4.262,66.38,1.942,0.904,95.48,14.052,Shift B,refrigeration_inefficiency
2026-09-24 18:30:00,22.44,33.99,70.65,175.19,11.214,7.14,4.37,34.68,4.314,4.317,63.41,2.227,0.978,96.01,14.282,Shift B,refrigeration_inefficiency
2026-09-24 18:45:00,21.36,32.93,64.63,174.56,10.981,6.993,4.516,33.1,4.258,4.395,64.66,2.085,0.982,95.38,14.326,Shift B,refrigeration_inefficiency
2026-09-24 19:00:00,21.6,32.14,67.32,177.36,11.129,6.868,4.488,32.9,4.206,4.088,63.16,2.045,0.98,95.83,14.257,Shift B,refrigeration_inefficiency
2026-09-24 19:15:00,21.47,32.36,68.66,176.26,11.13,6.921,4.667,35.16,4.356,4.33,66.94,2.089,1.005,96.19,14.451,Shift B,refrigeration_inefficiency
2026-09-24 19:30:00,21.91,31.45,61.68,176.03,10.05,7.171,4.469,34.95,4.173,4.251,65.16,2.039,0.91,96.01,13.154,Shift B,refrigeration_inefficiency
2026-09-24 19:45:00,23.96,32.11,65.05,175.34,11.772,7.153,4.593,36.17,4.177,4.191,72.59,2.244,0.978,95.99,15.106,Shift B,refrigeration_inefficiency
2026-09-24 20:00:00,22.26,33.81,68.7,175.87,11.475,7.06,4.576,33.17,4.405,4.261,68.55,2.13,0.854,95.64,14.658,Shift B,refrigeration_inefficiency
2026-09-24 20:15:00,18.95,34.78,67.99,176.09,10.728,6.844,4.361,34.69,4.309,4.504,69.87,1.909,0.985,96.32,13.978,Shift B,refrigeration_inefficiency
2026-09-24 20:30:00,21.58,33.55,66.19,176.42,10.41,7.031,4.522,33.48,4.308,4.166,66.06,1.957,0.964,95.65,13.583,Shift B,refrigeration_inefficiency
2026-09-24 20:45:00,22.48,32.85,66.66,176.85,11.455,7.038,4.582,33.69,4.325,4.27,74.67,1.988,0.964,96.22,14.629,Shift B,refrigeration_inefficiency
2026-09-24 21:00:00,22.56,32.52,64.76,175.45,10.682,7.003,4.574,33.85,4.255,4.439,68.31,2.061,0.964,96.39,13.997,Shift B,refrigeration_inefficiency
2026-09-24 21:15:00,20.45,32.02,64.87,174.89,10.925,6.943,4.377,34.39,4.118,4.129,64.82,1.924,0.969,95.39,14.335,Shift B,refrigeration_inefficiency
2026-09-24 21:30:00,22.51,34.34,62.54,176.56,10.55,6.964,4.651,33.92,4.296,4.266,75.49,2.122,1.022,95.82,13.7,Shift B,refrigeration_inefficiency
2026-09-24 21:45:00,22.21,32.44,62.82,174.86,11.667,6.936,4.489,34.22,4.262,4.279,62.5,1.997,0.952,95.75,14.812,Shift B,refrigeration_inefficiency
2026-09-24 22:00:00,3.34,34.16,60.74,28.86,0.1,3.997,0.678,32.52,3.935,1.041,4.67,0.181,0.12,92.37,0.564,Idle,normal
2026-09-24 22:15:00,0.0,33.44,63.94,30.3,0.374,4.062,0.545,32.61,3.909,0.992,4.5,0.157,0.12,91.98,0.923,Idle,normal
2026-09-24 22:30:00,0.0,30.78,63.87,30.4,0.1,3.934,0.613,32.09,4.002,0.91,4.27,0.196,0.12,91.9,0.64,Idle,normal
2026-09-24 22:45:00,0.0,31.47,63.0,29.14,0.336,4.102,0.579,31.94,3.874,1.045,5.46,0.125,0.12,92.26,1.021,Idle,normal
2026-09-24 23:00:00,0.0,31.29,58.85,31.34,0.201,3.998,0.605,31.46,3.995,0.99,5.47,0.194,0.12,92.14,0.72,Idle,normal
2026-09-24 23:15:00,0.0,31.57,57.2,31.92,0.748,4.029,0.645,31.17,3.984,1.063,5.62,0.206,0.12,92.3,1.395,Idle,normal
2026-09-24 23:30:00,0.0,31.39,61.11,29.37,0.201,4.006,0.638,32.04,3.998,1.092,5.56,0.208,0.12,92.6,0.612,Idle,normal
2026-09-24 23:45:00,0.0,33.62,59.11,31.49,0.749,3.914,0.635,30.94,4.059,0.851,4.58,0.207,0.12,91.77,1.277,Idle,normal
2026-09-25 00:00:00,0.48,30.14,58.16,27.62,0.1,3.947,0.629,31.6,4.067,1.103,4.58,0.158,0.12,92.2,0.595,Idle,normal
2026-09-25 00:15:00,0.0,30.95,55.73,31.08,0.251,3.974,0.536,30.64,3.937,0.975,6.12,0.173,0.12,92.12,0.812,Idle,normal
2026-09-25 00:30:00,2.52,31.02,57.37,29.14,0.258,4.05,0.657,31.56,4.095,1.083,4.48,0.133,0.12,92.29,0.911,Idle,normal
2026-09-25 00:45:00,0.02,30.28,53.9,30.98,0.523,3.931,0.547,30.62,3.983,1.049,4.46,0.061,0.12,92.12,0.982,Idle,normal
2026-09-25 01:00:00,1.68,30.12,56.9,29.04,0.479,3.957,0.595,31.16,4.18,1.185,5.93,0.16,0.12,91.86,1.1,Idle,normal
2026-09-25 01:15:00,0.34,28.94,57.99,29.93,0.603,4.008,0.582,30.83,3.941,1.001,4.98,0.144,0.12,92.44,1.098,Idle,normal
2026-09-25 01:30:00,1.07,29.61,58.12,29.19,0.443,4.024,0.618,30.81,3.841,0.96,4.49,0.189,0.12,93.25,0.981,Idle,normal
2026-09-25 01:45:00,0.36,29.67,55.93,29.79,0.581,4.022,0.576,31.36,4.086,0.949,4.5,0.184,0.12,92.26,1.134,Idle,normal
2026-09-25 02:00:00,1.78,29.26,51.44,31.83,0.1,3.951,0.592,29.47,4.044,0.896,6.12,0.108,0.12,92.09,0.511,Idle,normal
2026-09-25 02:15:00,0.07,29.19,54.32,29.89,0.486,3.92,0.681,30.02,4.121,1.081,5.59,0.244,0.12,92.04,1.0,Idle,normal
2026-09-25 02:30:00,0.64,29.61,57.96,32.11,0.913,4.027,0.535,32.04,4.033,0.89,5.24,0.166,0.12,92.68,1.472,Idle,normal
2026-09-25 02:45:00,0.48,28.97,51.74,29.61,0.1,4.072,0.6,31.51,4.234,1.08,3.83,0.099,0.12,91.98,0.583,Idle,normal
2026-09-25 03:00:00,0.0,28.02,53.19,31.49,0.521,3.983,0.544,30.7,3.977,0.978,5.24,0.104,0.12,92.79,1.123,Idle,normal
2026-09-25 03:15:00,0.53,26.78,56.0,28.37,0.587,3.943,0.634,32.01,4.096,0.824,4.79,0.063,0.12,91.69,0.917,Idle,normal
2026-09-25 03:30:00,2.9,26.99,54.31,29.71,0.861,3.979,0.564,30.69,3.939,1.149,4.09,0.181,0.12,92.36,1.502,Idle,normal
2026-09-25 03:45:00,0.0,27.06,57.98,29.46,0.604,4.02,0.602,30.77,4.041,0.662,4.4,0.129,0.12,92.52,1.046,Idle,normal
2026-09-25 04:00:00,0.55,27.2,51.53,31.54,0.385,3.988,0.534,30.58,4.061,0.992,5.7,0.116,0.12,92.61,0.881,Idle,normal
2026-09-25 04:15:00,1.64,26.4,51.04,30.19,0.501,4.07,0.665,32.75,4.073,1.023,6.24,0.124,0.12,92.55,1.058,Idle,normal
2026-09-25 04:30:00,1.48,25.82,55.53,27.91,0.1,4.046,0.604,31.33,4.065,0.769,3.94,0.138,0.12,92.34,0.455,Idle,normal
2026-09-25 04:45:00,0.02,25.41,50.78,28.69,0.214,4.009,0.607,31.26,3.662,1.044,4.07,0.173,0.12,92.67,0.852,Idle,normal
2026-09-25 05:00:00,0.0,24.85,52.91,28.99,0.1,3.902,0.641,31.46,3.977,0.933,5.69,0.084,0.12,91.93,0.573,Idle,normal
2026-09-25 05:15:00,0.67,25.8,53.35,30.93,0.87,3.965,0.537,29.61,3.93,0.975,4.59,0.107,0.12,92.1,1.301,Idle,normal
2026-09-25 05:30:00,0.0,24.65,55.76,30.81,0.508,3.973,0.569,30.55,3.945,1.134,5.55,0.169,0.12,92.18,1.241,Idle,normal
2026-09-25 05:45:00,1.91,24.87,55.16,29.7,0.1,3.963,0.609,31.43,3.955,1.014,4.58,0.126,0.12,92.81,0.602,Idle,normal
2026-09-25 06:00:00,21.22,25.22,55.12,179.84,11.719,7.055,4.47,33.6,4.333,4.116,64.08,2.099,1.016,96.12,14.8,Shift A,refrigeration_inefficiency
2026-09-25 06:15:00,22.3,24.34,53.71,182.44,13.237,7.128,4.562,35.36,4.252,4.111,69.88,2.017,0.93,96.13,16.432,Shift A,refrigeration_inefficiency
2026-09-25 06:30:00,19.83,25.61,57.29,179.79,11.835,7.008,4.481,33.21,4.186,4.323,61.22,2.018,0.979,95.89,15.031,Shift A,refrigeration_inefficiency
2026-09-25 06:45:00,18.98,25.8,63.29,178.1,10.624,7.137,4.426,34.38,4.09,4.182,66.71,1.907,0.933,96.28,13.792,Shift A,refrigeration_inefficiency
2026-09-25 07:00:00,21.34,24.7,57.02,181.44,11.171,6.927,4.57,34.27,4.386,4.057,66.9,2.157,0.928,95.37,14.331,Shift A,refrigeration_inefficiency
2026-09-25 07:15:00,20.96,24.73,56.27,181.87,12.571,6.993,4.498,33.7,4.168,4.08,67.15,2.122,0.914,95.76,15.775,Shift A,refrigeration_inefficiency
2026-09-25 07:30:00,20.36,25.46,53.93,181.97,12.12,6.952,4.323,33.79,4.223,4.027,69.2,1.98,0.958,95.82,15.331,Shift A,refrigeration_inefficiency
2026-09-25 07:45:00,21.11,24.44,55.72,181.28,12.393,7.079,4.387,33.25,4.446,4.1,64.54,2.084,0.994,95.75,15.449,Shift A,refrigeration_inefficiency
2026-09-25 08:00:00,24.6,24.37,57.07,181.37,12.842,6.899,4.731,32.13,4.169,4.283,70.06,2.065,1.064,95.8,16.066,Shift A,refrigeration_inefficiency
2026-09-25 08:15:00,22.08,25.97,56.95,180.13,12.189,6.968,4.625,34.04,4.21,4.138,68.79,2.064,0.999,96.14,15.242,Shift A,refrigeration_inefficiency
2026-09-25 08:30:00,22.36,25.74,58.52,177.91,11.807,6.814,4.626,34.09,4.26,4.02,67.23,1.909,0.997,96.08,14.951,Shift A,refrigeration_inefficiency
2026-09-25 08:45:00,22.1,25.56,62.66,179.91,12.154,7.059,4.445,34.08,4.076,4.179,70.04,1.876,0.955,96.37,15.253,Shift A,refrigeration_inefficiency
2026-09-25 09:00:00,22.92,25.88,62.16,180.39,12.577,7.125,4.557,33.76,4.065,4.102,69.62,1.971,0.986,95.21,15.807,Shift A,refrigeration_inefficiency
2026-09-25 09:15:00,20.75,23.63,59.93,179.51,11.96,7.091,4.304,34.14,4.18,4.166,64.94,2.021,0.874,96.48,15.024,Shift A,refrigeration_inefficiency
2026-09-25 09:30:00,18.33,26.39,58.41,179.34,11.731,7.081,4.133,32.78,4.195,4.136,68.28,1.967,0.948,95.74,14.745,Shift A,refrigeration_inefficiency
2026-09-25 09:45:00,20.75,25.73,64.09,178.42,11.16,7.084,4.455,34.81,4.25,4.298,68.37,1.981,0.971,96.45,14.327,Shift A,refrigeration_inefficiency
2026-09-25 10:00:00,22.06,26.34,61.9,178.25,10.793,7.07,4.686,33.04,4.142,4.064,65.32,2.001,1.06,95.85,13.952,Shift A,refrigeration_inefficiency
2026-09-25 10:15:00,19.74,25.98,59.14,180.94,12.783,7.061,4.396,33.53,4.281,4.044,63.21,2.018,0.935,96.06,15.886,Shift A,refrigeration_inefficiency
2026-09-25 10:30:00,20.77,25.87,64.6,180.83,11.978,7.068,4.675,34.33,4.022,4.231,66.04,1.748,1.009,95.55,15.136,Shift A,refrigeration_inefficiency
2026-09-25 10:45:00,20.1,25.77,65.81,178.8,11.644,6.934,4.386,33.18,4.23,3.952,67.43,2.035,0.917,95.55,14.735,Shift A,refrigeration_inefficiency
2026-09-25 11:00:00,22.95,26.47,59.48,178.93,11.299,6.98,4.581,34.37,4.276,4.151,62.02,1.838,1.06,96.18,14.413,Shift A,refrigeration_inefficiency
2026-09-25 11:15:00,21.97,26.11,63.24,177.51,11.425,7.007,4.4,33.35,4.271,4.242,65.38,2.021,1.036,95.06,14.619,Shift A,refrigeration_inefficiency
2026-09-25 11:30:00,21.85,27.26,65.22,178.97,10.553,6.966,4.469,33.86,4.227,3.959,65.93,2.051,1.019,95.55,13.702,Shift A,refrigeration_inefficiency
2026-09-25 11:45:00,21.81,25.51,67.45,179.92,11.558,6.843,4.366,33.41,4.17,4.149,63.31,2.094,0.965,96.22,14.651,Shift A,refrigeration_inefficiency
2026-09-25 12:00:00,20.95,26.57,65.47,176.47,10.822,6.876,4.272,33.12,4.221,4.016,63.79,2.05,0.94,95.82,13.86,Shift A,refrigeration_inefficiency
2026-09-25 12:15:00,21.26,28.87,65.34,178.3,11.35,7.023,4.335,35.61,4.373,4.035,67.54,2.07,0.937,95.68,14.405,Shift A,refrigeration_inefficiency
2026-09-25 12:30:00,19.46,26.97,68.93,178.21,11.39,7.091,4.378,33.01,4.182,4.063,64.05,2.172,0.885,96.53,14.392,Shift A,refrigeration_inefficiency
2026-09-25 12:45:00,18.16,27.52,67.0,178.04,10.484,7.001,4.201,31.78,4.342,4.174,63.11,2.178,0.941,96.66,13.544,Shift A,refrigeration_inefficiency
2026-09-25 13:00:00,21.2,27.26,69.45,179.0,11.591,7.276,4.412,33.09,4.357,4.119,62.94,2.066,0.942,95.98,14.762,Shift A,refrigeration_inefficiency
2026-09-25 13:15:00,21.42,28.49,66.54,179.23,11.877,6.908,4.534,34.01,4.074,4.299,66.64,2.095,0.976,96.41,15.146,Shift A,refrigeration_inefficiency
2026-09-25 13:30:00,22.57,27.89,66.44,176.81,11.854,7.044,4.368,33.45,4.233,4.199,63.8,2.037,0.979,96.5,15.002,Shift A,refrigeration_inefficiency
2026-09-25 13:45:00,23.04,28.59,70.99,177.57,11.437,7.129,4.592,34.77,4.151,4.148,73.12,2.061,0.923,95.98,14.512,Shift A,refrigeration_inefficiency
2026-09-25 14:00:00,23.04,29.68,70.3,176.83,10.915,7.107,4.684,34.88,4.103,4.081,73.97,2.238,1.03,95.79,14.227,Shift B,refrigeration_inefficiency
2026-09-25 14:15:00,19.7,28.7,71.92,175.98,10.263,7.066,4.494,33.64,4.328,4.235,64.31,2.043,0.941,95.98,13.565,Shift B,refrigeration_inefficiency
2026-09-25 14:30:00,20.54,30.15,69.25,176.75,11.493,7.107,4.495,32.67,4.302,4.443,63.12,1.749,0.99,95.46,14.685,Shift B,refrigeration_inefficiency
2026-09-25 14:45:00,21.62,30.44,68.93,177.02,11.239,7.006,4.491,33.01,4.282,4.17,70.03,1.998,0.901,96.17,14.354,Shift B,refrigeration_inefficiency
2026-09-25 15:00:00,24.29,30.88,73.41,176.45,11.131,7.166,4.583,34.1,4.149,4.179,71.64,2.311,0.953,95.85,14.293,Shift B,refrigeration_inefficiency
2026-09-25 15:15:00,22.92,30.4,67.78,175.24,10.384,7.128,4.566,32.83,4.277,4.133,74.26,2.199,0.955,95.95,13.571,Shift B,refrigeration_inefficiency
2026-09-25 15:30:00,22.46,33.12,73.43,175.55,10.593,6.915,4.746,34.12,4.135,4.395,74.63,2.149,0.982,95.95,13.847,Shift B,refrigeration_inefficiency
2026-09-25 15:45:00,20.5,31.61,73.62,175.47,10.971,7.032,4.463,35.25,4.268,4.353,60.37,1.849,0.941,95.64,14.081,Shift B,refrigeration_inefficiency
2026-09-25 16:00:00,19.85,31.26,72.72,174.99,10.811,6.845,4.378,34.3,4.193,4.203,69.34,2.087,1.006,95.91,14.058,Shift B,refrigeration_inefficiency
2026-09-25 16:15:00,22.03,30.52,69.61,176.07,10.231,7.152,4.589,34.14,4.361,4.188,67.16,2.16,1.016,95.48,13.515,Shift B,refrigeration_inefficiency
2026-09-25 16:30:00,19.57,31.36,69.29,176.11,10.928,7.022,4.38,33.2,4.223,4.158,67.26,2.013,0.898,95.78,13.988,Shift B,refrigeration_inefficiency
2026-09-25 16:45:00,20.69,32.78,70.41,176.61,10.301,7.135,4.468,34.35,4.288,4.254,68.95,1.983,1.096,95.58,13.483,Shift B,refrigeration_inefficiency
2026-09-25 17:00:00,20.85,33.2,68.1,174.73,11.249,6.989,4.421,34.0,4.29,4.393,68.97,2.144,0.946,95.61,14.45,Shift B,refrigeration_inefficiency
2026-09-25 17:15:00,23.07,33.19,68.6,174.97,11.034,6.814,4.534,34.47,4.259,4.292,71.76,2.022,1.041,95.13,14.197,Shift B,refrigeration_inefficiency
2026-09-25 17:30:00,20.54,32.8,71.6,177.08,10.734,7.264,4.552,34.84,4.276,4.411,64.8,1.911,0.932,95.83,13.803,Shift B,refrigeration_inefficiency
2026-09-25 17:45:00,17.83,31.32,71.37,175.34,10.866,7.013,4.036,34.53,4.29,4.185,61.19,2.086,0.945,96.1,13.97,Shift B,refrigeration_inefficiency
2026-09-25 18:00:00,21.66,32.85,67.7,175.53,10.974,6.9,4.557,34.37,4.176,4.044,71.05,2.089,1.007,96.0,14.218,Shift B,refrigeration_inefficiency
2026-09-25 18:15:00,20.09,31.59,70.84,175.33,11.175,7.115,4.348,34.44,4.301,4.523,63.47,1.925,0.866,96.31,14.267,Shift B,refrigeration_inefficiency
2026-09-25 18:30:00,21.06,31.51,70.05,176.65,10.914,7.204,4.235,33.54,4.346,4.286,72.53,1.891,1.04,95.63,13.949,Shift B,refrigeration_inefficiency
2026-09-25 18:45:00,20.89,32.98,71.79,176.72,10.928,6.98,4.336,35.04,4.306,4.366,64.51,1.934,0.912,95.8,14.112,Shift B,refrigeration_inefficiency
2026-09-25 19:00:00,20.64,33.28,69.5,176.7,10.756,6.99,4.434,33.52,4.232,4.209,65.44,2.066,0.93,96.29,13.838,Shift B,refrigeration_inefficiency
2026-09-25 19:15:00,22.03,33.65,70.05,175.66,10.98,7.024,4.534,34.15,4.286,4.162,67.25,1.994,0.934,95.91,14.0,Shift B,refrigeration_inefficiency
2026-09-25 19:30:00,19.01,33.36,68.43,174.82,11.211,6.889,4.429,35.22,4.231,4.305,60.48,2.073,0.9,95.99,14.327,Shift B,refrigeration_inefficiency
2026-09-25 19:45:00,20.33,33.42,68.96,177.68,10.804,6.931,4.517,33.9,4.256,4.093,61.68,1.992,0.918,96.73,14.017,Shift B,refrigeration_inefficiency
2026-09-25 20:00:00,21.89,32.21,63.93,176.69,11.187,7.178,4.328,33.0,4.144,4.235,70.44,2.067,0.903,95.88,14.254,Shift B,refrigeration_inefficiency
2026-09-25 20:15:00,20.2,32.91,65.74,175.46,10.417,6.987,4.457,33.88,4.404,4.397,61.02,1.882,0.98,95.77,13.519,Shift B,refrigeration_inefficiency
2026-09-25 20:30:00,18.91,31.76,65.37,177.44,10.092,6.916,4.422,35.21,4.455,4.323,72.58,2.023,0.933,95.64,13.205,Shift B,refrigeration_inefficiency
2026-09-25 20:45:00,21.87,31.32,64.41,175.58,10.943,6.955,4.538,32.32,4.189,4.274,67.4,2.123,0.956,95.84,14.049,Shift B,refrigeration_inefficiency
2026-09-25 21:00:00,22.46,33.46,65.22,177.64,11.283,7.107,4.608,34.43,4.346,4.474,65.13,1.978,1.02,96.35,14.423,Shift B,refrigeration_inefficiency
2026-09-25 21:15:00,20.94,32.19,65.02,177.83,11.022,6.802,4.225,33.49,4.409,4.32,68.11,2.05,1.04,96.2,14.134,Shift B,refrigeration_inefficiency
2026-09-25 21:30:00,18.45,33.39,63.96,175.56,10.056,7.025,4.188,33.94,4.172,4.094,57.22,1.906,0.843,96.44,12.926,Shift B,refrigeration_inefficiency
2026-09-25 21:45:00,21.92,33.47,62.23,177.19,11.138,7.246,4.679,34.12,4.052,4.262,66.73,1.942,1.044,96.11,14.313,Shift B,refrigeration_inefficiency
2026-09-25 22:00:00,0.0,31.97,60.53,30.05,0.443,4.02,0.537,32.35,4.164,1.193,4.74,0.095,0.12,91.52,1.013,Idle,normal
2026-09-25 22:15:00,0.4,32.8,63.61,32.59,0.1,4.06,0.601,31.74,4.014,0.969,3.2,0.117,0.12,92.58,0.644,Idle,normal
2026-09-25 22:30:00,0.0,31.64,61.52,29.06,0.1,4.012,0.654,32.45,3.959,1.186,5.81,0.158,0.12,92.31,0.681,Idle,normal
2026-09-25 22:45:00,0.0,30.53,58.21,29.39,0.262,3.976,0.624,32.56,4.011,1.102,5.63,0.14,0.12,92.29,0.725,Idle,normal
2026-09-25 23:00:00,0.0,31.93,59.28,29.06,0.579,3.949,0.574,31.63,3.975,0.959,5.52,0.1,0.12,92.7,1.046,Idle,normal
2026-09-25 23:15:00,0.0,31.26,55.62,31.56,0.496,4.015,0.565,31.26,4.305,0.892,5.43,0.221,0.12,92.24,1.035,Idle,normal
2026-09-25 23:30:00,0.0,31.08,58.63,30.8,0.1,3.994,0.562,31.83,3.955,1.034,4.72,0.177,0.12,92.52,0.685,Idle,normal
2026-09-25 23:45:00,0.77,32.8,57.62,29.46,0.398,3.996,0.7,32.22,4.048,1.127,4.39,0.22,0.12,91.91,0.98,Idle,normal
2026-09-26 00:00:00,0.0,29.78,56.35,29.14,0.66,4.013,0.603,30.53,4.132,0.842,3.98,0.078,0.12,91.75,1.078,Idle,normal
2026-09-26 00:15:00,1.27,31.08,60.17,31.38,0.1,4.026,0.61,31.75,4.137,1.012,6.54,0.201,0.12,92.13,0.655,Idle,normal
2026-09-26 00:30:00,0.37,29.73,54.21,30.36,0.372,4.013,0.494,31.18,4.113,0.796,4.98,0.144,0.12,92.2,0.795,Idle,normal
2026-09-26 00:45:00,0.0,31.01,57.48,31.41,0.819,3.991,0.541,31.18,3.965,0.966,3.34,0.134,0.12,92.53,1.24,Idle,normal
2026-09-26 01:00:00,0.0,30.27,60.01,29.94,0.1,3.96,0.598,30.94,3.99,0.835,4.97,0.151,0.12,91.91,0.613,Idle,normal
2026-09-26 01:15:00,0.0,30.08,57.39,30.51,0.754,3.969,0.575,30.96,3.787,1.056,2.92,0.122,0.12,92.84,1.287,Idle,normal
2026-09-26 01:30:00,0.38,28.77,54.8,30.3,0.917,4.042,0.607,32.38,3.992,0.931,5.25,0.144,0.12,91.97,1.341,Idle,normal
2026-09-26 01:45:00,0.0,28.65,52.25,29.38,0.272,3.979,0.606,31.07,4.002,1.116,5.14,0.188,0.12,92.25,0.792,Idle,normal
2026-09-26 02:00:00,0.0,29.74,51.48,29.86,0.23,3.933,0.63,32.38,4.077,0.946,4.46,0.071,0.12,92.3,0.719,Idle,normal
2026-09-26 02:15:00,0.0,30.16,53.11,28.82,0.712,4.058,0.507,31.53,4.184,0.937,4.06,0.21,0.12,92.38,1.095,Idle,normal
2026-09-26 02:30:00,0.0,28.86,52.31,30.49,0.285,3.953,0.545,30.44,4.071,0.838,5.56,0.166,0.12,92.47,0.706,Idle,normal
2026-09-26 02:45:00,2.05,27.5,52.04,30.76,0.1,4.002,0.595,31.42,4.101,1.039,4.92,0.146,0.12,93.11,0.688,Idle,normal
2026-09-26 03:00:00,0.0,28.24,52.65,30.99,0.315,4.025,0.568,30.36,3.995,1.049,3.06,0.187,0.12,92.11,0.82,Idle,normal
2026-09-26 03:15:00,0.0,29.66,52.97,30.67,0.515,4.0,0.584,31.92,4.131,1.094,6.2,0.165,0.12,92.43,1.004,Idle,normal
2026-09-26 03:30:00,1.44,27.55,54.05,29.87,0.609,3.876,0.605,31.11,3.995,1.066,4.06,0.131,0.12,92.27,1.239,Idle,normal
2026-09-26 03:45:00,1.76,28.4,50.54,31.55,0.1,4.02,0.563,32.0,4.112,1.04,3.68,0.119,0.12,92.68,0.651,Idle,normal
2026-09-26 04:00:00,0.0,26.41,51.64,30.89,0.256,4.066,0.61,32.34,4.07,1.06,6.36,0.21,0.12,92.48,0.873,Idle,normal
2026-09-26 04:15:00,0.0,26.74,52.7,31.39,0.692,4.039,0.627,29.84,4.03,1.07,6.06,0.091,0.12,92.41,1.169,Idle,normal
2026-09-26 04:30:00,0.8,27.06,52.69,31.45,0.329,3.894,0.603,30.87,3.838,1.091,4.58,0.142,0.12,91.81,0.858,Idle,normal
2026-09-26 04:45:00,0.0,26.68,56.85,29.87,0.1,4.106,0.636,30.26,4.1,0.847,3.75,0.094,0.12,92.14,0.586,Idle,normal
2026-09-26 05:00:00,0.0,25.56,53.77,30.39,0.783,3.934,0.491,32.77,4.024,0.954,4.09,0.17,0.12,91.97,1.297,Idle,normal
2026-09-26 05:15:00,0.0,25.35,50.25,30.77,0.275,3.946,0.571,30.73,4.056,0.838,4.56,0.146,0.12,92.16,0.939,Idle,normal
2026-09-26 05:30:00,2.01,26.62,54.52,28.85,0.732,4.039,0.645,30.18,4.022,1.033,6.22,0.1,0.12,91.98,1.276,Idle,normal
2026-09-26 05:45:00,0.0,26.63,55.02,28.87,0.1,4.023,0.557,32.96,4.039,1.163,6.29,0.115,0.12,92.09,0.738,Idle,normal
2026-09-26 06:00:00,21.13,26.75,53.96,179.64,11.506,7.138,4.377,33.08,4.371,4.271,67.44,2.117,0.973,95.82,14.849,Shift A,refrigeration_inefficiency
2026-09-26 06:15:00,22.47,26.86,52.09,180.9,12.308,6.959,4.295,32.32,4.194,4.108,70.07,2.087,0.951,95.79,15.531,Shift A,refrigeration_inefficiency
2026-09-26 06:30:00,23.74,25.41,58.38,179.96,11.849,7.17,4.851,32.94,4.282,4.201,67.77,2.193,1.004,95.85,15.149,Shift A,refrigeration_inefficiency
2026-09-26 06:45:00,20.25,24.96,53.09,179.49,11.013,6.867,4.31,33.59,4.156,4.167,63.17,1.951,0.877,95.64,14.156,Shift A,refrigeration_inefficiency
2026-09-26 07:00:00,20.98,26.22,56.96,182.52,11.926,7.032,4.362,33.65,4.297,4.189,67.97,2.11,1.002,95.9,15.077,Shift A,refrigeration_inefficiency
2026-09-26 07:15:00,23.37,25.65,56.47,181.43,12.968,6.981,4.369,32.9,4.262,4.022,68.63,2.239,0.989,95.6,16.095,Shift A,refrigeration_inefficiency
2026-09-26 07:30:00,19.02,24.25,57.72,180.66,11.823,6.802,4.445,33.12,4.168,4.251,65.53,1.835,0.868,95.72,14.965,Shift A,refrigeration_inefficiency
2026-09-26 07:45:00,22.34,24.18,60.41,179.85,12.13,7.066,4.529,33.6,4.24,4.007,70.07,2.108,0.939,95.94,15.322,Shift A,refrigeration_inefficiency
2026-09-26 08:00:00,19.68,25.39,58.62,179.85,11.822,6.808,4.338,34.59,4.179,4.105,69.63,1.965,0.965,95.05,14.931,Shift A,refrigeration_inefficiency
2026-09-26 08:15:00,21.13,24.87,56.9,181.62,12.54,6.971,4.432,33.82,4.196,4.229,69.01,1.926,0.87,96.78,15.616,Shift A,refrigeration_inefficiency
2026-09-26 08:30:00,20.68,25.01,60.77,180.29,11.625,7.11,4.512,33.16,4.27,4.104,68.21,1.857,0.904,96.13,14.656,Shift A,refrigeration_inefficiency
2026-09-26 08:45:00,19.75,25.93,57.84,176.8,10.964,6.947,4.328,33.39,4.265,4.166,64.28,2.065,0.914,96.08,13.96,Shift A,refrigeration_inefficiency
2026-09-26 09:00:00,19.72,25.74,60.0,182.19,12.986,6.91,4.145,34.05,4.045,4.149,64.71,1.852,0.985,95.71,16.007,Shift A,refrigeration_inefficiency
2026-09-26 09:15:00,21.36,26.28,57.66,179.83,11.662,7.08,4.327,34.94,4.276,4.172,68.59,2.058,1.042,95.99,14.805,Shift A,refrigeration_inefficiency
2026-09-26 09:30:00,22.29,23.76,58.76,179.87,12.389,6.975,4.376,32.54,4.199,4.125,66.98,2.059,0.986,95.53,15.567,Shift A,refrigeration_inefficiency
2026-09-26 09:45:00,20.83,25.62,61.51,180.48,11.295,6.959,4.483,34.53,4.195,4.168,68.1,2.145,0.792,96.11,14.301,Shift A,refrigeration_inefficiency
2026-09-26 10:00:00,21.09,26.09,62.74,179.72,11.009,7.127,4.577,33.49,4.126,4.157,64.54,1.975,0.897,95.37,14.144,Shift A,refrigeration_inefficiency
2026-09-26 10:15:00,21.74,24.45,59.18,179.85,12.018,6.883,4.68,32.38,4.227,4.039,73.36,2.168,1.136,95.51,15.233,Shift A,refrigeration_inefficiency
2026-09-26 10:30:00,19.74,25.3,64.17,178.53,10.828,6.954,4.188,31.97,4.183,3.985,66.34,2.003,0.945,95.74,13.829,Shift A,refrigeration_inefficiency
2026-09-26 10:45:00,21.96,25.32,62.12,177.57,11.814,7.087,4.592,34.76,4.363,4.255,68.15,2.068,0.833,96.52,15.075,Shift A,refrigeration_inefficiency
2026-09-26 11:00:00,22.07,26.19,66.89,178.93,11.883,6.877,4.45,34.83,4.064,4.251,66.41,2.164,1.083,95.59,15.198,Shift A,refrigeration_inefficiency
2026-09-26 11:15:00,24.38,27.66,64.19,179.92,12.475,7.178,5.014,33.7,4.148,4.214,75.69,2.3,0.926,96.07,15.895,Shift A,refrigeration_inefficiency
2026-09-26 11:30:00,20.51,28.18,63.2,177.68,11.304,6.978,4.597,33.75,4.144,4.222,62.7,2.008,0.975,95.27,14.487,Shift A,refrigeration_inefficiency
2026-09-26 11:45:00,20.4,26.13,66.13,177.44,10.619,7.087,4.628,32.35,4.264,4.07,64.25,1.979,0.888,95.99,13.721,Shift A,refrigeration_inefficiency
2026-09-26 12:00:00,22.0,27.42,64.67,179.22,10.913,7.087,4.616,34.48,4.361,3.949,70.36,2.081,1.074,96.58,14.164,Shift A,refrigeration_inefficiency
2026-09-26 12:15:00,22.06,27.68,69.54,177.38,11.597,6.985,4.57,33.84,4.295,4.167,68.58,1.905,0.894,96.16,14.843,Shift A,refrigeration_inefficiency
2026-09-26 12:30:00,20.3,27.78,67.48,177.26,10.38,6.952,4.37,32.5,4.136,3.991,64.54,1.813,0.914,95.26,13.505,Shift A,refrigeration_inefficiency
2026-09-26 12:45:00,20.48,28.03,67.63,177.14,11.455,6.996,4.357,33.92,4.203,4.209,64.78,2.095,0.998,95.99,14.634,Shift A,refrigeration_inefficiency
2026-09-26 13:00:00,21.7,28.21,69.55,177.29,11.262,7.071,4.406,32.69,4.166,4.321,66.66,2.066,0.933,95.82,14.422,Shift A,refrigeration_inefficiency
2026-09-26 13:15:00,19.92,29.57,66.76,175.62,10.68,6.901,4.47,34.4,4.303,4.165,66.24,1.95,0.963,96.37,13.848,Shift A,refrigeration_inefficiency
2026-09-26 13:30:00,20.47,29.36,66.56,176.5,10.974,6.88,4.615,33.16,4.206,4.159,71.08,2.26,0.987,95.93,14.264,Shift A,refrigeration_inefficiency
2026-09-26 13:45:00,21.12,27.89,70.3,177.12,11.116,7.148,4.424,34.06,4.104,4.08,68.82,1.919,0.962,95.47,14.155,Shift A,refrigeration_inefficiency
2026-09-26 14:00:00,22.29,29.64,67.59,176.97,10.96,6.927,4.451,33.42,4.311,4.233,71.14,2.132,0.912,95.93,14.102,Shift B,refrigeration_inefficiency
2026-09-26 14:15:00,20.21,29.98,67.87,177.77,11.486,7.035,4.235,31.94,4.38,4.237,64.89,1.952,0.903,95.75,14.786,Shift B,refrigeration_inefficiency
2026-09-26 14:30:00,18.6,29.77,71.99,178.32,11.454,6.98,4.346,34.68,4.235,4.123,66.29,2.176,0.904,95.24,14.534,Shift B,refrigeration_inefficiency
2026-09-26 14:45:00,18.51,30.69,71.57,177.86,10.915,6.984,4.458,34.87,4.269,4.335,59.99,1.894,0.951,95.94,14.117,Shift B,refrigeration_inefficiency
2026-09-26 15:00:00,19.36,30.19,68.19,177.15,10.597,7.143,4.515,33.61,4.104,4.492,65.97,1.995,0.973,95.98,13.775,Shift B,refrigeration_inefficiency
2026-09-26 15:15:00,19.29,30.45,69.59,175.97,11.13,6.991,4.523,34.28,4.05,4.341,65.72,1.856,0.942,96.08,14.261,Shift B,refrigeration_inefficiency
2026-09-26 15:30:00,20.8,30.63,69.12,175.39,10.065,6.964,4.498,34.4,4.072,4.216,72.18,2.29,0.985,96.29,13.214,Shift B,refrigeration_inefficiency
2026-09-26 15:45:00,19.45,29.15,74.53,175.94,10.84,6.973,4.378,34.23,4.246,4.202,70.18,1.892,0.854,95.85,13.823,Shift B,refrigeration_inefficiency
2026-09-26 16:00:00,20.09,30.94,72.81,176.42,11.037,6.95,4.559,35.5,4.227,4.194,65.3,1.972,0.956,95.44,14.231,Shift B,refrigeration_inefficiency
2026-09-26 16:15:00,19.99,30.69,70.14,176.58,10.497,6.933,4.266,34.24,4.311,4.194,63.54,1.995,0.937,95.67,13.61,Shift B,refrigeration_inefficiency
2026-09-26 16:30:00,20.43,30.49,72.08,176.31,11.138,6.95,4.373,33.68,4.236,4.333,64.02,1.967,0.97,95.95,14.421,Shift B,refrigeration_inefficiency
2026-09-26 16:45:00,22.72,32.78,68.11,175.51,10.931,7.166,4.768,34.74,4.364,4.389,67.56,1.794,1.01,96.36,14.149,Shift B,refrigeration_inefficiency
2026-09-26 17:00:00,21.86,32.23,69.35,176.37,10.733,7.071,4.383,33.76,4.35,4.161,71.58,2.045,0.91,95.96,13.845,Shift B,refrigeration_inefficiency
2026-09-26 17:15:00,21.02,31.98,70.73,176.81,11.238,6.965,4.457,33.28,4.23,4.301,68.16,1.906,0.947,95.92,14.363,Shift B,refrigeration_inefficiency
2026-09-26 17:30:00,20.4,31.72,71.22,176.4,10.423,7.098,4.5,35.12,4.161,4.365,67.91,2.108,1.012,95.88,13.566,Shift B,refrigeration_inefficiency
2026-09-26 17:45:00,20.44,32.56,69.88,175.47,11.049,6.841,4.436,34.6,4.073,4.227,68.83,2.249,0.96,95.93,14.289,Shift B,refrigeration_inefficiency
2026-09-26 18:00:00,21.43,33.26,70.29,174.67,10.131,7.138,4.623,32.86,4.41,4.28,64.3,2.082,0.952,96.59,13.327,Shift B,refrigeration_inefficiency
2026-09-26 18:15:00,21.76,31.93,69.64,174.65,10.954,7.13,4.689,33.73,4.167,4.328,65.46,2.153,0.9,95.89,14.081,Shift B,refrigeration_inefficiency
2026-09-26 18:30:00,19.82,32.69,68.81,174.84,10.701,7.224,4.447,34.79,4.115,4.34,67.4,1.973,0.965,95.83,13.946,Shift B,refrigeration_inefficiency
2026-09-26 18:45:00,21.05,33.48,68.17,175.81,10.623,7.101,4.63,33.12,4.281,4.338,64.61,1.925,0.883,95.96,13.746,Shift B,refrigeration_inefficiency
2026-09-26 19:00:00,18.36,31.31,67.51,176.1,10.74,7.044,4.19,33.31,4.111,4.268,59.94,1.917,0.911,95.72,13.813,Shift B,refrigeration_inefficiency
2026-09-26 19:15:00,21.28,32.88,68.4,174.22,10.802,7.129,4.458,36.34,4.278,4.323,63.9,2.009,0.931,95.36,13.986,Shift B,refrigeration_inefficiency
2026-09-26 19:30:00,21.99,32.62,68.3,175.19,11.24,6.937,4.808,34.15,4.231,4.248,70.95,2.014,0.984,95.32,14.495,Shift B,refrigeration_inefficiency
2026-09-26 19:45:00,20.64,32.88,67.4,176.0,10.985,6.96,4.671,35.21,4.358,4.179,65.45,1.968,0.918,95.7,14.064,Shift B,refrigeration_inefficiency
2026-09-26 20:00:00,23.36,32.6,64.14,174.94,11.144,6.994,4.448,35.38,4.348,4.129,69.7,2.021,0.964,96.34,14.372,Shift B,refrigeration_inefficiency
2026-09-26 20:15:00,19.85,33.1,63.98,176.36,10.854,7.137,4.39,33.45,4.377,4.356,62.77,2.108,0.893,96.37,13.957,Shift B,refrigeration_inefficiency
2026-09-26 20:30:00,21.28,34.5,66.24,175.71,10.661,6.914,4.493,34.57,4.293,4.325,68.29,2.04,0.943,95.55,13.64,Shift B,refrigeration_inefficiency
2026-09-26 20:45:00,20.95,32.66,67.84,175.4,10.681,6.904,4.507,35.87,4.179,4.318,66.05,1.961,0.962,95.88,13.911,Shift B,refrigeration_inefficiency
2026-09-26 21:00:00,20.87,33.1,64.63,176.29,10.919,7.024,4.605,34.69,4.163,4.196,68.12,2.006,0.933,96.0,14.144,Shift B,refrigeration_inefficiency
2026-09-26 21:15:00,20.85,34.38,62.93,176.74,10.818,7.072,4.672,36.36,4.218,4.317,65.33,1.994,0.935,95.71,13.927,Shift B,refrigeration_inefficiency
2026-09-26 21:30:00,21.14,32.26,63.62,175.63,11.2,6.93,4.473,33.66,4.462,4.295,68.54,1.903,0.962,96.4,14.333,Shift B,refrigeration_inefficiency
2026-09-26 21:45:00,22.1,34.04,60.31,176.37,10.977,7.067,4.661,35.87,4.245,4.43,66.31,1.998,1.015,96.23,14.314,Shift B,refrigeration_inefficiency
2026-09-26 22:00:00,1.79,32.47,64.62,30.44,0.482,3.948,0.634,31.7,4.03,1.085,4.84,0.107,0.12,92.44,1.144,Idle,normal
2026-09-26 22:15:00,0.0,33.75,61.78,29.58,0.1,4.045,0.671,31.55,4.171,0.926,4.82,0.177,0.12,92.31,0.685,Idle,normal
2026-09-26 22:30:00,1.06,32.77,59.49,30.9,0.68,4.03,0.57,32.18,4.041,1.05,6.86,0.191,0.12,91.78,1.292,Idle,normal
2026-09-26 22:45:00,0.0,32.25,59.91,30.02,0.147,3.894,0.62,31.57,3.938,0.925,3.93,0.231,0.12,92.78,0.74,Idle,normal
2026-09-26 23:00:00,1.0,31.78,58.62,29.03,0.1,3.93,0.489,31.47,4.084,0.739,5.8,0.159,0.12,92.48,0.528,Idle,normal
2026-09-26 23:15:00,0.0,31.14,61.73,30.35,0.926,4.018,0.594,31.95,3.966,1.173,5.06,0.152,0.12,92.45,1.411,Idle,normal
2026-09-26 23:30:00,1.42,31.5,58.15,30.24,0.594,3.993,0.619,30.16,4.039,0.963,4.5,0.069,0.12,92.05,1.078,Idle,normal
2026-09-26 23:45:00,2.87,31.94,58.33,30.96,0.692,3.974,0.624,31.0,4.063,1.104,4.35,0.132,0.12,92.1,1.339,Idle,normal
2026-09-27 00:00:00,0.0,30.99,58.65,30.83,0.509,4.054,0.521,32.08,3.959,0.934,6.36,0.121,0.12,92.49,1.085,Idle,normal
2026-09-27 00:15:00,0.0,30.52,55.52,29.89,0.317,3.956,0.58,32.29,4.025,0.919,5.47,0.143,0.12,92.68,0.837,Idle,normal
2026-09-27 00:30:00,0.0,30.33,56.91,29.53,0.252,3.977,0.587,31.77,4.165,0.945,5.6,0.129,0.12,92.89,0.733,Idle,normal
2026-09-27 00:45:00,1.12,31.08,56.61,30.0,0.623,3.968,0.579,31.76,3.946,1.025,5.89,0.181,0.12,92.04,1.3,Idle,normal
2026-09-27 01:00:00,0.5,31.02,52.53,30.36,0.746,4.026,0.636,31.9,4.14,1.018,5.34,0.128,0.12,92.25,1.294,Idle,normal
2026-09-27 01:15:00,0.23,29.25,55.74,30.48,0.326,3.914,0.589,32.17,3.942,1.05,3.94,0.169,0.12,91.58,0.922,Idle,normal
2026-09-27 01:30:00,0.92,28.99,54.77,30.3,1.075,3.975,0.605,30.25,4.18,0.95,3.43,0.145,0.12,91.45,1.497,Idle,normal
2026-09-27 01:45:00,0.44,29.57,54.78,29.91,0.281,3.914,0.576,31.01,3.917,1.004,6.54,0.125,0.12,92.48,0.795,Idle,normal
2026-09-27 02:00:00,1.11,30.22,54.28,31.0,0.1,3.984,0.653,31.46,3.966,0.916,5.21,0.121,0.12,92.03,0.702,Idle,normal
2026-09-27 02:15:00,0.84,29.66,54.45,29.33,0.1,4.036,0.657,31.64,4.153,1.147,5.08,0.159,0.12,91.59,0.574,Idle,normal
2026-09-27 02:30:00,1.38,27.48,56.36,32.48,0.1,4.037,0.585,29.57,4.149,0.869,6.8,0.205,0.12,91.95,0.604,Idle,normal
2026-09-27 02:45:00,0.33,28.01,51.12,30.76,0.205,3.964,0.743,30.4,4.078,0.918,3.94,0.121,0.12,92.44,0.776,Idle,normal
2026-09-27 03:00:00,0.82,27.22,52.62,28.87,0.269,4.027,0.562,31.21,3.885,0.958,2.48,0.152,0.12,92.41,0.893,Idle,normal
2026-09-27 03:15:00,0.0,27.5,54.51,30.19,0.589,3.991,0.65,32.11,4.002,1.239,3.19,0.169,0.12,91.73,1.274,Idle,normal
2026-09-27 03:30:00,0.0,28.75,54.04,30.77,0.34,4.068,0.552,31.0,3.999,1.077,4.47,0.149,0.12,92.75,1.013,Idle,normal
2026-09-27 03:45:00,1.55,26.09,53.94,29.65,0.645,3.994,0.639,30.65,3.903,0.915,5.12,0.08,0.12,92.05,1.212,Idle,normal
2026-09-27 04:00:00,0.2,25.7,58.51,28.5,0.366,3.851,0.635,31.57,4.057,1.082,6.39,0.169,0.12,92.36,1.001,Idle,normal
2026-09-27 04:15:00,0.73,26.11,54.25,28.96,0.355,4.045,0.549,30.86,3.911,1.052,5.84,0.09,0.12,92.29,0.793,Idle,normal
2026-09-27 04:30:00,0.11,26.79,55.34,30.54,0.148,3.977,0.593,31.91,3.862,1.027,2.44,0.09,0.12,92.31,0.589,Idle,normal
2026-09-27 04:45:00,0.0,26.86,52.56,28.25,0.848,3.986,0.693,31.1,3.829,1.07,7.8,0.098,0.12,91.93,1.54,Idle,normal
2026-09-27 05:00:00,0.01,26.52,51.32,28.55,0.1,4.017,0.559,30.27,4.161,1.006,4.59,0.144,0.12,92.26,0.583,Idle,normal
2026-09-27 05:15:00,1.31,26.93,52.85,30.54,0.455,3.929,0.62,32.37,3.941,1.017,6.23,0.111,0.12,92.41,0.942,Idle,normal
2026-09-27 05:30:00,0.51,24.42,55.11,29.78,0.286,4.004,0.617,32.02,3.933,0.845,5.55,0.093,0.12,92.22,0.583,Idle,normal
2026-09-27 05:45:00,0.0,26.62,54.74,29.3,0.624,4.027,0.598,30.43,3.887,1.144,5.01,0.165,0.12,92.32,1.278,Idle,normal
2026-09-27 06:00:00,14.5,25.29,55.01,187.37,13.035,7.059,4.013,33.63,4.122,3.01,63.48,1.593,0.866,96.33,15.541,Shift A,oven_inefficiency
2026-09-27 06:15:00,16.32,26.0,54.09,190.69,14.836,7.02,4.132,33.18,3.85,2.922,63.11,1.976,0.96,95.69,17.493,Shift A,oven_inefficiency
2026-09-27 06:30:00,14.51,24.25,54.11,186.56,12.669,7.119,4.317,33.92,3.861,2.965,59.67,1.873,0.85,96.19,15.482,Shift A,oven_inefficiency
2026-09-27 06:45:00,13.06,25.22,54.87,188.62,13.93,7.189,4.17,32.71,3.953,2.994,62.28,1.554,0.851,95.84,16.371,Shift A,oven_inefficiency
2026-09-27 07:00:00,16.42,25.33,57.08,185.88,12.724,7.068,4.079,34.06,3.983,2.964,65.94,1.914,0.986,96.48,15.544,Shift A,oven_inefficiency
2026-09-27 07:15:00,15.32,26.0,57.75,187.12,13.71,7.045,4.296,34.51,4.054,3.14,62.05,1.746,0.932,95.45,16.398,Shift A,oven_inefficiency
2026-09-27 07:30:00,14.64,23.77,54.51,185.96,12.689,7.074,3.944,32.39,3.912,3.108,65.18,1.908,0.867,96.43,15.359,Shift A,oven_inefficiency
2026-09-27 07:45:00,14.36,25.03,58.52,187.5,13.087,7.047,4.01,33.34,4.139,2.856,60.22,1.821,0.896,95.75,15.646,Shift A,oven_inefficiency
2026-09-27 08:00:00,15.68,24.13,56.2,187.22,13.036,7.005,4.103,34.25,3.914,2.966,61.73,1.904,0.982,96.68,15.644,Shift A,oven_inefficiency
2026-09-27 08:15:00,14.21,25.41,58.96,186.77,13.002,6.997,4.043,32.54,3.885,2.994,60.8,1.749,0.801,96.11,15.563,Shift A,oven_inefficiency
2026-09-27 08:30:00,15.74,25.66,58.17,188.08,13.224,6.898,4.219,32.94,3.876,3.025,61.78,1.781,0.835,96.22,15.848,Shift A,oven_inefficiency
2026-09-27 08:45:00,15.19,26.11,62.24,186.31,12.793,7.084,4.124,33.98,3.911,3.223,60.74,1.957,0.854,95.91,15.46,Shift A,oven_inefficiency
2026-09-27 09:00:00,14.92,24.71,58.83,187.09,12.98,6.997,4.169,33.24,3.866,2.943,59.29,1.929,0.89,96.19,15.811,Shift A,oven_inefficiency
2026-09-27 09:15:00,14.83,25.95,60.6,187.47,13.221,7.145,4.042,32.12,4.063,3.218,58.37,1.694,0.926,96.18,15.839,Shift A,oven_inefficiency
2026-09-27 09:30:00,14.54,26.39,62.04,185.04,12.482,7.092,4.117,33.21,3.889,3.042,61.42,1.923,0.836,95.95,15.035,Shift A,oven_inefficiency
2026-09-27 09:45:00,15.65,24.1,59.66,185.64,12.735,6.937,4.149,34.7,3.967,3.178,65.68,1.686,0.841,96.25,15.258,Shift A,oven_inefficiency
2026-09-27 10:00:00,19.88,26.03,61.85,186.3,13.171,7.125,4.226,35.16,3.885,3.018,68.33,1.783,0.873,94.79,15.906,Shift A,oven_inefficiency
2026-09-27 10:15:00,18.89,26.44,62.06,186.74,13.74,6.744,4.391,33.14,3.872,3.013,66.17,1.929,0.88,95.73,16.38,Shift A,oven_inefficiency
2026-09-27 10:30:00,21.8,25.62,62.15,187.38,13.813,7.193,4.519,32.94,4.097,3.057,71.37,2.063,0.929,95.95,16.666,Shift A,oven_inefficiency
2026-09-27 10:45:00,21.82,25.02,62.88,185.59,14.017,6.866,4.424,33.19,4.144,3.181,67.7,1.842,0.854,96.16,16.975,Shift A,oven_inefficiency
2026-09-27 11:00:00,21.62,26.93,66.55,185.33,13.044,7.05,4.446,35.17,4.119,3.1,64.5,1.797,0.931,96.33,15.852,Shift A,oven_inefficiency
2026-09-27 11:15:00,21.53,25.4,63.7,184.62,13.205,7.043,4.444,34.27,3.838,3.055,66.33,1.913,0.906,95.9,16.036,Shift A,oven_inefficiency
2026-09-27 11:30:00,20.58,26.42,66.58,185.66,12.763,7.112,4.406,34.83,3.856,3.118,66.34,1.917,0.939,95.85,15.541,Shift A,oven_inefficiency
2026-09-27 11:45:00,22.02,26.75,66.61,184.87,13.45,6.967,4.732,34.69,4.189,2.999,66.28,2.19,1.049,96.3,16.416,Shift A,oven_inefficiency
2026-09-27 12:00:00,20.94,27.57,63.71,184.73,12.594,6.785,4.707,32.89,3.969,3.117,68.68,2.077,0.872,96.4,15.495,Shift A,oven_inefficiency
2026-09-27 12:15:00,20.37,26.73,68.04,184.74,12.954,6.967,4.095,32.72,3.853,2.997,69.14,2.089,0.995,96.25,15.748,Shift A,oven_inefficiency
2026-09-27 12:30:00,20.59,26.92,64.65,185.23,12.822,6.978,4.494,33.2,4.1,3.23,61.34,2.052,1.031,95.94,15.881,Shift A,oven_inefficiency
2026-09-27 12:45:00,23.63,27.79,69.19,183.95,13.099,6.795,4.732,33.56,4.002,3.132,68.83,2.335,1.032,96.87,16.098,Shift A,oven_inefficiency
2026-09-27 13:00:00,18.74,28.77,67.35,183.58,12.399,7.005,4.299,33.23,4.056,3.182,56.16,1.753,0.942,95.99,15.104,Shift A,oven_inefficiency
2026-09-27 13:15:00,21.65,30.05,68.78,184.63,12.606,6.892,4.61,33.63,3.78,2.909,67.21,2.065,1.025,96.07,15.477,Shift A,oven_inefficiency
2026-09-27 13:30:00,18.82,27.27,66.55,181.02,12.338,7.065,4.528,34.32,3.96,3.148,64.63,1.814,0.957,96.47,15.252,Shift A,oven_inefficiency
2026-09-27 13:45:00,20.86,28.99,69.73,183.29,13.171,6.975,4.287,33.89,4.095,3.102,72.1,2.144,1.006,96.49,16.003,Shift A,oven_inefficiency
2026-09-27 14:00:00,20.44,28.13,71.65,182.6,12.713,7.196,4.442,34.79,3.932,2.947,70.82,2.055,0.951,96.19,15.558,Shift B,oven_inefficiency
2026-09-27 14:15:00,18.29,30.08,68.46,184.81,12.181,6.974,4.532,34.23,4.128,3.151,67.26,2.004,0.866,95.68,15.085,Shift B,oven_inefficiency
2026-09-27 14:30:00,21.51,28.77,69.1,183.04,13.049,7.043,4.342,33.26,3.867,2.945,64.48,2.003,1.016,95.99,16.023,Shift B,oven_inefficiency
2026-09-27 14:45:00,20.51,29.24,71.43,182.79,12.253,6.979,4.417,34.04,3.99,3.177,63.4,1.817,1.077,96.13,15.173,Shift B,oven_inefficiency
2026-09-27 15:00:00,18.27,29.56,71.65,183.18,12.662,6.838,4.242,32.59,4.167,3.279,61.16,2.023,0.902,96.64,15.429,Shift B,oven_inefficiency
2026-09-27 15:15:00,22.09,30.22,65.96,182.53,12.881,6.98,4.652,32.27,3.89,2.946,72.46,1.983,0.966,96.97,15.567,Shift B,oven_inefficiency
2026-09-27 15:30:00,22.87,30.79,74.95,182.61,12.972,7.075,4.715,34.72,4.034,3.144,65.85,2.23,0.98,95.73,15.977,Shift B,oven_inefficiency
2026-09-27 15:45:00,22.94,31.16,72.04,183.02,13.435,7.06,4.596,34.97,4.067,3.14,67.49,2.088,0.902,96.25,16.285,Shift B,oven_inefficiency
2026-09-27 16:00:00,21.47,31.0,72.39,182.41,12.341,6.971,4.492,34.14,4.017,2.95,64.62,1.949,0.915,95.65,15.103,Shift B,oven_inefficiency
2026-09-27 16:15:00,21.06,30.16,70.69,182.33,12.808,6.854,4.257,33.55,3.98,3.223,63.18,2.233,0.968,95.89,15.623,Shift B,oven_inefficiency
2026-09-27 16:30:00,22.73,32.02,67.21,181.68,13.176,7.064,4.734,33.25,3.924,3.223,69.45,2.178,0.968,95.61,16.137,Shift B,oven_inefficiency
2026-09-27 16:45:00,23.19,31.6,72.18,181.48,12.555,7.042,4.549,35.1,4.03,3.364,69.33,2.235,0.979,96.5,15.52,Shift B,oven_inefficiency
2026-09-27 17:00:00,22.47,32.76,69.56,182.65,12.464,7.084,4.531,34.64,4.005,3.23,61.55,2.049,0.971,96.02,15.375,Shift B,oven_inefficiency
2026-09-27 17:15:00,19.78,31.44,71.61,182.85,12.406,6.973,4.503,34.36,3.866,3.057,61.89,1.952,0.932,96.05,15.188,Shift B,oven_inefficiency
2026-09-27 17:30:00,21.26,30.89,69.88,181.09,12.75,6.832,4.499,34.07,4.118,3.207,67.9,2.187,0.917,95.92,15.62,Shift B,oven_inefficiency
2026-09-27 17:45:00,21.57,32.3,70.55,183.27,12.196,7.053,4.615,33.89,3.922,3.294,67.2,2.23,0.981,96.09,15.243,Shift B,oven_inefficiency
2026-09-27 18:00:00,18.65,33.5,68.24,183.26,12.634,6.999,4.391,33.32,3.877,3.137,63.58,1.863,0.94,96.1,15.441,Shift B,oven_inefficiency
2026-09-27 18:15:00,21.61,32.72,71.21,183.48,12.221,7.139,4.521,34.44,3.955,3.261,69.27,2.059,0.915,95.72,15.135,Shift B,oven_inefficiency
2026-09-27 18:30:00,23.95,32.54,66.76,182.82,13.312,7.003,4.675,33.89,3.925,2.934,65.23,2.022,1.008,95.35,16.193,Shift B,oven_inefficiency
2026-09-27 18:45:00,21.83,32.09,73.26,183.19,12.885,6.995,4.375,33.75,3.987,3.314,65.86,2.049,0.931,95.49,15.705,Shift B,oven_inefficiency
2026-09-27 19:00:00,22.92,34.27,72.84,184.77,13.686,7.042,4.557,35.76,3.897,3.279,70.18,2.186,1.008,95.43,16.783,Shift B,oven_inefficiency
2026-09-27 19:15:00,21.24,32.1,71.2,182.33,12.843,6.94,4.604,34.2,4.057,2.918,65.17,1.952,0.953,96.0,15.837,Shift B,oven_inefficiency
2026-09-27 19:30:00,20.9,32.39,70.03,181.64,12.475,6.935,4.346,32.13,4.152,3.223,67.75,1.955,0.971,95.63,15.423,Shift B,oven_inefficiency
2026-09-27 19:45:00,21.5,33.45,66.83,181.22,12.369,6.99,4.404,33.79,4.028,2.996,63.91,1.861,0.967,96.25,15.009,Shift B,oven_inefficiency
2026-09-27 20:00:00,19.94,31.52,68.83,184.59,12.813,6.908,4.291,33.19,3.866,3.085,63.47,1.88,0.936,96.07,15.534,Shift B,oven_inefficiency
2026-09-27 20:15:00,19.75,34.01,65.79,184.69,12.721,6.977,4.403,34.15,3.929,3.264,60.43,2.168,0.953,95.35,15.7,Shift B,oven_inefficiency
2026-09-27 20:30:00,22.65,33.47,62.34,182.09,13.14,7.194,4.727,33.29,4.04,3.182,62.21,2.154,1.014,95.78,16.075,Shift B,oven_inefficiency
2026-09-27 20:45:00,22.78,33.64,67.9,182.39,12.417,7.104,4.633,34.73,3.822,3.307,67.08,2.205,0.979,95.19,15.367,Shift B,oven_inefficiency
2026-09-27 21:00:00,19.71,33.31,66.59,182.91,13.212,7.031,4.121,33.79,3.894,3.187,67.09,1.903,0.942,95.55,15.865,Shift B,oven_inefficiency
2026-09-27 21:15:00,22.26,32.66,63.69,184.58,13.37,7.155,4.613,33.91,3.85,3.162,67.69,2.017,0.949,95.82,16.252,Shift B,oven_inefficiency
2026-09-27 21:30:00,20.89,31.84,60.72,182.19,12.505,6.918,4.4,34.21,4.023,3.275,70.28,1.957,0.86,95.6,15.288,Shift B,oven_inefficiency
2026-09-27 21:45:00,21.44,32.48,61.42,181.64,13.256,7.249,4.548,34.17,4.23,3.159,66.12,2.106,0.959,96.58,15.983,Shift B,oven_inefficiency
2026-09-27 22:00:00,0.6,31.68,58.36,29.02,0.1,4.024,0.598,31.5,3.885,0.997,4.41,0.227,0.12,92.54,0.74,Idle,normal
2026-09-27 22:15:00,1.29,32.71,63.3,28.26,0.422,3.964,0.613,31.52,4.096,1.011,6.21,0.157,0.12,92.14,0.993,Idle,normal
2026-09-27 22:30:00,0.11,32.82,57.62,31.42,0.1,4.049,0.623,31.69,3.959,0.993,6.05,0.161,0.12,92.84,0.53,Idle,normal
2026-09-27 22:45:00,1.83,33.19,60.82,30.4,0.996,3.994,0.622,32.01,3.885,1.116,5.87,0.129,0.12,91.97,1.625,Idle,normal
2026-09-27 23:00:00,0.4,32.13,57.98,29.67,0.1,3.986,0.678,31.86,4.169,0.933,4.36,0.141,0.12,92.18,0.641,Idle,normal
2026-09-27 23:15:00,0.81,32.38,56.25,29.48,0.1,4.001,0.603,32.56,4.229,0.917,4.88,0.201,0.12,92.59,0.715,Idle,normal
2026-09-27 23:30:00,0.0,31.2,59.03,31.46,0.128,4.07,0.535,31.09,4.05,0.894,4.88,0.154,0.12,91.95,0.675,Idle,normal
2026-09-27 23:45:00,2.81,30.84,57.35,30.59,0.813,3.931,0.52,31.68,4.044,0.786,7.09,0.176,0.12,92.55,1.214,Idle,normal
2026-09-28 00:00:00,0.61,31.38,59.18,31.15,0.684,4.083,0.682,33.59,4.016,1.148,4.99,0.202,0.12,92.43,1.338,Idle,normal
2026-09-28 00:15:00,0.93,30.46,54.46,29.42,0.393,4.048,0.625,31.49,3.991,0.91,4.82,0.194,0.12,92.49,0.974,Idle,normal
2026-09-28 00:30:00,0.0,30.75,55.01,30.05,0.707,3.999,0.61,31.53,4.041,0.976,3.85,0.151,0.12,92.93,1.318,Idle,normal
2026-09-28 00:45:00,0.0,29.44,51.29,30.4,0.31,4.059,0.622,30.43,4.069,1.156,4.03,0.154,0.12,92.47,0.965,Idle,normal
2026-09-28 01:00:00,1.61,29.33,51.27,29.45,0.498,3.984,0.608,30.85,4.168,0.986,4.32,0.135,0.12,92.33,1.189,Idle,normal
2026-09-28 01:15:00,0.37,30.29,58.83,29.9,0.928,4.014,0.622,31.42,3.953,1.051,5.36,0.17,0.12,91.77,1.558,Idle,normal
2026-09-28 01:30:00,0.0,30.23,59.03,29.42,0.264,3.973,0.581,31.9,4.018,0.858,3.58,0.133,0.12,92.36,0.687,Idle,normal
2026-09-28 01:45:00,1.35,28.47,54.7,30.4,0.1,4.048,0.653,31.9,3.989,1.14,4.33,0.164,0.12,92.14,0.696,Idle,normal
2026-09-28 02:00:00,0.0,29.54,52.56,28.68,0.515,3.965,0.574,31.68,4.105,0.988,3.14,0.192,0.12,92.22,0.961,Idle,normal
2026-09-28 02:15:00,1.83,28.31,53.33,30.57,0.609,3.997,0.555,31.95,4.237,0.898,6.4,0.083,0.12,92.15,1.182,Idle,normal
2026-09-28 02:30:00,0.0,28.49,55.43,30.31,0.389,4.034,0.515,30.49,4.104,0.898,5.11,0.076,0.12,92.48,0.785,Idle,normal
2026-09-28 02:45:00,0.27,29.35,52.45,29.8,0.701,4.052,0.588,31.8,4.081,1.169,5.31,0.148,0.12,91.95,1.449,Idle,normal
2026-09-28 03:00:00,1.53,28.61,53.78,30.45,0.28,3.959,0.663,31.41,4.089,0.941,3.91,0.177,0.12,92.39,0.794,Idle,normal
2026-09-28 03:15:00,0.0,28.35,53.15,29.64,0.395,4.038,0.577,31.42,4.124,0.9,6.16,0.161,0.12,91.93,0.893,Idle,normal
2026-09-28 03:30:00,0.0,29.0,51.94,29.33,0.481,3.951,0.531,31.06,4.241,0.957,6.5,0.102,0.12,91.65,0.934,Idle,normal
2026-09-28 03:45:00,0.0,26.67,51.97,30.54,0.451,3.892,0.614,30.45,3.822,1.005,5.07,0.186,0.12,92.19,0.937,Idle,normal
2026-09-28 04:00:00,1.08,26.21,53.59,30.59,0.915,3.963,0.567,30.17,4.049,1.015,4.52,0.226,0.12,92.48,1.417,Idle,normal
2026-09-28 04:15:00,0.0,26.2,51.07,29.49,0.479,4.042,0.677,31.47,3.731,1.044,5.55,0.115,0.12,92.02,1.05,Idle,normal
2026-09-28 04:30:00,0.0,26.36,53.98,29.41,0.244,3.999,0.654,31.61,4.085,1.023,5.73,0.121,0.12,92.33,0.787,Idle,normal
2026-09-28 04:45:00,1.07,24.48,52.23,29.82,0.535,3.973,0.536,30.88,4.037,1.065,5.87,0.151,0.12,92.17,1.031,Idle,normal
2026-09-28 05:00:00,0.0,26.01,53.56,29.45,0.703,4.003,0.591,31.13,3.933,0.973,5.66,0.145,0.12,91.92,1.247,Idle,normal
2026-09-28 05:15:00,0.0,25.56,56.25,31.53,0.621,4.001,0.562,30.51,3.719,1.207,5.96,0.198,0.12,92.53,1.162,Idle,normal
2026-09-28 05:30:00,0.0,26.45,53.35,30.32,0.602,4.031,0.542,31.55,3.988,0.951,4.31,0.161,0.12,92.08,1.107,Idle,normal
2026-09-28 05:45:00,0.0,25.96,55.77,30.01,0.1,3.919,0.597,31.19,4.01,1.135,5.91,0.138,0.12,92.43,0.801,Idle,normal
2026-09-28 06:00:00,20.99,25.06,50.62,185.72,12.196,7.099,4.371,33.23,3.978,2.979,67.5,2.145,0.984,95.47,14.995,Shift A,oven_inefficiency
2026-09-28 06:15:00,22.21,25.88,53.58,187.18,14.072,7.016,4.607,34.44,3.925,2.907,68.97,1.658,0.981,95.99,16.811,Shift A,oven_inefficiency
2026-09-28 06:30:00,20.0,25.88,54.92,187.25,13.619,6.956,4.278,34.05,3.898,2.881,61.75,2.082,1.014,96.16,16.316,Shift A,oven_inefficiency
2026-09-28 06:45:00,23.15,24.6,59.08,188.68,14.32,7.282,4.366,32.26,3.977,3.061,62.18,2.252,1.046,96.03,17.2,Shift A,oven_inefficiency
2026-09-28 07:00:00,20.11,24.74,51.72,186.91,13.596,6.901,4.443,33.59,3.903,3.144,71.8,1.998,0.889,96.26,16.469,Shift A,oven_inefficiency
2026-09-28 07:15:00,20.11,23.3,55.87,187.63,14.294,7.088,4.331,32.59,4.058,2.899,61.25,2.149,0.925,96.16,17.053,Shift A,oven_inefficiency
2026-09-28 07:30:00,23.0,24.16,59.43,187.54,14.322,7.033,4.578,33.7,3.973,2.935,73.45,2.058,1.082,96.04,17.12,Shift A,oven_inefficiency
2026-09-28 07:45:00,21.27,24.41,55.43,188.4,14.379,6.994,4.63,31.12,3.809,3.053,68.56,1.883,0.96,96.21,17.264,Shift A,oven_inefficiency
2026-09-28 08:00:00,20.28,25.06,57.07,187.03,13.1,7.019,4.426,33.72,4.002,3.041,66.62,1.952,0.984,95.82,15.963,Shift A,oven_inefficiency
2026-09-28 08:15:00,20.8,24.25,58.68,187.91,13.524,6.949,4.629,34.2,4.022,2.97,65.15,1.982,0.896,96.11,16.417,Shift A,oven_inefficiency
2026-09-28 08:30:00,22.76,24.62,58.92,185.28,12.275,7.043,4.557,33.52,4.144,2.917,75.25,2.031,0.961,96.0,15.018,Shift A,oven_inefficiency
2026-09-28 08:45:00,22.91,24.1,62.24,185.27,13.342,7.032,4.695,32.73,4.073,3.061,66.37,2.083,0.939,96.64,16.371,Shift A,oven_inefficiency
2026-09-28 09:00:00,19.94,25.27,60.57,184.48,13.099,7.268,4.331,35.08,3.895,3.102,63.79,1.987,0.986,96.08,15.886,Shift A,oven_inefficiency
2026-09-28 09:15:00,20.94,25.55,62.9,187.43,14.03,7.107,4.47,34.55,4.129,3.109,68.71,1.938,0.988,95.49,16.801,Shift A,oven_inefficiency
2026-09-28 09:30:00,21.12,25.63,60.11,187.2,13.776,7.052,4.355,33.14,3.848,3.042,64.82,1.896,1.015,96.03,16.66,Shift A,oven_inefficiency
2026-09-28 09:45:00,19.72,25.42,59.93,187.29,13.4,7.058,4.285,33.29,3.989,2.941,62.55,2.034,0.882,95.61,16.267,Shift A,oven_inefficiency
2026-09-28 10:00:00,20.93,24.3,61.55,185.57,12.828,7.184,4.429,31.92,4.057,3.063,66.5,1.877,0.979,96.24,15.615,Shift A,oven_inefficiency
2026-09-28 10:15:00,21.01,25.18,60.27,185.54,12.736,6.903,4.301,33.87,4.131,3.078,68.81,1.917,0.953,96.25,15.456,Shift A,oven_inefficiency
2026-09-28 10:30:00,22.48,25.5,64.14,185.84,13.169,6.982,4.568,32.59,4.175,2.932,73.71,1.951,0.848,95.77,16.004,Shift A,oven_inefficiency
2026-09-28 10:45:00,22.57,25.67,62.98,187.25,13.34,6.809,4.518,34.2,4.114,3.031,74.4,2.12,0.994,95.58,16.124,Shift A,oven_inefficiency
2026-09-28 11:00:00,20.57,26.23,62.99,187.34,14.162,7.056,4.462,34.5,3.975,3.097,60.98,2.08,1.011,95.99,17.253,Shift A,oven_inefficiency
2026-09-28 11:15:00,20.72,27.5,65.89,186.28,12.747,7.085,4.286,33.61,4.052,3.081,69.62,2.095,1.027,95.65,15.512,Shift A,oven_inefficiency
2026-09-28 11:30:00,21.86,27.21,63.16,185.66,13.058,6.9,4.596,32.99,4.015,2.885,64.57,2.112,0.961,95.69,15.949,Shift A,oven_inefficiency
2026-09-28 11:45:00,20.24,25.99,67.52,186.5,12.551,7.144,4.618,34.76,3.917,2.987,63.25,2.091,0.984,95.79,15.433,Shift A,oven_inefficiency
2026-09-28 12:00:00,21.77,27.54,65.54,184.74,13.017,6.928,4.684,33.93,3.983,3.014,65.81,2.138,0.988,96.21,15.875,Shift A,oven_inefficiency
2026-09-28 12:15:00,20.89,27.74,69.32,184.45,12.784,6.966,4.682,34.02,4.175,3.159,64.83,2.104,0.913,95.47,15.648,Shift A,oven_inefficiency
2026-09-28 12:30:00,19.74,26.82,66.69,184.54,12.58,7.012,4.389,32.93,4.056,3.337,62.4,2.025,0.892,95.72,15.556,Shift A,oven_inefficiency
2026-09-28 12:45:00,19.76,28.39,69.2,183.53,12.235,7.159,4.343,33.93,4.204,3.131,58.65,1.893,0.935,96.8,15.065,Shift A,oven_inefficiency
2026-09-28 13:00:00,22.88,27.84,68.72,184.18,12.912,6.914,4.631,33.75,3.887,2.962,72.78,2.007,0.963,96.66,15.722,Shift A,oven_inefficiency
2026-09-28 13:15:00,20.8,27.09,70.25,183.08,12.418,7.029,4.419,32.66,3.954,3.058,69.26,2.222,0.954,96.38,15.261,Shift A,oven_inefficiency
2026-09-28 13:30:00,23.13,28.84,69.36,185.07,13.048,7.077,4.379,34.91,4.041,3.113,68.62,2.156,0.957,96.01,15.859,Shift A,oven_inefficiency
2026-09-28 13:45:00,20.33,28.91,66.16,184.44,13.421,7.057,4.518,35.34,4.074,3.192,63.24,2.088,0.955,96.25,16.405,Shift A,oven_inefficiency
2026-09-28 14:00:00,21.38,28.82,71.81,185.18,13.031,7.061,4.455,34.7,3.988,3.232,70.79,1.956,0.903,95.86,15.967,Shift B,oven_inefficiency
2026-09-28 14:15:00,24.11,29.23,69.9,181.98,13.036,7.076,4.471,34.62,4.081,3.262,69.36,2.112,1.066,94.98,16.031,Shift B,oven_inefficiency
2026-09-28 14:30:00,19.63,28.95,71.89,185.38,12.705,6.945,4.317,35.21,4.079,3.171,63.78,1.891,0.845,95.79,15.507,Shift B,oven_inefficiency
2026-09-28 14:45:00,18.53,30.27,71.9,181.78,12.102,7.169,4.287,33.05,3.866,3.124,59.59,2.025,0.918,95.75,14.966,Shift B,oven_inefficiency
2026-09-28 15:00:00,22.67,30.0,69.15,182.03,12.719,6.989,4.562,33.2,4.079,3.285,69.87,2.043,0.962,95.94,15.525,Shift B,oven_inefficiency
2026-09-28 15:15:00,19.93,30.42,69.0,182.5,13.379,6.976,4.398,33.64,4.113,3.112,64.78,1.895,0.932,96.11,16.21,Shift B,oven_inefficiency
2026-09-28 15:30:00,20.97,30.82,72.23,184.32,12.671,7.135,4.623,34.39,4.037,3.153,67.51,2.261,0.909,96.56,15.718,Shift B,oven_inefficiency
2026-09-28 15:45:00,20.24,29.85,70.37,183.15,12.693,6.937,4.26,33.6,3.819,3.088,66.57,2.019,0.867,95.96,15.495,Shift B,oven_inefficiency
2026-09-28 16:00:00,21.35,30.28,72.87,182.59,12.337,7.032,4.463,33.19,3.977,2.92,68.97,2.116,0.968,95.59,15.183,Shift B,oven_inefficiency
2026-09-28 16:15:00,19.76,29.45,70.62,181.97,11.516,6.928,4.28,33.82,4.046,3.251,66.29,1.85,0.927,95.86,14.267,Shift B,oven_inefficiency
2026-09-28 16:30:00,20.77,31.89,72.97,181.31,12.305,7.252,4.597,34.14,3.925,3.226,65.62,1.817,0.968,96.13,15.136,Shift B,oven_inefficiency
2026-09-28 16:45:00,21.58,30.67,71.67,183.77,13.577,7.231,4.428,34.68,4.099,2.913,68.94,2.176,0.877,95.93,16.358,Shift B,oven_inefficiency
2026-09-28 17:00:00,19.69,31.93,71.27,183.38,12.749,6.989,4.34,34.09,4.085,3.272,68.42,1.765,1.022,95.68,15.592,Shift B,oven_inefficiency
2026-09-28 17:15:00,20.09,32.3,69.77,183.9,13.208,7.052,4.531,32.69,4.027,3.143,70.57,1.857,0.937,96.16,16.012,Shift B,oven_inefficiency
2026-09-28 17:30:00,20.55,32.66,70.78,182.92,12.454,7.001,4.592,34.59,4.016,3.278,62.98,1.93,0.794,95.55,15.182,Shift B,oven_inefficiency
2026-09-28 17:45:00,19.14,31.36,72.46,179.86,11.762,6.965,4.525,35.4,4.029,3.164,68.41,1.862,0.939,95.56,14.674,Shift B,oven_inefficiency
2026-09-28 18:00:00,20.45,32.41,69.69,181.26,12.17,7.012,4.23,34.05,4.013,3.039,61.49,2.022,0.922,96.05,14.99,Shift B,oven_inefficiency
2026-09-28 18:15:00,21.15,33.92,70.55,182.97,12.77,6.996,4.527,35.13,3.891,3.195,69.93,1.885,0.897,95.67,15.649,Shift B,oven_inefficiency
2026-09-28 18:30:00,20.48,34.07,69.23,182.15,12.625,6.848,4.461,33.9,3.977,3.112,64.51,1.972,1.007,95.81,15.413,Shift B,oven_inefficiency
2026-09-28 18:45:00,20.65,33.58,69.02,181.99,12.551,7.026,4.433,34.7,4.026,3.074,68.96,2.082,0.994,95.93,15.383,Shift B,oven_inefficiency
2026-09-28 19:00:00,20.97,33.13,71.81,181.48,12.407,6.996,4.466,33.64,4.158,3.286,71.2,2.13,0.969,95.9,15.386,Shift B,oven_inefficiency
2026-09-28 19:15:00,20.15,32.12,70.34,183.58,12.929,7.031,4.563,34.02,4.082,3.214,66.67,1.815,0.946,95.63,15.79,Shift B,oven_inefficiency
2026-09-28 19:30:00,21.9,33.54,67.64,183.15,12.532,6.992,4.639,34.19,4.165,3.357,67.57,2.06,0.988,96.07,15.462,Shift B,oven_inefficiency
2026-09-28 19:45:00,22.87,32.87,67.43,183.26,12.907,6.964,4.68,34.73,3.875,3.132,68.28,2.167,0.896,95.64,15.954,Shift B,oven_inefficiency
2026-09-28 20:00:00,20.4,33.45,65.1,182.2,12.603,7.087,4.449,33.59,3.982,3.094,64.94,2.027,0.954,96.51,15.392,Shift B,oven_inefficiency
2026-09-28 20:15:00,21.63,32.49,65.63,183.1,12.552,7.053,4.77,33.21,4.221,3.256,70.84,2.03,1.021,95.81,15.308,Shift B,oven_inefficiency
2026-09-28 20:30:00,20.69,32.83,66.06,181.68,12.254,7.14,4.393,34.54,3.941,3.093,66.3,1.921,1.0,96.13,15.087,Shift B,oven_inefficiency
2026-09-28 20:45:00,21.48,33.05,66.59,182.99,12.51,7.049,4.295,34.46,3.94,3.149,60.8,2.156,0.905,96.21,15.372,Shift B,oven_inefficiency
2026-09-28 21:00:00,23.04,33.06,65.83,180.7,13.473,6.98,4.55,34.37,3.989,3.237,71.38,2.147,0.986,95.77,16.432,Shift B,oven_inefficiency
2026-09-28 21:15:00,21.66,33.18,61.54,181.78,13.032,7.062,4.507,35.01,4.219,3.192,69.99,1.85,0.904,95.58,15.902,Shift B,oven_inefficiency
2026-09-28 21:30:00,18.69,32.23,65.13,183.16,12.793,6.802,4.478,34.01,3.946,3.117,64.95,1.923,0.932,96.21,15.586,Shift B,oven_inefficiency
2026-09-28 21:45:00,21.59,31.51,62.41,185.99,12.916,7.21,4.434,34.31,4.066,3.022,65.07,2.033,0.921,95.48,15.826,Shift B,oven_inefficiency
2026-09-28 22:00:00,1.6,33.76,60.03,29.22,0.1,3.962,0.593,31.49,4.058,1.094,5.05,0.163,0.12,91.84,0.545,Idle,normal
2026-09-28 22:15:00,0.0,34.32,64.08,29.32,0.734,3.937,0.52,31.56,3.828,0.963,2.98,0.1,0.12,92.5,1.22,Idle,normal
2026-09-28 22:30:00,1.29,32.53,63.75,29.71,0.667,4.025,0.565,31.92,4.013,1.062,5.02,0.186,0.12,92.22,1.162,Idle,normal
2026-09-28 22:45:00,0.0,30.95,60.77,29.29,0.398,4.008,0.605,33.36,3.953,1.049,5.58,0.157,0.12,92.03,1.024,Idle,normal
2026-09-28 23:00:00,0.0,31.21,61.09,28.53,0.22,3.998,0.565,32.14,4.077,1.109,6.77,0.132,0.12,92.09,0.701,Idle,normal
2026-09-28 23:15:00,0.18,32.04,60.64,30.68,0.1,3.994,0.498,32.01,4.186,0.976,6.09,0.174,0.12,92.04,0.61,Idle,normal
2026-09-28 23:30:00,0.0,32.51,61.35,30.35,0.654,4.016,0.605,32.29,3.98,0.965,6.93,0.166,0.12,93.07,1.187,Idle,normal
2026-09-28 23:45:00,0.0,30.25,59.48,28.66,0.765,4.017,0.564,29.59,3.971,0.889,6.68,0.108,0.12,92.62,1.264,Idle,normal
2026-09-29 00:00:00,1.67,30.9,54.84,29.76,0.112,3.975,0.633,31.82,4.259,0.946,6.39,0.202,0.12,92.01,0.592,Idle,normal
2026-09-29 00:15:00,0.0,30.93,61.02,29.82,0.1,3.968,0.547,32.24,3.937,1.034,5.03,0.05,0.12,92.19,0.629,Idle,normal
2026-09-29 00:30:00,0.0,31.22,58.65,30.18,0.784,3.997,0.713,31.71,3.875,0.918,5.34,0.194,0.12,92.51,1.335,Idle,normal
2026-09-29 00:45:00,0.0,30.01,55.05,28.92,0.125,3.991,0.626,31.45,4.142,1.032,3.33,0.143,0.12,91.93,0.696,Idle,normal
2026-09-29 01:00:00,0.0,28.78,53.58,28.65,0.973,4.103,0.61,30.63,3.994,1.147,5.13,0.19,0.12,92.07,1.678,Idle,normal
2026-09-29 01:15:00,0.0,30.28,56.24,30.52,0.312,3.981,0.631,31.17,4.033,0.955,5.57,0.208,0.12,92.21,0.862,Idle,normal
2026-09-29 01:30:00,1.82,30.42,54.3,28.47,0.215,4.014,0.509,30.78,4.229,0.869,4.72,0.133,0.12,91.95,0.605,Idle,normal
2026-09-29 01:45:00,1.24,29.2,55.18,29.77,0.366,4.023,0.575,32.19,3.86,0.959,3.46,0.135,0.12,92.68,1.032,Idle,normal
2026-09-29 02:00:00,0.64,29.32,55.69,29.67,0.215,4.07,0.689,32.68,3.982,0.858,6.58,0.163,0.12,92.04,0.813,Idle,normal
2026-09-29 02:15:00,0.19,28.36,52.8,29.88,0.744,3.959,0.584,32.88,3.874,1.133,5.41,0.105,0.12,92.26,1.345,Idle,normal
2026-09-29 02:30:00,0.51,27.8,51.45,30.25,0.66,4.067,0.597,30.61,4.029,1.008,6.72,0.137,0.12,92.35,1.173,Idle,normal
2026-09-29 02:45:00,0.0,29.04,54.25,31.6,0.731,3.993,0.577,30.84,3.945,0.927,5.74,0.133,0.12,92.9,1.292,Idle,normal
2026-09-29 03:00:00,1.11,28.27,52.24,28.4,0.415,4.125,0.673,30.78,3.88,0.944,6.37,0.103,0.12,92.23,0.772,Idle,normal
2026-09-29 03:15:00,0.0,28.11,53.47,30.88,0.19,4.018,0.588,30.5,4.07,0.882,6.16,0.131,0.12,93.07,0.807,Idle,normal
2026-09-29 03:30:00,1.09,28.67,50.39,27.49,0.347,3.939,0.537,30.52,4.0,1.101,4.32,0.18,0.12,92.11,0.966,Idle,normal
2026-09-29 03:45:00,1.54,26.39,52.51,31.39,0.201,3.99,0.729,30.85,3.864,1.184,4.49,0.177,0.12,92.26,0.802,Idle,normal
2026-09-29 04:00:00,0.27,26.56,54.43,27.96,0.863,4.067,0.531,31.85,3.871,0.851,4.57,0.143,0.12,92.58,1.407,Idle,normal
2026-09-29 04:15:00,0.0,26.9,54.23,32.44,0.701,4.004,0.595,30.64,4.012,1.104,4.03,0.152,0.12,93.03,1.306,Idle,normal
2026-09-29 04:30:00,0.52,26.11,51.5,29.61,0.318,3.997,0.558,31.97,3.821,0.975,6.77,0.138,0.12,92.2,0.748,Idle,normal
2026-09-29 04:45:00,0.0,26.99,50.84,31.29,0.1,4.036,0.565,32.3,4.015,1.127,5.04,0.08,0.12,92.76,0.65,Idle,normal
2026-09-29 05:00:00,0.39,26.02,53.34,31.08,0.889,3.983,0.547,31.35,4.122,0.817,5.46,0.109,0.12,92.62,1.38,Idle,normal
2026-09-29 05:15:00,0.0,25.2,54.6,29.56,0.398,3.989,0.573,32.05,4.052,1.023,3.67,0.188,0.12,92.02,0.926,Idle,normal
2026-09-29 05:30:00,0.0,25.88,54.5,29.64,0.304,3.953,0.649,30.08,3.925,0.959,5.82,0.198,0.12,92.28,0.831,Idle,normal
2026-09-29 05:45:00,0.92,25.81,52.9,29.16,0.892,4.086,0.505,30.63,4.015,1.066,4.59,0.116,0.12,92.26,1.479,Idle,normal
2026-09-29 06:00:00,20.9,26.28,54.8,186.55,13.123,7.053,4.446,33.82,3.864,3.058,71.87,2.133,0.954,95.6,16.01,Shift A,oven_inefficiency
2026-09-29 06:15:00,19.52,25.73,57.52,188.58,13.86,6.926,4.422,33.79,4.001,3.055,65.81,1.944,0.971,95.97,16.834,Shift A,oven_inefficiency
2026-09-29 06:30:00,20.82,25.67,55.27,186.32,13.143,6.904,4.493,34.8,3.954,3.038,67.0,2.0,0.96,95.99,15.938,Shift A,oven_inefficiency
2026-09-29 06:45:00,21.09,25.47,51.97,188.11,13.437,7.176,4.564,32.89,3.882,3.195,64.48,2.088,0.91,96.05,16.384,Shift A,oven_inefficiency
2026-09-29 07:00:00,21.15,24.99,56.04,188.12,14.02,6.919,4.42,33.12,4.046,3.026,65.12,2.248,1.042,95.95,16.856,Shift A,oven_inefficiency
2026-09-29 07:15:00,21.21,24.5,60.15,186.86,13.162,7.064,4.384,33.42,3.784,3.1,70.67,2.1,0.978,95.72,16.081,Shift A,oven_inefficiency
2026-09-29 07:30:00,22.35,25.27,53.95,186.09,13.086,7.053,4.56,33.25,3.866,3.097,72.61,2.126,0.911,96.83,15.895,Shift A,oven_inefficiency
2026-09-29 07:45:00,19.59,24.74,57.06,185.27,12.593,7.117,4.369,32.66,3.876,3.114,68.02,1.88,0.844,96.07,15.393,Shift A,oven_inefficiency
2026-09-29 08:00:00,21.23,26.35,57.05,186.55,13.124,6.834,4.504,33.33,3.939,2.958,68.76,1.9,0.989,96.42,16.031,Shift A,oven_inefficiency
2026-09-29 08:15:00,22.68,26.08,58.21,187.6,13.533,7.089,4.475,33.48,4.118,3.14,70.29,2.066,1.037,96.09,16.442,Shift A,oven_inefficiency
2026-09-29 08:30:00,18.75,25.54,58.94,185.91,13.014,6.994,4.402,34.74,4.062,3.088,64.66,2.086,0.948,96.5,15.79,Shift A,oven_inefficiency
2026-09-29 08:45:00,21.23,25.38,61.39,186.98,13.417,6.94,4.333,32.71,3.996,2.928,63.5,1.933,0.985,95.68,16.262,Shift A,oven_inefficiency
2026-09-29 09:00:00,20.24,25.07,59.84,185.29,12.916,6.975,4.361,34.17,3.99,3.019,61.96,2.051,0.975,95.96,15.772,Shift A,oven_inefficiency
2026-09-29 09:15:00,20.52,24.2,62.8,186.41,14.05,7.104,4.567,34.6,3.98,3.253,70.41,1.996,0.946,95.81,16.959,Shift A,oven_inefficiency
2026-09-29 09:30:00,19.82,25.13,60.59,185.37,12.829,7.073,4.254,33.05,4.122,3.013,65.74,2.109,0.854,95.79,15.534,Shift A,oven_inefficiency
2026-09-29 09:45:00,20.78,25.49,60.71,186.31,13.428,6.987,4.573,33.9,3.804,2.996,68.13,2.065,0.914,96.06,16.162,Shift A,oven_inefficiency
2026-09-29 10:00:00,23.39,25.72,60.66,185.75,13.532,6.886,4.435,34.08,4.064,3.103,69.69,2.047,1.02,95.9,16.588,Shift A,oven_inefficiency
2026-09-29 10:15:00,19.36,26.05,58.95,184.92,12.721,6.893,4.171,33.8,3.937,3.0,66.21,1.927,0.962,95.5,15.415,Shift A,oven_inefficiency
2026-09-29 10:30:00,19.48,26.56,63.73,185.3,12.932,7.075,4.19,33.59,4.041,3.085,66.57,2.022,0.924,95.89,15.633,Shift A,oven_inefficiency
2026-09-29 10:45:00,19.31,25.44,67.86,184.87,12.737,6.872,4.372,33.01,4.037,3.006,67.47,1.962,0.904,95.86,15.548,Shift A,oven_inefficiency
2026-09-29 11:00:00,23.25,25.63,65.25,184.33,13.037,6.988,4.682,34.3,4.06,3.096,66.62,1.963,0.988,96.29,15.863,Shift A,oven_inefficiency
2026-09-29 11:15:00,20.4,27.52,66.27,186.57,13.06,7.268,4.579,33.56,4.152,3.091,69.91,1.963,0.928,95.45,15.965,Shift A,oven_inefficiency
2026-09-29 11:30:00,20.97,27.18,64.62,184.97,12.717,7.046,4.604,33.87,3.856,3.263,64.66,2.353,0.948,95.82,15.842,Shift A,oven_inefficiency
2026-09-29 11:45:00,20.48,26.47,65.49,182.96,12.579,7.074,4.532,33.88,4.09,3.078,67.15,1.98,0.952,95.69,15.355,Shift A,oven_inefficiency
2026-09-29 12:00:00,19.77,26.91,68.47,184.38,11.988,6.894,4.287,34.3,3.985,3.051,62.25,2.175,0.898,96.25,14.792,Shift A,oven_inefficiency
2026-09-29 12:15:00,20.69,27.15,71.02,185.75,13.575,6.877,4.341,35.22,3.947,3.177,66.12,1.792,0.988,95.79,16.409,Shift A,oven_inefficiency
2026-09-29 12:30:00,24.2,27.49,70.45,183.91,13.741,7.08,4.746,33.37,4.197,2.962,67.8,2.115,0.982,96.34,16.57,Shift A,oven_inefficiency
2026-09-29 12:45:00,22.81,28.09,69.54,186.01,13.361,6.972,4.739,34.05,4.067,3.27,68.6,2.154,0.998,95.96,16.304,Shift A,oven_inefficiency
2026-09-29 13:00:00,19.89,29.99,68.43,183.5,12.802,7.117,4.27,32.67,3.962,3.028,68.11,1.971,0.942,96.13,15.57,Shift A,oven_inefficiency
2026-09-29 13:15:00,21.84,28.37,69.19,184.7,13.29,7.014,4.666,35.17,4.093,3.227,67.89,2.064,1.039,96.38,16.421,Shift A,oven_inefficiency
2026-09-29 13:30:00,19.92,29.01,67.63,185.08,12.361,7.356,4.165,33.74,3.995,3.257,71.81,2.02,0.966,95.58,15.12,Shift A,oven_inefficiency
2026-09-29 13:45:00,18.69,27.39,66.59,184.34,12.906,6.953,4.368,33.47,3.95,3.026,67.21,2.11,0.945,95.9,15.721,Shift A,oven_inefficiency
2026-09-29 14:00:00,22.33,28.61,67.54,182.38,12.553,7.039,4.527,33.95,3.938,3.057,67.41,2.367,0.986,96.08,15.711,Shift B,oven_inefficiency
2026-09-29 14:15:00,22.51,30.24,70.17,182.67,13.531,6.921,4.526,34.12,4.035,3.126,68.0,2.168,1.074,96.01,16.543,Shift B,oven_inefficiency
2026-09-29 14:30:00,22.36,29.84,69.73,184.65,12.88,7.113,4.545,33.44,3.942,3.185,69.26,2.065,0.966,95.54,15.66,Shift B,oven_inefficiency
2026-09-29 14:45:00,20.39,26.27,67.58,182.55,12.861,7.054,4.321,34.54,4.005,2.963,68.46,1.954,0.953,96.18,15.616,Shift B,oven_inefficiency
2026-09-29 15:00:00,20.78,30.57,70.62,184.21,12.675,6.914,4.501,34.57,4.095,3.137,63.0,2.046,0.955,96.0,15.606,Shift B,oven_inefficiency
2026-09-29 15:15:00,21.97,31.82,70.19,182.69,13.453,6.978,4.526,34.79,4.022,3.133,69.69,2.016,0.865,95.99,16.429,Shift B,oven_inefficiency
2026-09-29 15:30:00,21.51,28.93,68.58,183.16,12.496,7.147,4.603,33.44,4.197,3.011,63.73,1.953,0.963,95.88,15.465,Shift B,oven_inefficiency
2026-09-29 15:45:00,20.49,31.98,70.24,181.54,12.957,7.135,4.62,33.65,4.013,3.062,68.06,2.006,0.997,94.8,15.898,Shift B,oven_inefficiency
2026-09-29 16:00:00,18.9,28.78,70.36,182.23,12.627,6.869,4.349,33.72,4.134,3.132,68.31,1.807,0.952,96.12,15.47,Shift B,oven_inefficiency
2026-09-29 16:15:00,21.15,31.97,69.75,181.88,12.74,6.963,4.371,34.72,4.11,3.185,67.93,2.11,1.029,96.13,15.535,Shift B,oven_inefficiency
2026-09-29 16:30:00,22.4,31.43,72.78,182.92,12.814,7.192,4.408,34.46,4.162,3.092,61.19,2.1,1.008,95.8,15.635,Shift B,oven_inefficiency
2026-09-29 16:45:00,19.44,29.76,67.02,182.73,12.238,6.993,4.57,33.41,4.2,3.15,60.15,1.953,0.958,95.42,15.017,Shift B,oven_inefficiency
2026-09-29 17:00:00,21.83,32.19,66.72,183.05,11.789,7.028,4.698,34.84,3.837,3.092,69.34,2.052,1.006,95.76,14.808,Shift B,oven_inefficiency
2026-09-29 17:15:00,21.43,32.93,70.53,182.06,12.998,7.113,4.592,33.52,4.042,3.317,59.93,1.902,0.975,96.27,15.95,Shift B,oven_inefficiency
2026-09-29 17:30:00,21.98,32.46,70.51,181.59,12.503,6.877,4.526,33.69,4.003,3.164,69.61,1.982,0.95,95.77,15.391,Shift B,oven_inefficiency
2026-09-29 17:45:00,22.13,32.79,70.88,182.69,13.107,6.916,4.626,34.44,4.026,3.292,70.87,2.135,0.959,95.95,16.209,Shift B,oven_inefficiency
2026-09-29 18:00:00,20.1,32.13,68.72,181.47,12.641,6.978,4.562,33.28,3.973,2.997,69.49,2.067,0.822,95.8,15.521,Shift B,oven_inefficiency
2026-09-29 18:15:00,18.9,31.1,67.65,183.58,12.914,7.13,4.26,33.17,3.954,3.178,64.28,1.958,1.007,96.07,15.831,Shift B,oven_inefficiency
2026-09-29 18:30:00,20.31,33.25,69.13,182.41,12.813,7.112,4.422,35.46,3.907,3.241,67.59,2.062,0.934,95.47,15.763,Shift B,oven_inefficiency
2026-09-29 18:45:00,22.16,34.19,67.88,182.22,11.822,7.082,4.397,35.37,4.03,3.194,68.57,2.091,0.914,95.86,14.765,Shift B,oven_inefficiency
2026-09-29 19:00:00,20.3,33.77,71.47,183.05,12.779,6.996,4.402,36.07,4.112,3.153,61.85,1.94,0.925,96.33,15.525,Shift B,oven_inefficiency
2026-09-29 19:15:00,20.1,31.33,67.29,182.56,12.399,7.123,4.591,34.53,3.96,3.135,68.32,2.019,1.029,95.62,15.396,Shift B,oven_inefficiency
2026-09-29 19:30:00,18.63,31.75,67.37,181.03,12.824,6.995,4.447,34.63,3.978,3.234,68.94,2.037,0.927,95.8,15.748,Shift B,oven_inefficiency
2026-09-29 19:45:00,23.28,32.31,71.95,181.7,12.989,7.068,4.613,34.14,3.943,3.046,71.02,2.246,0.992,96.29,15.905,Shift B,oven_inefficiency
2026-09-29 20:00:00,22.07,31.73,66.11,183.89,13.013,7.101,4.201,33.67,3.911,3.224,66.36,1.935,1.069,96.23,15.9,Shift B,oven_inefficiency
2026-09-29 20:15:00,22.0,33.03,67.09,183.01,12.61,7.18,4.441,34.91,3.992,3.216,70.02,2.098,1.006,96.11,15.628,Shift B,oven_inefficiency
2026-09-29 20:30:00,22.26,33.28,66.74,181.34,12.388,7.004,4.548,35.39,4.051,3.167,71.93,2.063,0.953,96.04,15.288,Shift B,oven_inefficiency
2026-09-29 20:45:00,21.75,31.78,66.36,183.47,12.573,6.974,4.479,34.76,4.137,3.151,71.07,1.884,0.876,96.09,15.336,Shift B,oven_inefficiency
2026-09-29 21:00:00,20.68,33.49,64.91,182.67,11.944,7.14,4.445,33.58,3.899,3.191,69.69,1.989,0.98,95.86,14.764,Shift B,oven_inefficiency
2026-09-29 21:15:00,20.79,33.27,64.14,182.48,12.368,7.147,4.476,34.56,4.014,3.356,61.93,2.028,0.916,96.32,15.176,Shift B,oven_inefficiency
2026-09-29 21:30:00,20.44,32.26,63.38,182.33,12.029,6.956,4.363,33.48,4.131,3.216,67.59,2.204,0.978,95.77,14.931,Shift B,oven_inefficiency
2026-09-29 21:45:00,24.43,32.45,61.44,184.61,12.612,6.899,4.665,34.05,3.896,3.071,71.92,1.974,0.991,95.64,15.559,Shift B,oven_inefficiency
2026-09-29 22:00:00,0.72,30.9,62.65,29.47,1.191,3.907,1.126,32.87,4.134,1.356,4.36,0.141,0.12,91.8,2.078,Idle,idle_energy_waste
2026-09-29 22:15:00,0.0,32.06,65.47,28.34,1.337,4.067,1.069,30.66,3.968,1.286,5.15,0.171,0.12,92.04,1.996,Idle,idle_energy_waste
2026-09-29 22:30:00,0.61,32.18,63.25,29.87,1.139,3.922,1.071,33.36,4.084,1.211,5.54,0.129,0.12,92.08,1.863,Idle,idle_energy_waste
2026-09-29 22:45:00,0.0,32.14,60.85,30.31,0.975,3.992,1.085,32.07,3.991,1.284,5.41,0.168,0.12,92.06,1.704,Idle,idle_energy_waste
2026-09-29 23:00:00,1.96,32.13,61.38,29.1,0.9,4.031,1.063,31.24,4.058,1.412,5.66,0.104,0.12,91.87,1.637,Idle,idle_energy_waste
2026-09-29 23:15:00,0.0,31.83,57.37,31.94,1.039,4.018,1.038,31.63,4.172,1.527,4.82,0.185,0.12,92.48,1.697,Idle,idle_energy_waste
2026-09-29 23:30:00,0.65,31.22,58.03,30.79,0.9,3.936,1.19,31.08,3.997,1.5,4.27,0.158,0.12,91.99,1.624,Idle,idle_energy_waste
2026-09-29 23:45:00,1.39,31.45,59.92,28.21,1.128,3.945,1.08,31.14,4.109,1.284,3.53,0.15,0.12,92.45,1.994,Idle,idle_energy_waste
2026-09-30 00:00:00,0.5,31.8,60.47,28.23,0.9,4.014,1.082,31.66,4.039,1.32,4.91,0.161,0.12,92.51,1.714,Idle,idle_energy_waste
2026-09-30 00:15:00,0.12,30.69,55.46,29.02,1.395,4.026,1.084,31.25,3.928,1.306,4.46,0.149,0.12,93.18,2.145,Idle,idle_energy_waste
2026-09-30 00:30:00,0.01,30.78,55.55,31.57,0.952,3.945,1.096,30.78,3.993,1.142,4.88,0.168,0.12,92.18,1.682,Idle,idle_energy_waste
2026-09-30 00:45:00,0.0,30.14,60.43,30.89,1.282,4.02,1.122,31.32,3.984,1.383,2.93,0.142,0.12,92.27,2.095,Idle,idle_energy_waste
2026-09-30 01:00:00,0.0,29.52,55.83,31.62,1.461,3.924,1.077,30.36,3.861,1.48,3.48,0.138,0.12,92.08,2.191,Idle,idle_energy_waste
2026-09-30 01:15:00,0.0,30.2,58.88,30.01,1.265,4.031,1.157,30.51,4.051,1.375,5.51,0.079,0.12,91.89,1.977,Idle,idle_energy_waste
2026-09-30 01:30:00,1.92,29.08,55.27,29.79,1.43,3.956,1.13,30.39,4.066,1.273,3.36,0.205,0.12,92.15,2.125,Idle,idle_energy_waste
2026-09-30 01:45:00,0.0,29.57,55.01,28.75,0.9,4.004,1.09,32.77,4.084,1.315,4.81,0.103,0.12,92.0,1.633,Idle,idle_energy_waste
2026-09-30 02:00:00,0.0,29.02,53.59,30.35,0.978,3.996,1.067,31.69,4.143,1.367,4.17,0.215,0.12,91.89,1.64,Idle,idle_energy_waste
2026-09-30 02:15:00,0.0,28.5,55.81,29.8,1.536,4.058,1.154,31.86,4.093,1.477,4.11,0.14,0.12,92.38,2.268,Idle,idle_energy_waste
2026-09-30 02:30:00,1.43,28.22,56.4,29.77,1.328,4.012,1.092,31.33,3.937,1.382,5.09,0.199,0.12,91.92,2.129,Idle,idle_energy_waste
2026-09-30 02:45:00,0.88,27.81,51.41,31.62,1.797,3.97,1.038,31.66,3.956,1.463,5.03,0.192,0.12,92.54,2.534,Idle,idle_energy_waste
2026-09-30 03:00:00,0.73,26.65,52.6,29.87,1.747,4.018,1.151,32.18,4.074,1.392,5.55,0.188,0.12,92.6,2.382,Idle,idle_energy_waste
2026-09-30 03:15:00,0.0,28.02,55.0,31.33,1.255,4.107,1.064,31.61,4.035,1.424,3.9,0.152,0.12,92.03,1.977,Idle,idle_energy_waste
2026-09-30 03:30:00,0.75,27.65,52.82,28.41,1.062,4.037,1.143,32.62,3.993,1.306,4.12,0.102,0.12,92.75,1.836,Idle,idle_energy_waste
2026-09-30 03:45:00,0.0,27.91,52.03,32.69,0.9,3.997,0.974,31.19,3.908,1.331,6.12,0.143,0.12,92.51,1.614,Idle,idle_energy_waste
2026-09-30 04:00:00,0.0,26.57,55.02,29.63,0.183,3.958,0.582,31.66,3.937,0.874,4.78,0.137,0.12,92.27,0.539,Idle,normal
2026-09-30 04:15:00,1.26,28.29,55.23,30.71,0.207,3.969,0.658,31.93,4.055,1.06,5.37,0.146,0.12,91.7,0.848,Idle,normal
2026-09-30 04:30:00,1.14,26.26,52.18,30.87,0.142,4.034,0.6,30.43,3.794,0.971,4.5,0.101,0.12,91.72,0.633,Idle,normal
2026-09-30 04:45:00,0.0,25.66,53.6,29.5,0.1,3.956,0.63,31.18,3.753,0.64,5.46,0.139,0.12,92.84,0.572,Idle,normal
2026-09-30 05:00:00,0.0,25.38,50.89,30.82,0.491,4.0,0.555,29.6,4.055,1.048,2.51,0.033,0.12,92.78,1.076,Idle,normal
2026-09-30 05:15:00,0.14,24.61,51.69,30.87,0.944,4.072,0.617,30.95,3.929,1.097,6.15,0.138,0.12,92.88,1.49,Idle,normal
2026-09-30 05:30:00,2.24,27.05,53.93,29.29,0.677,4.008,0.6,31.01,4.039,0.919,4.54,0.155,0.12,92.93,1.035,Idle,normal
2026-09-30 05:45:00,0.0,26.77,53.99,29.3,0.237,3.946,0.612,30.95,4.149,1.048,3.75,0.119,0.12,92.76,0.915,Idle,normal
2026-09-30 06:00:00,21.36,26.02,52.27,178.5,11.601,6.984,4.53,33.38,3.887,3.028,69.93,2.054,1.017,96.07,14.306,Shift A,normal
2026-09-30 06:15:00,19.21,24.7,53.08,179.93,11.603,6.935,4.419,33.94,3.816,2.808,64.65,1.965,1.004,96.15,14.351,Shift A,normal
2026-09-30 06:30:00,20.18,26.75,52.73,182.56,12.699,7.019,4.45,33.0,3.963,3.264,64.71,1.87,1.004,95.65,15.675,Shift A,normal
2026-09-30 06:45:00,20.53,24.93,56.14,179.59,11.446,7.162,4.547,35.12,3.915,3.012,67.71,1.862,0.897,96.04,14.194,Shift A,normal
2026-09-30 07:00:00,20.45,24.92,51.7,179.62,11.416,7.114,4.584,34.11,3.981,3.057,63.18,1.991,0.922,96.22,14.228,Shift A,normal
2026-09-30 07:15:00,20.31,26.23,54.04,179.37,11.622,6.974,4.384,32.99,4.043,3.003,71.67,2.136,0.994,96.23,14.459,Shift A,normal
2026-09-30 07:30:00,21.01,25.56,52.8,181.52,12.325,7.054,4.559,34.21,4.019,3.022,67.47,1.979,0.982,95.87,15.171,Shift A,normal
2026-09-30 07:45:00,20.3,26.77,57.84,180.0,11.346,6.89,4.263,34.39,3.996,3.088,64.57,2.016,0.931,95.24,14.076,Shift A,normal
2026-09-30 08:00:00,19.1,25.2,53.89,179.54,11.073,7.073,4.076,33.64,4.091,2.947,63.99,1.891,0.883,95.43,13.696,Shift A,normal
2026-09-30 08:15:00,22.01,24.69,58.08,181.49,12.453,6.917,4.74,32.93,4.05,3.208,67.87,1.952,0.769,96.08,15.432,Shift A,normal
2026-09-30 08:30:00,21.98,24.54,61.83,180.56,12.101,7.069,4.479,35.34,3.964,3.113,70.77,2.021,0.884,95.76,14.908,Shift A,normal
2026-09-30 08:45:00,22.1,23.6,62.45,178.96,11.318,7.297,4.556,34.04,4.042,3.07,65.2,2.103,0.95,96.21,14.252,Shift A,normal
2026-09-30 09:00:00,19.0,24.91,56.06,178.54,10.658,6.943,4.193,32.4,3.829,3.011,63.99,1.882,0.913,95.56,13.31,Shift A,normal
2026-09-30 09:15:00,21.39,26.13,60.84,180.81,12.436,7.292,4.331,33.75,4.095,2.992,67.1,2.013,0.977,96.41,15.35,Shift A,normal
2026-09-30 09:30:00,21.88,25.78,58.85,179.54,11.944,7.049,4.427,33.44,3.989,3.156,72.32,2.01,0.993,95.63,14.891,Shift A,normal
2026-09-30 09:45:00,19.66,25.43,59.03,177.84,10.258,6.925,4.457,33.62,3.866,3.098,68.69,2.003,1.049,96.51,13.127,Shift A,normal
2026-09-30 10:00:00,21.01,24.74,61.77,177.47,11.468,6.92,4.399,32.56,3.941,2.991,71.68,2.096,0.914,95.44,14.344,Shift A,normal
2026-09-30 10:15:00,20.85,25.86,65.05,177.99,11.012,7.236,4.411,33.66,4.091,2.954,66.86,1.77,0.853,96.21,13.856,Shift A,normal
2026-09-30 10:30:00,23.39,26.64,64.37,177.72,11.313,7.049,4.514,33.08,3.914,2.905,73.35,2.021,0.934,95.67,14.052,Shift A,normal
2026-09-30 10:45:00,23.5,26.34,62.33,176.76,11.504,6.943,4.75,33.59,4.03,3.069,72.95,2.078,1.066,95.97,14.386,Shift A,normal
2026-09-30 11:00:00,18.84,26.3,65.74,177.55,11.407,6.98,4.434,33.98,4.077,3.045,67.04,1.972,0.927,96.37,14.256,Shift A,normal
2026-09-30 11:15:00,24.24,25.73,60.41,177.57,11.643,7.043,4.596,33.34,3.989,3.171,72.15,2.155,1.042,96.3,14.505,Shift A,normal
2026-09-30 11:30:00,19.81,27.26,63.94,177.86,11.055,6.999,4.471,33.53,3.907,3.172,64.05,2.039,0.91,95.71,13.804,Shift A,normal
2026-09-30 11:45:00,22.27,24.27,64.33,179.86,11.237,7.035,4.507,34.21,3.975,3.029,73.53,2.006,0.942,95.74,13.955,Shift A,normal
2026-09-30 12:00:00,22.26,27.31,66.66,177.73,10.445,7.177,4.495,33.08,3.852,3.062,67.3,2.139,0.881,95.44,13.326,Shift A,normal
2026-09-30 12:15:00,19.71,29.29,66.59,177.67,11.232,6.887,4.376,33.35,3.952,2.998,67.41,2.163,0.92,95.36,13.908,Shift A,normal
2026-09-30 12:30:00,21.64,26.26,67.2,178.18,11.664,7.064,4.576,32.75,3.878,3.159,69.51,1.993,0.96,95.7,14.528,Shift A,normal
2026-09-30 12:45:00,20.86,27.52,67.58,177.27,10.669,6.993,4.345,33.05,3.989,3.079,62.66,2.016,0.994,95.68,13.228,Shift A,normal
2026-09-30 13:00:00,21.72,27.96,68.41,177.75,11.017,6.95,4.564,33.99,3.869,3.143,67.4,2.099,0.989,95.47,13.976,Shift A,normal
2026-09-30 13:15:00,21.3,27.85,69.85,177.48,10.83,7.107,4.778,34.53,4.004,3.209,67.78,1.966,1.055,95.92,13.847,Shift A,normal
2026-09-30 13:30:00,22.56,29.31,69.44,177.17,10.877,6.854,4.575,33.35,4.115,3.07,67.96,2.096,0.963,95.97,13.761,Shift A,normal
2026-09-30 13:45:00,21.1,29.12,68.91,179.66,11.93,6.763,4.47,34.4,4.12,3.041,66.87,1.978,0.965,95.95,14.863,Shift A,normal
2026-09-30 14:00:00,20.78,29.12,70.6,177.66,11.091,7.022,4.437,33.98,3.876,3.351,71.18,1.864,0.949,95.71,14.03,Shift B,normal
2026-09-30 14:15:00,22.42,29.9,71.72,175.53,10.836,6.986,4.603,32.96,3.937,3.183,65.7,2.119,0.934,95.74,13.707,Shift B,normal
2026-09-30 14:30:00,21.75,29.54,69.2,176.85,11.899,6.865,4.312,33.99,4.087,3.101,63.77,2.108,0.982,95.86,14.679,Shift B,normal
2026-09-30 14:45:00,21.95,32.32,70.4,175.56,10.375,6.829,4.721,35.29,4.084,3.303,66.0,1.83,0.95,96.22,13.371,Shift B,normal
2026-09-30 15:00:00,20.14,30.16,73.02,176.68,11.002,7.193,4.526,32.52,3.943,3.097,68.36,2.019,1.025,95.73,13.949,Shift B,normal
2026-09-30 15:15:00,19.64,30.44,68.62,174.75,10.305,7.046,4.301,35.52,3.957,3.167,68.2,1.973,0.896,95.33,13.092,Shift B,normal
2026-09-30 15:30:00,20.26,29.16,74.53,174.91,10.667,7.002,4.42,33.4,4.009,3.059,68.05,2.185,0.926,95.81,13.399,Shift B,normal
2026-09-30 15:45:00,20.19,30.33,68.3,176.27,10.824,7.22,4.345,32.61,3.822,3.12,68.91,2.157,0.88,95.8,13.749,Shift B,normal
2026-09-30 16:00:00,22.02,31.92,70.31,176.83,11.285,7.102,4.557,34.31,4.064,3.142,68.59,2.204,0.981,95.41,14.236,Shift B,normal
2026-09-30 16:15:00,22.27,30.15,69.08,176.26,10.857,7.177,4.543,34.71,4.113,3.067,66.49,2.119,0.901,95.82,13.735,Shift B,normal
2026-09-30 16:30:00,20.8,29.71,75.3,176.54,10.723,6.882,4.475,33.74,3.964,3.146,63.88,1.982,0.949,95.65,13.359,Shift B,normal
2026-09-30 16:45:00,22.86,31.66,69.82,176.01,10.881,6.878,4.448,34.35,3.869,3.086,64.79,2.226,0.916,95.92,13.818,Shift B,normal
2026-09-30 17:00:00,22.78,32.93,69.69,175.76,10.578,7.062,4.509,35.94,4.157,3.253,67.82,2.114,0.924,96.09,13.499,Shift B,normal
2026-09-30 17:15:00,21.32,32.04,69.78,175.04,11.033,7.041,4.617,34.41,4.034,3.139,69.55,1.888,0.918,95.74,13.855,Shift B,normal
2026-09-30 17:30:00,19.93,31.9,70.51,176.33,10.855,7.125,4.332,36.43,4.083,2.999,66.65,2.009,0.976,96.14,13.592,Shift B,normal
2026-09-30 17:45:00,23.05,30.84,69.41,176.53,11.193,6.837,4.266,34.93,3.875,3.197,68.81,2.056,0.972,95.86,14.05,Shift B,normal
2026-09-30 18:00:00,20.92,32.83,69.53,175.44,10.761,7.07,4.437,34.23,3.884,3.235,63.66,1.995,0.945,95.84,13.676,Shift B,normal
2026-09-30 18:15:00,21.16,33.12,62.42,175.39,10.737,7.099,4.759,34.66,4.058,3.416,74.79,2.115,0.982,95.83,13.749,Shift B,normal
2026-09-30 18:30:00,20.56,31.27,69.25,177.11,11.315,7.094,4.535,33.87,4.112,3.164,64.03,2.064,0.914,95.91,14.254,Shift B,normal
2026-09-30 18:45:00,19.84,33.7,68.8,175.53,11.054,6.959,4.32,34.38,3.906,3.207,66.22,2.023,0.84,95.46,13.784,Shift B,normal
2026-09-30 19:00:00,19.09,33.48,70.44,175.66,11.133,7.052,4.339,34.63,4.008,3.241,68.19,1.879,0.874,95.3,13.889,Shift B,normal
2026-09-30 19:15:00,21.82,33.83,70.55,176.12,11.029,6.922,4.591,34.05,3.861,3.29,67.77,1.936,0.948,96.34,14.0,Shift B,normal
2026-09-30 19:30:00,19.98,33.43,67.1,175.59,11.184,6.971,4.188,32.97,3.948,3.283,63.56,2.057,0.937,96.01,13.993,Shift B,normal
2026-09-30 19:45:00,24.98,33.51,68.63,174.94,10.978,6.896,4.596,35.41,3.992,3.225,72.91,2.272,1.028,95.73,14.12,Shift B,normal
2026-09-30 20:00:00,19.59,33.42,64.3,176.21,10.646,6.924,4.423,35.01,4.067,3.194,61.61,1.99,0.928,96.33,13.527,Shift B,normal
2026-09-30 20:15:00,19.37,33.69,67.52,175.88,11.092,6.976,4.553,33.2,3.808,3.265,70.66,1.849,0.983,96.95,13.886,Shift B,normal
2026-09-30 20:30:00,21.66,31.51,64.3,177.86,11.423,6.951,4.447,34.23,4.142,3.161,68.34,2.014,0.978,95.47,14.172,Shift B,normal
2026-09-30 20:45:00,22.99,31.72,62.52,176.91,10.98,6.924,4.767,35.14,3.994,3.032,67.93,2.118,0.905,95.96,13.973,Shift B,normal
2026-09-30 21:00:00,21.08,32.27,63.96,175.64,10.44,6.87,4.375,34.84,4.143,3.032,62.73,1.959,0.826,96.17,13.164,Shift B,normal
2026-09-30 21:15:00,21.74,32.68,66.56,177.08,10.928,7.196,4.098,33.4,4.085,3.156,64.11,1.996,0.911,95.41,13.767,Shift B,normal
2026-09-30 21:30:00,18.6,33.01,63.54,176.79,10.453,6.95,4.405,34.97,4.101,3.204,64.59,1.908,0.93,95.44,13.247,Shift B,normal
2026-09-30 21:45:00,20.12,32.85,65.58,177.92,11.612,7.033,4.472,34.23,4.217,3.446,71.79,2.168,0.96,96.33,14.618,Shift B,normal
2026-09-30 22:00:00,0.0,33.36,60.5,28.81,0.616,3.999,0.615,32.06,3.939,0.988,5.96,0.193,0.12,92.25,1.13,Idle,normal
2026-09-30 22:15:00,0.0,33.24,63.51,30.52,0.1,3.955,0.607,31.0,4.031,1.005,5.94,0.15,0.12,92.07,0.653,Idle,normal
2026-09-30 22:30:00,0.15,31.48,59.52,30.6,0.1,4.046,0.617,28.19,3.911,0.96,3.85,0.14,0.12,91.74,0.68,Idle,normal
2026-09-30 22:45:00,0.0,32.2,60.69,28.93,0.1,3.951,0.551,30.99,4.003,1.062,5.29,0.221,0.12,92.39,0.652,Idle,normal
2026-09-30 23:00:00,0.0,31.15,60.1,29.07,0.154,3.922,0.615,32.0,4.081,1.028,5.2,0.214,0.12,91.79,0.764,Idle,normal
2026-09-30 23:15:00,0.0,31.49,60.43,30.14,0.292,4.025,0.57,31.41,4.123,0.936,4.93,0.089,0.12,91.95,0.647,Idle,normal
2026-09-30 23:30:00,0.0,31.69,59.06,29.04,0.74,4.061,0.636,32.15,3.973,0.899,4.48,0.198,0.12,91.94,1.299,Idle,normal
2026-09-30 23:45:00,0.52,28.5,56.54,30.18,0.1,3.98,0.484,32.16,3.878,0.96,4.85,0.219,0.12,92.19,0.61,Idle,normal
